dimension,n_points,dataset,pair,direction,support_diff
50,2000,gaussian,Extents vs MVEE,0,0.3188947326758118
50,2000,gaussian,Extents vs MVEE,1,0.0
50,2000,gaussian,Extents vs MVEE,2,0.0
50,2000,gaussian,Extents vs MVEE,3,0.0
50,2000,gaussian,Extents vs MVEE,4,0.024251664531189654
50,2000,gaussian,Extents vs MVEE,5,0.0
50,2000,gaussian,Extents vs MVEE,6,0.0
50,2000,gaussian,Extents vs MVEE,7,0.0849410457307962
50,2000,gaussian,Extents vs MVEE,8,0.0
50,2000,gaussian,Extents vs MVEE,9,0.0
50,2000,gaussian,Extents vs MVEE,10,0.0
50,2000,gaussian,Extents vs MVEE,11,0.0
50,2000,gaussian,Extents vs MVEE,12,0.0
50,2000,gaussian,Extents vs MVEE,13,0.0
50,2000,gaussian,Extents vs MVEE,14,0.0
50,2000,gaussian,Extents vs MVEE,15,0.0
50,2000,gaussian,Extents vs MVEE,16,0.0
50,2000,gaussian,Extents vs MVEE,17,0.0
50,2000,gaussian,Extents vs MVEE,18,0.0
50,2000,gaussian,Extents vs MVEE,19,0.0
50,2000,gaussian,Extents vs MVEE,20,0.0
50,2000,gaussian,Extents vs MVEE,21,0.1583321186321882
50,2000,gaussian,Extents vs MVEE,22,0.0
50,2000,gaussian,Extents vs MVEE,23,0.0
50,2000,gaussian,Extents vs MVEE,24,0.0
50,2000,gaussian,Extents vs MVEE,25,0.0
50,2000,gaussian,Extents vs MVEE,26,0.0
50,2000,gaussian,Extents vs MVEE,27,0.06026139018637
50,2000,gaussian,Extents vs MVEE,28,0.22330046976580364
50,2000,gaussian,Extents vs MVEE,29,0.0
50,2000,gaussian,Extents vs MVEE,30,0.0
50,2000,gaussian,Extents vs MVEE,31,0.0
50,2000,gaussian,Extents vs MVEE,32,0.0
50,2000,gaussian,Extents vs MVEE,33,0.0
50,2000,gaussian,Extents vs MVEE,34,0.0
50,2000,gaussian,Extents vs MVEE,35,0.0
50,2000,gaussian,Extents vs MVEE,36,0.0
50,2000,gaussian,Extents vs MVEE,37,0.0
50,2000,gaussian,Extents vs MVEE,38,0.0
50,2000,gaussian,Extents vs MVEE,39,0.0
50,2000,gaussian,Extents vs MVEE,40,0.0
50,2000,gaussian,Extents vs MVEE,41,0.0
50,2000,gaussian,Extents vs MVEE,42,0.0
50,2000,gaussian,Extents vs MVEE,43,0.0
50,2000,gaussian,Extents vs MVEE,44,0.0
50,2000,gaussian,Extents vs MVEE,45,0.0
50,2000,gaussian,Extents vs MVEE,46,0.0
50,2000,gaussian,Extents vs MVEE,47,0.0
50,2000,gaussian,Extents vs MVEE,48,0.0
50,2000,gaussian,Extents vs MVEE,49,0.0
50,2000,gaussian,Extents vs MVEE,50,0.0
50,2000,gaussian,Extents vs MVEE,51,8.881784197001252e-16
50,2000,gaussian,Extents vs MVEE,52,0.0
50,2000,gaussian,Extents vs MVEE,53,0.0
50,2000,gaussian,Extents vs MVEE,54,0.0
50,2000,gaussian,Extents vs MVEE,55,0.0
50,2000,gaussian,Extents vs MVEE,56,0.0
50,2000,gaussian,Extents vs MVEE,57,0.0
50,2000,gaussian,Extents vs MVEE,58,0.0
50,2000,gaussian,Extents vs MVEE,59,0.0
50,2000,gaussian,Extents vs MVEE,60,0.0
50,2000,gaussian,Extents vs MVEE,61,0.0
50,2000,gaussian,Extents vs MVEE,62,0.11137360533623042
50,2000,gaussian,Extents vs MVEE,63,0.0
50,2000,gaussian,Extents vs MVEE,64,4.440892098500626e-16
50,2000,gaussian,Extents vs MVEE,65,0.14767093545889054
50,2000,gaussian,Extents vs MVEE,66,0.0
50,2000,gaussian,Extents vs MVEE,67,0.0
50,2000,gaussian,Extents vs MVEE,68,0.0
50,2000,gaussian,Extents vs MVEE,69,0.0
50,2000,gaussian,Extents vs MVEE,70,0.0
50,2000,gaussian,Extents vs MVEE,71,0.14308384580910838
50,2000,gaussian,Extents vs MVEE,72,0.0
50,2000,gaussian,Extents vs MVEE,73,0.15905756684218542
50,2000,gaussian,Extents vs MVEE,74,0.45409611448389064
50,2000,gaussian,Extents vs MVEE,75,0.11482485399666276
50,2000,gaussian,Extents vs MVEE,76,0.0
50,2000,gaussian,Extents vs MVEE,77,0.0
50,2000,gaussian,Extents vs MVEE,78,0.0
50,2000,gaussian,Extents vs MVEE,79,0.0
50,2000,gaussian,Extents vs MVEE,80,0.0
50,2000,gaussian,Extents vs MVEE,81,8.881784197001252e-16
50,2000,gaussian,Extents vs MVEE,82,0.0
50,2000,gaussian,Extents vs MVEE,83,0.0
50,2000,gaussian,Extents vs MVEE,84,0.0
50,2000,gaussian,Extents vs MVEE,85,0.0
50,2000,gaussian,Extents vs MVEE,86,0.0
50,2000,gaussian,Extents vs MVEE,87,0.0
50,2000,gaussian,Extents vs MVEE,88,0.0
50,2000,gaussian,Extents vs MVEE,89,0.0
50,2000,gaussian,Extents vs MVEE,90,0.0
50,2000,gaussian,Extents vs MVEE,91,0.0
50,2000,gaussian,Extents vs MVEE,92,0.0
50,2000,gaussian,Extents vs MVEE,93,0.0
50,2000,gaussian,Extents vs MVEE,94,0.0
50,2000,gaussian,Extents vs MVEE,95,0.0
50,2000,gaussian,Extents vs MVEE,96,4.440892098500626e-16
50,2000,gaussian,Extents vs MVEE,97,0.0
50,2000,gaussian,Extents vs MVEE,98,0.0
50,2000,gaussian,Extents vs MVEE,99,0.0
50,2000,gaussian,Extents vs MVEE,100,0.0
50,2000,gaussian,Extents vs MVEE,101,0.4536851698381086
50,2000,gaussian,Extents vs MVEE,102,0.12181035481703484
50,2000,gaussian,Extents vs MVEE,103,0.0
50,2000,gaussian,Extents vs MVEE,104,0.0
50,2000,gaussian,Extents vs MVEE,105,0.0
50,2000,gaussian,Extents vs MVEE,106,0.0
50,2000,gaussian,Extents vs MVEE,107,0.19560663991326477
50,2000,gaussian,Extents vs MVEE,108,0.0
50,2000,gaussian,Extents vs MVEE,109,0.0
50,2000,gaussian,Extents vs MVEE,110,0.13491974345344104
50,2000,gaussian,Extents vs MVEE,111,4.440892098500626e-16
50,2000,gaussian,Extents vs MVEE,112,0.32996273340857263
50,2000,gaussian,Extents vs MVEE,113,0.0
50,2000,gaussian,Extents vs MVEE,114,0.0
50,2000,gaussian,Extents vs MVEE,115,0.11952511932502752
50,2000,gaussian,Extents vs MVEE,116,0.0
50,2000,gaussian,Extents vs MVEE,117,0.0
50,2000,gaussian,Extents vs MVEE,118,0.0
50,2000,gaussian,Extents vs MVEE,119,0.0
50,2000,gaussian,Extents vs MVEE,120,0.0
50,2000,gaussian,Extents vs MVEE,121,0.0
50,2000,gaussian,Extents vs MVEE,122,4.440892098500626e-16
50,2000,gaussian,Extents vs MVEE,123,0.0
50,2000,gaussian,Extents vs MVEE,124,0.22173102588064486
50,2000,gaussian,Extents vs MVEE,125,0.07559014974786793
50,2000,gaussian,Extents vs MVEE,126,0.0
50,2000,gaussian,Extents vs MVEE,127,0.0
50,2000,gaussian,Extents vs MVEE,128,0.0
50,2000,gaussian,Extents vs MVEE,129,0.12457189234681554
50,2000,gaussian,Extents vs MVEE,130,0.0
50,2000,gaussian,Extents vs MVEE,131,0.0
50,2000,gaussian,Extents vs MVEE,132,0.0
50,2000,gaussian,Extents vs MVEE,133,0.0
50,2000,gaussian,Extents vs MVEE,134,0.0
50,2000,gaussian,Extents vs MVEE,135,0.0
50,2000,gaussian,Extents vs MVEE,136,0.0
50,2000,gaussian,Extents vs MVEE,137,0.07901502632246116
50,2000,gaussian,Extents vs MVEE,138,0.13739708426792197
50,2000,gaussian,Extents vs MVEE,139,0.0
50,2000,gaussian,Extents vs MVEE,140,0.0
50,2000,gaussian,Extents vs MVEE,141,6.661338147750939e-16
50,2000,gaussian,Extents vs MVEE,142,0.0
50,2000,gaussian,Extents vs MVEE,143,0.17591651696697364
50,2000,gaussian,Extents vs MVEE,144,0.0
50,2000,gaussian,Extents vs MVEE,145,0.0
50,2000,gaussian,Extents vs MVEE,146,0.0
50,2000,gaussian,Extents vs MVEE,147,0.0
50,2000,gaussian,Extents vs MVEE,148,0.0
50,2000,gaussian,Extents vs MVEE,149,0.0
50,2000,gaussian,Extents vs MVEE,150,0.0
50,2000,gaussian,Extents vs MVEE,151,0.0
50,2000,gaussian,Extents vs MVEE,152,0.0
50,2000,gaussian,Extents vs MVEE,153,0.0
50,2000,gaussian,Extents vs MVEE,154,0.0
50,2000,gaussian,Extents vs MVEE,155,0.2945540519740315
50,2000,gaussian,Extents vs MVEE,156,0.0
50,2000,gaussian,Extents vs MVEE,157,0.0
50,2000,gaussian,Extents vs MVEE,158,0.0
50,2000,gaussian,Extents vs MVEE,159,0.0
50,2000,gaussian,Extents vs MVEE,160,0.10357319717801428
50,2000,gaussian,Extents vs MVEE,161,0.0
50,2000,gaussian,Extents vs MVEE,162,0.12166790307426245
50,2000,gaussian,Extents vs MVEE,163,0.0
50,2000,gaussian,Extents vs MVEE,164,0.0
50,2000,gaussian,Extents vs MVEE,165,0.0
50,2000,gaussian,Extents vs MVEE,166,0.0
50,2000,gaussian,Extents vs MVEE,167,0.0
50,2000,gaussian,Extents vs MVEE,168,0.33422590230770166
50,2000,gaussian,Extents vs MVEE,169,0.016735479329169856
50,2000,gaussian,Extents vs MVEE,170,0.024282465707956113
50,2000,gaussian,Extents vs MVEE,171,0.0
50,2000,gaussian,Extents vs MVEE,172,0.0
50,2000,gaussian,Extents vs MVEE,173,0.0
50,2000,gaussian,Extents vs MVEE,174,0.18108399530980446
50,2000,gaussian,Extents vs MVEE,175,0.0
50,2000,gaussian,Extents vs MVEE,176,0.15300259888019374
50,2000,gaussian,Extents vs MVEE,177,0.01143851330441148
50,2000,gaussian,Extents vs MVEE,178,0.0
50,2000,gaussian,Extents vs MVEE,179,0.0
50,2000,gaussian,Extents vs MVEE,180,0.0
50,2000,gaussian,Extents vs MVEE,181,0.0
50,2000,gaussian,Extents vs MVEE,182,0.0
50,2000,gaussian,Extents vs MVEE,183,0.009505103862276432
50,2000,gaussian,Extents vs MVEE,184,0.0
50,2000,gaussian,Extents vs MVEE,185,0.0
50,2000,gaussian,Extents vs MVEE,186,0.06690522409504629
50,2000,gaussian,Extents vs MVEE,187,0.43337713199733363
50,2000,gaussian,Extents vs MVEE,188,0.0
50,2000,gaussian,Extents vs MVEE,189,0.0
50,2000,gaussian,Extents vs MVEE,190,0.0
50,2000,gaussian,Extents vs MVEE,191,0.0
50,2000,gaussian,Extents vs MVEE,192,0.0
50,2000,gaussian,Extents vs MVEE,193,0.0
50,2000,gaussian,Extents vs MVEE,194,0.0
50,2000,gaussian,Extents vs MVEE,195,0.0
50,2000,gaussian,Extents vs MVEE,196,0.0
50,2000,gaussian,Extents vs MVEE,197,0.0
50,2000,gaussian,Extents vs MVEE,198,0.1292039211541418
50,2000,gaussian,Extents vs MVEE,199,0.0
50,2000,gaussian,Extents vs MVEE,200,0.0
50,2000,gaussian,Extents vs MVEE,201,0.0
50,2000,gaussian,Extents vs MVEE,202,0.15781372113334768
50,2000,gaussian,Extents vs MVEE,203,0.0
50,2000,gaussian,Extents vs MVEE,204,0.42376347021359617
50,2000,gaussian,Extents vs MVEE,205,0.0
50,2000,gaussian,Extents vs MVEE,206,0.06478599853472922
50,2000,gaussian,Extents vs MVEE,207,4.440892098500626e-16
50,2000,gaussian,Extents vs MVEE,208,0.3116370614751498
50,2000,gaussian,Extents vs MVEE,209,0.0
50,2000,gaussian,Extents vs MVEE,210,0.0
50,2000,gaussian,Extents vs MVEE,211,4.440892098500626e-16
50,2000,gaussian,Extents vs MVEE,212,0.0
50,2000,gaussian,Extents vs MVEE,213,0.0
50,2000,gaussian,Extents vs MVEE,214,0.0
50,2000,gaussian,Extents vs MVEE,215,0.0
50,2000,gaussian,Extents vs MVEE,216,0.01229685113854373
50,2000,gaussian,Extents vs MVEE,217,0.38509935091139713
50,2000,gaussian,Extents vs MVEE,218,0.0
50,2000,gaussian,Extents vs MVEE,219,0.0
50,2000,gaussian,Extents vs MVEE,220,0.33468408541103534
50,2000,gaussian,Extents vs MVEE,221,0.0
50,2000,gaussian,Extents vs MVEE,222,0.24021358003477777
50,2000,gaussian,Extents vs MVEE,223,0.4576547135283997
50,2000,gaussian,Extents vs MVEE,224,0.000311762608012911
50,2000,gaussian,Extents vs MVEE,225,0.0
50,2000,gaussian,Extents vs MVEE,226,0.30267146027438696
50,2000,gaussian,Extents vs MVEE,227,0.06062615933425297
50,2000,gaussian,Extents vs MVEE,228,0.0
50,2000,gaussian,Extents vs MVEE,229,0.0
50,2000,gaussian,Extents vs MVEE,230,4.440892098500626e-16
50,2000,gaussian,Extents vs MVEE,231,0.0
50,2000,gaussian,Extents vs MVEE,232,0.0
50,2000,gaussian,Extents vs MVEE,233,0.0
50,2000,gaussian,Extents vs MVEE,234,8.881784197001252e-16
50,2000,gaussian,Extents vs MVEE,235,0.0
50,2000,gaussian,Extents vs MVEE,236,0.0
50,2000,gaussian,Extents vs MVEE,237,0.0
50,2000,gaussian,Extents vs MVEE,238,0.0
50,2000,gaussian,Extents vs MVEE,239,4.440892098500626e-16
50,2000,gaussian,Extents vs MVEE,240,0.0
50,2000,gaussian,Extents vs MVEE,241,0.3093770989007285
50,2000,gaussian,Extents vs MVEE,242,0.0
50,2000,gaussian,Extents vs MVEE,243,0.026788251833850474
50,2000,gaussian,Extents vs MVEE,244,4.440892098500626e-16
50,2000,gaussian,Extents vs MVEE,245,0.0
50,2000,gaussian,Extents vs MVEE,246,0.0
50,2000,gaussian,Extents vs MVEE,247,0.0
50,2000,gaussian,Extents vs MVEE,248,0.0
50,2000,gaussian,Extents vs MVEE,249,0.0
50,2000,gaussian,Extents vs MVEE,250,0.35202037622862825
50,2000,gaussian,Extents vs MVEE,251,0.0
50,2000,gaussian,Extents vs MVEE,252,0.11422423867988285
50,2000,gaussian,Extents vs MVEE,253,0.0
50,2000,gaussian,Extents vs MVEE,254,0.0
50,2000,gaussian,Extents vs MVEE,255,0.0
50,2000,gaussian,Extents vs DeepHull-original,0,0.3037950770628639
50,2000,gaussian,Extents vs DeepHull-original,1,0.0
50,2000,gaussian,Extents vs DeepHull-original,2,0.3651414580804979
50,2000,gaussian,Extents vs DeepHull-original,3,0.5514420863218135
50,2000,gaussian,Extents vs DeepHull-original,4,0.020992288469909415
50,2000,gaussian,Extents vs DeepHull-original,5,0.6935351476659093
50,2000,gaussian,Extents vs DeepHull-original,6,0.3676998157746949
50,2000,gaussian,Extents vs DeepHull-original,7,0.48843753446139626
50,2000,gaussian,Extents vs DeepHull-original,8,1.177962423981954
50,2000,gaussian,Extents vs DeepHull-original,9,0.9868674453600899
50,2000,gaussian,Extents vs DeepHull-original,10,0.26914030743315265
50,2000,gaussian,Extents vs DeepHull-original,11,0.5526446261653741
50,2000,gaussian,Extents vs DeepHull-original,12,0.074627469892945
50,2000,gaussian,Extents vs DeepHull-original,13,1.0694050735593073
50,2000,gaussian,Extents vs DeepHull-original,14,0.9275691875221068
50,2000,gaussian,Extents vs DeepHull-original,15,0.7100375548200943
50,2000,gaussian,Extents vs DeepHull-original,16,0.11523737995497729
50,2000,gaussian,Extents vs DeepHull-original,17,0.736869517687492
50,2000,gaussian,Extents vs DeepHull-original,18,0.12059231451084296
50,2000,gaussian,Extents vs DeepHull-original,19,0.3571752096125187
50,2000,gaussian,Extents vs DeepHull-original,20,0.7075533606202664
50,2000,gaussian,Extents vs DeepHull-original,21,0.1583321186321882
50,2000,gaussian,Extents vs DeepHull-original,22,0.1209488733684454
50,2000,gaussian,Extents vs DeepHull-original,23,0.3647590198345019
50,2000,gaussian,Extents vs DeepHull-original,24,0.6318758950584504
50,2000,gaussian,Extents vs DeepHull-original,25,0.0
50,2000,gaussian,Extents vs DeepHull-original,26,0.2259387699086255
50,2000,gaussian,Extents vs DeepHull-original,27,0.3918040566383567
50,2000,gaussian,Extents vs DeepHull-original,28,0.22330046976580364
50,2000,gaussian,Extents vs DeepHull-original,29,0.9216926620482582
50,2000,gaussian,Extents vs DeepHull-original,30,1.1299772571272995
50,2000,gaussian,Extents vs DeepHull-original,31,0.0
50,2000,gaussian,Extents vs DeepHull-original,32,0.33639200803445446
50,2000,gaussian,Extents vs DeepHull-original,33,0.7620405352220176
50,2000,gaussian,Extents vs DeepHull-original,34,0.0
50,2000,gaussian,Extents vs DeepHull-original,35,0.7613210738420575
50,2000,gaussian,Extents vs DeepHull-original,36,0.5704327110153773
50,2000,gaussian,Extents vs DeepHull-original,37,0.1801442550515917
50,2000,gaussian,Extents vs DeepHull-original,38,0.25111762447667774
50,2000,gaussian,Extents vs DeepHull-original,39,0.4335348931654397
50,2000,gaussian,Extents vs DeepHull-original,40,0.6675871439897234
50,2000,gaussian,Extents vs DeepHull-original,41,0.03224366722371119
50,2000,gaussian,Extents vs DeepHull-original,42,0.4385014605730233
50,2000,gaussian,Extents vs DeepHull-original,43,0.2135940941446255
50,2000,gaussian,Extents vs DeepHull-original,44,0.21242232900659408
50,2000,gaussian,Extents vs DeepHull-original,45,0.0
50,2000,gaussian,Extents vs DeepHull-original,46,0.0
50,2000,gaussian,Extents vs DeepHull-original,47,0.4459284454753547
50,2000,gaussian,Extents vs DeepHull-original,48,0.18471709760842447
50,2000,gaussian,Extents vs DeepHull-original,49,0.15811808177940812
50,2000,gaussian,Extents vs DeepHull-original,50,0.6247114193554699
50,2000,gaussian,Extents vs DeepHull-original,51,0.4155704367166775
50,2000,gaussian,Extents vs DeepHull-original,52,0.20105720737207822
50,2000,gaussian,Extents vs DeepHull-original,53,0.4727686250903198
50,2000,gaussian,Extents vs DeepHull-original,54,0.1186692524722801
50,2000,gaussian,Extents vs DeepHull-original,55,8.881784197001252e-16
50,2000,gaussian,Extents vs DeepHull-original,56,0.08195325926250607
50,2000,gaussian,Extents vs DeepHull-original,57,0.4325419956854786
50,2000,gaussian,Extents vs DeepHull-original,58,0.5681754321849541
50,2000,gaussian,Extents vs DeepHull-original,59,0.9149223125692587
50,2000,gaussian,Extents vs DeepHull-original,60,0.35398779531374247
50,2000,gaussian,Extents vs DeepHull-original,61,0.4971236955065741
50,2000,gaussian,Extents vs DeepHull-original,62,0.5556003877635092
50,2000,gaussian,Extents vs DeepHull-original,63,0.37810088685786836
50,2000,gaussian,Extents vs DeepHull-original,64,0.4712137048492089
50,2000,gaussian,Extents vs DeepHull-original,65,0.2636629319159176
50,2000,gaussian,Extents vs DeepHull-original,66,0.0
50,2000,gaussian,Extents vs DeepHull-original,67,0.0
50,2000,gaussian,Extents vs DeepHull-original,68,0.5371661431182342
50,2000,gaussian,Extents vs DeepHull-original,69,0.724910883012529
50,2000,gaussian,Extents vs DeepHull-original,70,0.0
50,2000,gaussian,Extents vs DeepHull-original,71,0.6866872156915
50,2000,gaussian,Extents vs DeepHull-original,72,0.5892535091185955
50,2000,gaussian,Extents vs DeepHull-original,73,0.1709356272766389
50,2000,gaussian,Extents vs DeepHull-original,74,0.41195100828085573
50,2000,gaussian,Extents vs DeepHull-original,75,0.0
50,2000,gaussian,Extents vs DeepHull-original,76,0.0
50,2000,gaussian,Extents vs DeepHull-original,77,0.0
50,2000,gaussian,Extents vs DeepHull-original,78,0.39409126857184207
50,2000,gaussian,Extents vs DeepHull-original,79,0.4283764758128312
50,2000,gaussian,Extents vs DeepHull-original,80,0.22303127159417224
50,2000,gaussian,Extents vs DeepHull-original,81,8.881784197001252e-16
50,2000,gaussian,Extents vs DeepHull-original,82,0.0
50,2000,gaussian,Extents vs DeepHull-original,83,0.16547206489658484
50,2000,gaussian,Extents vs DeepHull-original,84,0.6556335592636613
50,2000,gaussian,Extents vs DeepHull-original,85,0.9054706834543034
50,2000,gaussian,Extents vs DeepHull-original,86,0.16262374440246763
50,2000,gaussian,Extents vs DeepHull-original,87,0.0
50,2000,gaussian,Extents vs DeepHull-original,88,0.32057129119965144
50,2000,gaussian,Extents vs DeepHull-original,89,0.6687920499952651
50,2000,gaussian,Extents vs DeepHull-original,90,0.3069834787525769
50,2000,gaussian,Extents vs DeepHull-original,91,0.2884054617953238
50,2000,gaussian,Extents vs DeepHull-original,92,0.22223140344937686
50,2000,gaussian,Extents vs DeepHull-original,93,0.8426821090486425
50,2000,gaussian,Extents vs DeepHull-original,94,0.6328753458315328
50,2000,gaussian,Extents vs DeepHull-original,95,0.40107299742431035
50,2000,gaussian,Extents vs DeepHull-original,96,0.9931093239614199
50,2000,gaussian,Extents vs DeepHull-original,97,0.5173375863079219
50,2000,gaussian,Extents vs DeepHull-original,98,0.10865122345621492
50,2000,gaussian,Extents vs DeepHull-original,99,0.7944623759221163
50,2000,gaussian,Extents vs DeepHull-original,100,0.7362284332953752
50,2000,gaussian,Extents vs DeepHull-original,101,0.06333888416353872
50,2000,gaussian,Extents vs DeepHull-original,102,0.9284102212727097
50,2000,gaussian,Extents vs DeepHull-original,103,1.2410287660777641
50,2000,gaussian,Extents vs DeepHull-original,104,0.4917669742071493
50,2000,gaussian,Extents vs DeepHull-original,105,0.0
50,2000,gaussian,Extents vs DeepHull-original,106,0.38302306593593105
50,2000,gaussian,Extents vs DeepHull-original,107,0.24332013094430982
50,2000,gaussian,Extents vs DeepHull-original,108,0.5603657342371704
50,2000,gaussian,Extents vs DeepHull-original,109,1.0716738435688198
50,2000,gaussian,Extents vs DeepHull-original,110,0.14609689010706628
50,2000,gaussian,Extents vs DeepHull-original,111,1.2652907729506124
50,2000,gaussian,Extents vs DeepHull-original,112,1.1747239096065085
50,2000,gaussian,Extents vs DeepHull-original,113,0.37302898569779996
50,2000,gaussian,Extents vs DeepHull-original,114,0.31459507218346583
50,2000,gaussian,Extents vs DeepHull-original,115,0.1793967481822365
50,2000,gaussian,Extents vs DeepHull-original,116,0.1623842569908054
50,2000,gaussian,Extents vs DeepHull-original,117,0.6767704269170807
50,2000,gaussian,Extents vs DeepHull-original,118,0.24475690591179733
50,2000,gaussian,Extents vs DeepHull-original,119,0.01994692659060071
50,2000,gaussian,Extents vs DeepHull-original,120,0.1364152768594078
50,2000,gaussian,Extents vs DeepHull-original,121,0.0
50,2000,gaussian,Extents vs DeepHull-original,122,1.1391874936315667
50,2000,gaussian,Extents vs DeepHull-original,123,0.0
50,2000,gaussian,Extents vs DeepHull-original,124,0.19495844112823124
50,2000,gaussian,Extents vs DeepHull-original,125,0.0
50,2000,gaussian,Extents vs DeepHull-original,126,0.6664170976720942
50,2000,gaussian,Extents vs DeepHull-original,127,0.2510613936282342
50,2000,gaussian,Extents vs DeepHull-original,128,0.43660683140124235
50,2000,gaussian,Extents vs DeepHull-original,129,0.2059764047972501
50,2000,gaussian,Extents vs DeepHull-original,130,0.08274150362424937
50,2000,gaussian,Extents vs DeepHull-original,131,0.7806730734537697
50,2000,gaussian,Extents vs DeepHull-original,132,0.7185606945242666
50,2000,gaussian,Extents vs DeepHull-original,133,0.4726559549945133
50,2000,gaussian,Extents vs DeepHull-original,134,0.5681469984862553
50,2000,gaussian,Extents vs DeepHull-original,135,0.49434748866720324
50,2000,gaussian,Extents vs DeepHull-original,136,0.04290181385096181
50,2000,gaussian,Extents vs DeepHull-original,137,0.21736233596159504
50,2000,gaussian,Extents vs DeepHull-original,138,0.21826013750738893
50,2000,gaussian,Extents vs DeepHull-original,139,0.37577944197302804
50,2000,gaussian,Extents vs DeepHull-original,140,0.0
50,2000,gaussian,Extents vs DeepHull-original,141,0.060829344907726846
50,2000,gaussian,Extents vs DeepHull-original,142,0.0
50,2000,gaussian,Extents vs DeepHull-original,143,1.1248854939823205
50,2000,gaussian,Extents vs DeepHull-original,144,0.7385082520030493
50,2000,gaussian,Extents vs DeepHull-original,145,0.3529074764455764
50,2000,gaussian,Extents vs DeepHull-original,146,0.45714082705028125
50,2000,gaussian,Extents vs DeepHull-original,147,0.7858822911771133
50,2000,gaussian,Extents vs DeepHull-original,148,0.09674200684422374
50,2000,gaussian,Extents vs DeepHull-original,149,0.35933108794282287
50,2000,gaussian,Extents vs DeepHull-original,150,0.15515294720607486
50,2000,gaussian,Extents vs DeepHull-original,151,0.017379181488258677
50,2000,gaussian,Extents vs DeepHull-original,152,0.3882703662632814
50,2000,gaussian,Extents vs DeepHull-original,153,0.4026292267332843
50,2000,gaussian,Extents vs DeepHull-original,154,0.790439271675546
50,2000,gaussian,Extents vs DeepHull-original,155,0.2945540519740315
50,2000,gaussian,Extents vs DeepHull-original,156,0.0
50,2000,gaussian,Extents vs DeepHull-original,157,0.6243397465098597
50,2000,gaussian,Extents vs DeepHull-original,158,1.0750218734890784
50,2000,gaussian,Extents vs DeepHull-original,159,0.0
50,2000,gaussian,Extents vs DeepHull-original,160,0.36789380174743114
50,2000,gaussian,Extents vs DeepHull-original,161,1.0782330380944032
50,2000,gaussian,Extents vs DeepHull-original,162,0.5161835748139427
50,2000,gaussian,Extents vs DeepHull-original,163,0.5754994791922732
50,2000,gaussian,Extents vs DeepHull-original,164,0.3049278978398533
50,2000,gaussian,Extents vs DeepHull-original,165,0.8268278797246911
50,2000,gaussian,Extents vs DeepHull-original,166,0.32801998612971905
50,2000,gaussian,Extents vs DeepHull-original,167,0.3115977969085153
50,2000,gaussian,Extents vs DeepHull-original,168,0.31847178567799816
50,2000,gaussian,Extents vs DeepHull-original,169,0.3706639708550583
50,2000,gaussian,Extents vs DeepHull-original,170,0.0
50,2000,gaussian,Extents vs DeepHull-original,171,0.5844926380450803
50,2000,gaussian,Extents vs DeepHull-original,172,0.0
50,2000,gaussian,Extents vs DeepHull-original,173,0.2144506114619955
50,2000,gaussian,Extents vs DeepHull-original,174,0.18108399530980446
50,2000,gaussian,Extents vs DeepHull-original,175,0.1086283613215171
50,2000,gaussian,Extents vs DeepHull-original,176,0.0
50,2000,gaussian,Extents vs DeepHull-original,177,0.3149523133586716
50,2000,gaussian,Extents vs DeepHull-original,178,0.0
50,2000,gaussian,Extents vs DeepHull-original,179,0.0
50,2000,gaussian,Extents vs DeepHull-original,180,0.1197725801427394
50,2000,gaussian,Extents vs DeepHull-original,181,0.5572749123860894
50,2000,gaussian,Extents vs DeepHull-original,182,0.5070813215367216
50,2000,gaussian,Extents vs DeepHull-original,183,0.41921653868664355
50,2000,gaussian,Extents vs DeepHull-original,184,0.939775929934219
50,2000,gaussian,Extents vs DeepHull-original,185,0.0
50,2000,gaussian,Extents vs DeepHull-original,186,0.4482675170592054
50,2000,gaussian,Extents vs DeepHull-original,187,0.13741542337403678
50,2000,gaussian,Extents vs DeepHull-original,188,0.3255212779518848
50,2000,gaussian,Extents vs DeepHull-original,189,0.0
50,2000,gaussian,Extents vs DeepHull-original,190,0.5168691604724298
50,2000,gaussian,Extents vs DeepHull-original,191,0.3773237993062528
50,2000,gaussian,Extents vs DeepHull-original,192,0.6210172503087348
50,2000,gaussian,Extents vs DeepHull-original,193,0.8582360375360261
50,2000,gaussian,Extents vs DeepHull-original,194,0.1377156149633163
50,2000,gaussian,Extents vs DeepHull-original,195,0.8084589860176337
50,2000,gaussian,Extents vs DeepHull-original,196,0.1052085534595486
50,2000,gaussian,Extents vs DeepHull-original,197,0.7259272950294962
50,2000,gaussian,Extents vs DeepHull-original,198,0.1292039211541418
50,2000,gaussian,Extents vs DeepHull-original,199,0.02197036261886076
50,2000,gaussian,Extents vs DeepHull-original,200,1.1472842620294006
50,2000,gaussian,Extents vs DeepHull-original,201,0.24536502626192225
50,2000,gaussian,Extents vs DeepHull-original,202,0.15781372113334768
50,2000,gaussian,Extents vs DeepHull-original,203,0.29057362140963994
50,2000,gaussian,Extents vs DeepHull-original,204,0.41834224196237857
50,2000,gaussian,Extents vs DeepHull-original,205,0.0
50,2000,gaussian,Extents vs DeepHull-original,206,0.06478599853472922
50,2000,gaussian,Extents vs DeepHull-original,207,0.6061489649211631
50,2000,gaussian,Extents vs DeepHull-original,208,0.29433605878531255
50,2000,gaussian,Extents vs DeepHull-original,209,0.7602421788072244
50,2000,gaussian,Extents vs DeepHull-original,210,0.0
50,2000,gaussian,Extents vs DeepHull-original,211,1.1129406713433563
50,2000,gaussian,Extents vs DeepHull-original,212,0.3655504989153071
50,2000,gaussian,Extents vs DeepHull-original,213,0.07115672248705174
50,2000,gaussian,Extents vs DeepHull-original,214,0.713295338201301
50,2000,gaussian,Extents vs DeepHull-original,215,0.4806336142110319
50,2000,gaussian,Extents vs DeepHull-original,216,0.01229685113854373
50,2000,gaussian,Extents vs DeepHull-original,217,0.13874275710695594
50,2000,gaussian,Extents vs DeepHull-original,218,0.0026151859389993426
50,2000,gaussian,Extents vs DeepHull-original,219,0.4439922991579268
50,2000,gaussian,Extents vs DeepHull-original,220,0.16575203150214546
50,2000,gaussian,Extents vs DeepHull-original,221,0.5454157348851667
50,2000,gaussian,Extents vs DeepHull-original,222,0.7880895946988524
50,2000,gaussian,Extents vs DeepHull-original,223,0.24482700275418523
50,2000,gaussian,Extents vs DeepHull-original,224,0.24779873946087827
50,2000,gaussian,Extents vs DeepHull-original,225,0.34986017934754177
50,2000,gaussian,Extents vs DeepHull-original,226,0.23722193702036543
50,2000,gaussian,Extents vs DeepHull-original,227,0.2997188114278877
50,2000,gaussian,Extents vs DeepHull-original,228,0.7218742086936785
50,2000,gaussian,Extents vs DeepHull-original,229,0.0
50,2000,gaussian,Extents vs DeepHull-original,230,0.22393635564412495
50,2000,gaussian,Extents vs DeepHull-original,231,0.2070542417210035
50,2000,gaussian,Extents vs DeepHull-original,232,0.43446821981293304
50,2000,gaussian,Extents vs DeepHull-original,233,0.19566830866327845
50,2000,gaussian,Extents vs DeepHull-original,234,0.5335572523156646
50,2000,gaussian,Extents vs DeepHull-original,235,0.9807254673573511
50,2000,gaussian,Extents vs DeepHull-original,236,0.0
50,2000,gaussian,Extents vs DeepHull-original,237,0.0
50,2000,gaussian,Extents vs DeepHull-original,238,0.47723449630076065
50,2000,gaussian,Extents vs DeepHull-original,239,0.35211361919298545
50,2000,gaussian,Extents vs DeepHull-original,240,0.9287162648482883
50,2000,gaussian,Extents vs DeepHull-original,241,0.3784301537607908
50,2000,gaussian,Extents vs DeepHull-original,242,0.8635427614056796
50,2000,gaussian,Extents vs DeepHull-original,243,0.132439848596694
50,2000,gaussian,Extents vs DeepHull-original,244,0.03787451764373939
50,2000,gaussian,Extents vs DeepHull-original,245,0.0
50,2000,gaussian,Extents vs DeepHull-original,246,0.6535851744907466
50,2000,gaussian,Extents vs DeepHull-original,247,0.9847493499139801
50,2000,gaussian,Extents vs DeepHull-original,248,1.4155439427146437
50,2000,gaussian,Extents vs DeepHull-original,249,0.271352759277784
50,2000,gaussian,Extents vs DeepHull-original,250,0.014065881493703358
50,2000,gaussian,Extents vs DeepHull-original,251,0.7007939820975349
50,2000,gaussian,Extents vs DeepHull-original,252,0.0
50,2000,gaussian,Extents vs DeepHull-original,253,0.22787996758320306
50,2000,gaussian,Extents vs DeepHull-original,254,0.44157251253721164
50,2000,gaussian,Extents vs DeepHull-original,255,0.29780309622680856
50,2000,gaussian,Extents vs DeepHull-convex,0,0.3037950770628639
50,2000,gaussian,Extents vs DeepHull-convex,1,1.0359808004998743
50,2000,gaussian,Extents vs DeepHull-convex,2,0.3651414580804979
50,2000,gaussian,Extents vs DeepHull-convex,3,0.30772236668071073
50,2000,gaussian,Extents vs DeepHull-convex,4,0.024251664531189654
50,2000,gaussian,Extents vs DeepHull-convex,5,0.08353068401973429
50,2000,gaussian,Extents vs DeepHull-convex,6,0.12899971829331802
50,2000,gaussian,Extents vs DeepHull-convex,7,0.5004649775242855
50,2000,gaussian,Extents vs DeepHull-convex,8,0.0
50,2000,gaussian,Extents vs DeepHull-convex,9,0.0
50,2000,gaussian,Extents vs DeepHull-convex,10,0.5739294022966723
50,2000,gaussian,Extents vs DeepHull-convex,11,0.7059948635992743
50,2000,gaussian,Extents vs DeepHull-convex,12,0.0
50,2000,gaussian,Extents vs DeepHull-convex,13,0.43988584574292755
50,2000,gaussian,Extents vs DeepHull-convex,14,0.5466707125935248
50,2000,gaussian,Extents vs DeepHull-convex,15,0.0
50,2000,gaussian,Extents vs DeepHull-convex,16,0.11523737995497729
50,2000,gaussian,Extents vs DeepHull-convex,17,0.49347018897547423
50,2000,gaussian,Extents vs DeepHull-convex,18,0.2714497690644935
50,2000,gaussian,Extents vs DeepHull-convex,19,0.39674405107651123
50,2000,gaussian,Extents vs DeepHull-convex,20,0.6176929929737489
50,2000,gaussian,Extents vs DeepHull-convex,21,0.0
50,2000,gaussian,Extents vs DeepHull-convex,22,0.5370718019377199
50,2000,gaussian,Extents vs DeepHull-convex,23,0.3121488411591975
50,2000,gaussian,Extents vs DeepHull-convex,24,0.8070179933362169
50,2000,gaussian,Extents vs DeepHull-convex,25,0.7108991207293713
50,2000,gaussian,Extents vs DeepHull-convex,26,0.0
50,2000,gaussian,Extents vs DeepHull-convex,27,0.6977834390133606
50,2000,gaussian,Extents vs DeepHull-convex,28,0.6144384878911144
50,2000,gaussian,Extents vs DeepHull-convex,29,0.34068517928718833
50,2000,gaussian,Extents vs DeepHull-convex,30,0.5143603030635715
50,2000,gaussian,Extents vs DeepHull-convex,31,1.1318356980008972
50,2000,gaussian,Extents vs DeepHull-convex,32,0.33639200803445446
50,2000,gaussian,Extents vs DeepHull-convex,33,0.6691868889999866
50,2000,gaussian,Extents vs DeepHull-convex,34,0.6786314001966769
50,2000,gaussian,Extents vs DeepHull-convex,35,0.0
50,2000,gaussian,Extents vs DeepHull-convex,36,0.0
50,2000,gaussian,Extents vs DeepHull-convex,37,0.10874243095280045
50,2000,gaussian,Extents vs DeepHull-convex,38,0.07778863865680274
50,2000,gaussian,Extents vs DeepHull-convex,39,0.12294737979343928
50,2000,gaussian,Extents vs DeepHull-convex,40,0.861572189672791
50,2000,gaussian,Extents vs DeepHull-convex,41,0.0
50,2000,gaussian,Extents vs DeepHull-convex,42,0.49183956713918153
50,2000,gaussian,Extents vs DeepHull-convex,43,0.6297359008285441
50,2000,gaussian,Extents vs DeepHull-convex,44,0.635920417320835
50,2000,gaussian,Extents vs DeepHull-convex,45,0.0
50,2000,gaussian,Extents vs DeepHull-convex,46,0.20336119258781649
50,2000,gaussian,Extents vs DeepHull-convex,47,0.6210874560762969
50,2000,gaussian,Extents vs DeepHull-convex,48,0.02129776468329414
50,2000,gaussian,Extents vs DeepHull-convex,49,0.46134144047752046
50,2000,gaussian,Extents vs DeepHull-convex,50,0.029599027466678418
50,2000,gaussian,Extents vs DeepHull-convex,51,0.8242199396098608
50,2000,gaussian,Extents vs DeepHull-convex,52,0.17260065106232503
50,2000,gaussian,Extents vs DeepHull-convex,53,0.0
50,2000,gaussian,Extents vs DeepHull-convex,54,0.3529942505213106
50,2000,gaussian,Extents vs DeepHull-convex,55,0.0
50,2000,gaussian,Extents vs DeepHull-convex,56,0.08195325926250607
50,2000,gaussian,Extents vs DeepHull-convex,57,0.5005696439204819
50,2000,gaussian,Extents vs DeepHull-convex,58,0.12789604946305233
50,2000,gaussian,Extents vs DeepHull-convex,59,0.0
50,2000,gaussian,Extents vs DeepHull-convex,60,0.35398779531374247
50,2000,gaussian,Extents vs DeepHull-convex,61,0.5389184466127475
50,2000,gaussian,Extents vs DeepHull-convex,62,0.6767862484866811
50,2000,gaussian,Extents vs DeepHull-convex,63,0.14236966769145143
50,2000,gaussian,Extents vs DeepHull-convex,64,0.45128499378274567
50,2000,gaussian,Extents vs DeepHull-convex,65,0.2636629319159176
50,2000,gaussian,Extents vs DeepHull-convex,66,0.35866959547943744
50,2000,gaussian,Extents vs DeepHull-convex,67,0.7080250287195076
50,2000,gaussian,Extents vs DeepHull-convex,68,0.7824575361754587
50,2000,gaussian,Extents vs DeepHull-convex,69,0.02072995475319006
50,2000,gaussian,Extents vs DeepHull-convex,70,0.5609146014591788
50,2000,gaussian,Extents vs DeepHull-convex,71,0.21942085787593024
50,2000,gaussian,Extents vs DeepHull-convex,72,0.772791258240165
50,2000,gaussian,Extents vs DeepHull-convex,73,0.0
50,2000,gaussian,Extents vs DeepHull-convex,74,0.45409611448389064
50,2000,gaussian,Extents vs DeepHull-convex,75,0.11482485399666276
50,2000,gaussian,Extents vs DeepHull-convex,76,0.0
50,2000,gaussian,Extents vs DeepHull-convex,77,0.0
50,2000,gaussian,Extents vs DeepHull-convex,78,0.5406668603162643
50,2000,gaussian,Extents vs DeepHull-convex,79,0.7757758324673123
50,2000,gaussian,Extents vs DeepHull-convex,80,0.0
50,2000,gaussian,Extents vs DeepHull-convex,81,0.4303475610571199
50,2000,gaussian,Extents vs DeepHull-convex,82,0.0
50,2000,gaussian,Extents vs DeepHull-convex,83,0.18516057304504008
50,2000,gaussian,Extents vs DeepHull-convex,84,0.012161807689105686
50,2000,gaussian,Extents vs DeepHull-convex,85,0.3528791744830708
50,2000,gaussian,Extents vs DeepHull-convex,86,0.11413234822435814
50,2000,gaussian,Extents vs DeepHull-convex,87,0.9477655899033737
50,2000,gaussian,Extents vs DeepHull-convex,88,0.0
50,2000,gaussian,Extents vs DeepHull-convex,89,0.0
50,2000,gaussian,Extents vs DeepHull-convex,90,0.16598206629543855
50,2000,gaussian,Extents vs DeepHull-convex,91,0.0
50,2000,gaussian,Extents vs DeepHull-convex,92,0.0
50,2000,gaussian,Extents vs DeepHull-convex,93,0.0
50,2000,gaussian,Extents vs DeepHull-convex,94,0.6033862164951982
50,2000,gaussian,Extents vs DeepHull-convex,95,0.5253204066326609
50,2000,gaussian,Extents vs DeepHull-convex,96,0.5034110744982838
50,2000,gaussian,Extents vs DeepHull-convex,97,0.44352720947470115
50,2000,gaussian,Extents vs DeepHull-convex,98,0.10865122345621492
50,2000,gaussian,Extents vs DeepHull-convex,99,0.4681499596779477
50,2000,gaussian,Extents vs DeepHull-convex,100,0.5237814606856479
50,2000,gaussian,Extents vs DeepHull-convex,101,0.06333888416353872
50,2000,gaussian,Extents vs DeepHull-convex,102,0.0
50,2000,gaussian,Extents vs DeepHull-convex,103,0.4857572743243068
50,2000,gaussian,Extents vs DeepHull-convex,104,0.6314673824259884
50,2000,gaussian,Extents vs DeepHull-convex,105,0.0
50,2000,gaussian,Extents vs DeepHull-convex,106,0.38302306593593105
50,2000,gaussian,Extents vs DeepHull-convex,107,0.24332013094430982
50,2000,gaussian,Extents vs DeepHull-convex,108,0.16898432346725434
50,2000,gaussian,Extents vs DeepHull-convex,109,0.8215469817822667
50,2000,gaussian,Extents vs DeepHull-convex,110,0.060925142597964665
50,2000,gaussian,Extents vs DeepHull-convex,111,4.440892098500626e-16
50,2000,gaussian,Extents vs DeepHull-convex,112,0.23629214624183037
50,2000,gaussian,Extents vs DeepHull-convex,113,0.0
50,2000,gaussian,Extents vs DeepHull-convex,114,0.24371405140221558
50,2000,gaussian,Extents vs DeepHull-convex,115,0.1675934849541214
50,2000,gaussian,Extents vs DeepHull-convex,116,0.5559257133656355
50,2000,gaussian,Extents vs DeepHull-convex,117,0.8179412812924225
50,2000,gaussian,Extents vs DeepHull-convex,118,0.0
50,2000,gaussian,Extents vs DeepHull-convex,119,0.20403629882457297
50,2000,gaussian,Extents vs DeepHull-convex,120,0.0
50,2000,gaussian,Extents vs DeepHull-convex,121,0.5821066890629114
50,2000,gaussian,Extents vs DeepHull-convex,122,4.440892098500626e-16
50,2000,gaussian,Extents vs DeepHull-convex,123,0.0
50,2000,gaussian,Extents vs DeepHull-convex,124,0.0
50,2000,gaussian,Extents vs DeepHull-convex,125,0.4696725349516848
50,2000,gaussian,Extents vs DeepHull-convex,126,0.13729169426796206
50,2000,gaussian,Extents vs DeepHull-convex,127,0.08334697731077712
50,2000,gaussian,Extents vs DeepHull-convex,128,0.7294788428621153
50,2000,gaussian,Extents vs DeepHull-convex,129,0.12457189234681554
50,2000,gaussian,Extents vs DeepHull-convex,130,0.0
50,2000,gaussian,Extents vs DeepHull-convex,131,0.7806730734537697
50,2000,gaussian,Extents vs DeepHull-convex,132,0.0
50,2000,gaussian,Extents vs DeepHull-convex,133,0.0
50,2000,gaussian,Extents vs DeepHull-convex,134,0.0
50,2000,gaussian,Extents vs DeepHull-convex,135,0.23044599826469447
50,2000,gaussian,Extents vs DeepHull-convex,136,0.04290181385096181
50,2000,gaussian,Extents vs DeepHull-convex,137,0.17720908405906144
50,2000,gaussian,Extents vs DeepHull-convex,138,0.1950050816092621
50,2000,gaussian,Extents vs DeepHull-convex,139,0.0
50,2000,gaussian,Extents vs DeepHull-convex,140,0.19408364852582416
50,2000,gaussian,Extents vs DeepHull-convex,141,0.0
50,2000,gaussian,Extents vs DeepHull-convex,142,0.07905227760755862
50,2000,gaussian,Extents vs DeepHull-convex,143,0.5211863183264116
50,2000,gaussian,Extents vs DeepHull-convex,144,0.8050962193107478
50,2000,gaussian,Extents vs DeepHull-convex,145,0.3529074764455764
50,2000,gaussian,Extents vs DeepHull-convex,146,0.27533251670410497
50,2000,gaussian,Extents vs DeepHull-convex,147,0.18205243251431735
50,2000,gaussian,Extents vs DeepHull-convex,148,0.2942529211653575
50,2000,gaussian,Extents vs DeepHull-convex,149,0.35933108794282287
50,2000,gaussian,Extents vs DeepHull-convex,150,0.07186223106505496
50,2000,gaussian,Extents vs DeepHull-convex,151,0.0
50,2000,gaussian,Extents vs DeepHull-convex,152,0.0
50,2000,gaussian,Extents vs DeepHull-convex,153,0.9366785857158308
50,2000,gaussian,Extents vs DeepHull-convex,154,0.480503957172858
50,2000,gaussian,Extents vs DeepHull-convex,155,0.14971467350204914
50,2000,gaussian,Extents vs DeepHull-convex,156,0.23082349650342548
50,2000,gaussian,Extents vs DeepHull-convex,157,0.6597840761803262
50,2000,gaussian,Extents vs DeepHull-convex,158,0.0
50,2000,gaussian,Extents vs DeepHull-convex,159,0.17748386388973314
50,2000,gaussian,Extents vs DeepHull-convex,160,0.0
50,2000,gaussian,Extents vs DeepHull-convex,161,1.1317460297240296
50,2000,gaussian,Extents vs DeepHull-convex,162,0.07824414455841522
50,2000,gaussian,Extents vs DeepHull-convex,163,0.3136717113363634
50,2000,gaussian,Extents vs DeepHull-convex,164,0.0
50,2000,gaussian,Extents vs DeepHull-convex,165,0.0
50,2000,gaussian,Extents vs DeepHull-convex,166,0.5901876253513958
50,2000,gaussian,Extents vs DeepHull-convex,167,0.08086200768508411
50,2000,gaussian,Extents vs DeepHull-convex,168,0.0
50,2000,gaussian,Extents vs DeepHull-convex,169,0.016735479329169856
50,2000,gaussian,Extents vs DeepHull-convex,170,0.0
50,2000,gaussian,Extents vs DeepHull-convex,171,0.24774729884696067
50,2000,gaussian,Extents vs DeepHull-convex,172,0.49554147691734407
50,2000,gaussian,Extents vs DeepHull-convex,173,0.6496435570224468
50,2000,gaussian,Extents vs DeepHull-convex,174,0.0
50,2000,gaussian,Extents vs DeepHull-convex,175,0.01733329458538657
50,2000,gaussian,Extents vs DeepHull-convex,176,0.0
50,2000,gaussian,Extents vs DeepHull-convex,177,0.0
50,2000,gaussian,Extents vs DeepHull-convex,178,0.24809396321581856
50,2000,gaussian,Extents vs DeepHull-convex,179,0.3638062843749703
50,2000,gaussian,Extents vs DeepHull-convex,180,0.14657079782694926
50,2000,gaussian,Extents vs DeepHull-convex,181,0.11638354225985426
50,2000,gaussian,Extents vs DeepHull-convex,182,0.06087447638321564
50,2000,gaussian,Extents vs DeepHull-convex,183,0.009505103862276432
50,2000,gaussian,Extents vs DeepHull-convex,184,0.0
50,2000,gaussian,Extents vs DeepHull-convex,185,0.0
50,2000,gaussian,Extents vs DeepHull-convex,186,0.11616953577059075
50,2000,gaussian,Extents vs DeepHull-convex,187,0.04530641483757991
50,2000,gaussian,Extents vs DeepHull-convex,188,0.26946755532730315
50,2000,gaussian,Extents vs DeepHull-convex,189,0.3501049596105421
50,2000,gaussian,Extents vs DeepHull-convex,190,0.0
50,2000,gaussian,Extents vs DeepHull-convex,191,0.0
50,2000,gaussian,Extents vs DeepHull-convex,192,0.0
50,2000,gaussian,Extents vs DeepHull-convex,193,0.0
50,2000,gaussian,Extents vs DeepHull-convex,194,0.1377156149633163
50,2000,gaussian,Extents vs DeepHull-convex,195,0.0
50,2000,gaussian,Extents vs DeepHull-convex,196,0.0
50,2000,gaussian,Extents vs DeepHull-convex,197,0.5259953059095719
50,2000,gaussian,Extents vs DeepHull-convex,198,0.13803475282456468
50,2000,gaussian,Extents vs DeepHull-convex,199,0.02977200911555178
50,2000,gaussian,Extents vs DeepHull-convex,200,0.928989333413597
50,2000,gaussian,Extents vs DeepHull-convex,201,0.3115446808144826
50,2000,gaussian,Extents vs DeepHull-convex,202,0.5303107753312051
50,2000,gaussian,Extents vs DeepHull-convex,203,0.0
50,2000,gaussian,Extents vs DeepHull-convex,204,0.42376347021359617
50,2000,gaussian,Extents vs DeepHull-convex,205,0.2901764015553896
50,2000,gaussian,Extents vs DeepHull-convex,206,0.26585874853446856
50,2000,gaussian,Extents vs DeepHull-convex,207,0.7988779660951706
50,2000,gaussian,Extents vs DeepHull-convex,208,0.07825436825892695
50,2000,gaussian,Extents vs DeepHull-convex,209,0.7950065280414318
50,2000,gaussian,Extents vs DeepHull-convex,210,0.0
50,2000,gaussian,Extents vs DeepHull-convex,211,4.440892098500626e-16
50,2000,gaussian,Extents vs DeepHull-convex,212,0.0
50,2000,gaussian,Extents vs DeepHull-convex,213,0.3876094924030089
50,2000,gaussian,Extents vs DeepHull-convex,214,0.011171713355001334
50,2000,gaussian,Extents vs DeepHull-convex,215,0.45645997546581185
50,2000,gaussian,Extents vs DeepHull-convex,216,0.10022762198588175
50,2000,gaussian,Extents vs DeepHull-convex,217,0.02025940444181673
50,2000,gaussian,Extents vs DeepHull-convex,218,0.0026151859389993426
50,2000,gaussian,Extents vs DeepHull-convex,219,0.0
50,2000,gaussian,Extents vs DeepHull-convex,220,0.012965905381104204
50,2000,gaussian,Extents vs DeepHull-convex,221,0.7229169265377733
50,2000,gaussian,Extents vs DeepHull-convex,222,0.31261387755944714
50,2000,gaussian,Extents vs DeepHull-convex,223,0.2438448995073541
50,2000,gaussian,Extents vs DeepHull-convex,224,0.35877801831629075
50,2000,gaussian,Extents vs DeepHull-convex,225,0.0
50,2000,gaussian,Extents vs DeepHull-convex,226,0.07906659500506708
50,2000,gaussian,Extents vs DeepHull-convex,227,0.49045439872445673
50,2000,gaussian,Extents vs DeepHull-convex,228,0.0
50,2000,gaussian,Extents vs DeepHull-convex,229,0.4524580465859267
50,2000,gaussian,Extents vs DeepHull-convex,230,0.0
50,2000,gaussian,Extents vs DeepHull-convex,231,0.0
50,2000,gaussian,Extents vs DeepHull-convex,232,0.1542220189141772
50,2000,gaussian,Extents vs DeepHull-convex,233,0.19079399491203608
50,2000,gaussian,Extents vs DeepHull-convex,234,0.5335572523156646
50,2000,gaussian,Extents vs DeepHull-convex,235,0.6590489375132895
50,2000,gaussian,Extents vs DeepHull-convex,236,0.0
50,2000,gaussian,Extents vs DeepHull-convex,237,0.0
50,2000,gaussian,Extents vs DeepHull-convex,238,0.4733568951493339
50,2000,gaussian,Extents vs DeepHull-convex,239,4.440892098500626e-16
50,2000,gaussian,Extents vs DeepHull-convex,240,0.0
50,2000,gaussian,Extents vs DeepHull-convex,241,0.15223683183026804
50,2000,gaussian,Extents vs DeepHull-convex,242,0.0
50,2000,gaussian,Extents vs DeepHull-convex,243,0.132439848596694
50,2000,gaussian,Extents vs DeepHull-convex,244,0.6488037147995798
50,2000,gaussian,Extents vs DeepHull-convex,245,0.6879956480619327
50,2000,gaussian,Extents vs DeepHull-convex,246,0.13700276556668856
50,2000,gaussian,Extents vs DeepHull-convex,247,0.31173555497155236
50,2000,gaussian,Extents vs DeepHull-convex,248,1.3845229099059009
50,2000,gaussian,Extents vs DeepHull-convex,249,0.271352759277784
50,2000,gaussian,Extents vs DeepHull-convex,250,0.014065881493703358
50,2000,gaussian,Extents vs DeepHull-convex,251,0.23988604047219697
50,2000,gaussian,Extents vs DeepHull-convex,252,0.13665624345448135
50,2000,gaussian,Extents vs DeepHull-convex,253,0.0
50,2000,gaussian,Extents vs DeepHull-convex,254,0.32688189681097235
50,2000,gaussian,Extents vs DeepHull-convex,255,0.10172446636553989
50,2000,gaussian,MVEE vs DeepHull-original,0,0.6226898097386757
50,2000,gaussian,MVEE vs DeepHull-original,1,0.0
50,2000,gaussian,MVEE vs DeepHull-original,2,0.3651414580804979
50,2000,gaussian,MVEE vs DeepHull-original,3,0.5514420863218135
50,2000,gaussian,MVEE vs DeepHull-original,4,0.04524395300109907
50,2000,gaussian,MVEE vs DeepHull-original,5,0.6935351476659093
50,2000,gaussian,MVEE vs DeepHull-original,6,0.3676998157746949
50,2000,gaussian,MVEE vs DeepHull-original,7,0.5733785801921925
50,2000,gaussian,MVEE vs DeepHull-original,8,1.177962423981954
50,2000,gaussian,MVEE vs DeepHull-original,9,0.9868674453600899
50,2000,gaussian,MVEE vs DeepHull-original,10,0.26914030743315265
50,2000,gaussian,MVEE vs DeepHull-original,11,0.5526446261653741
50,2000,gaussian,MVEE vs DeepHull-original,12,0.074627469892945
50,2000,gaussian,MVEE vs DeepHull-original,13,1.0694050735593073
50,2000,gaussian,MVEE vs DeepHull-original,14,0.9275691875221068
50,2000,gaussian,MVEE vs DeepHull-original,15,0.7100375548200943
50,2000,gaussian,MVEE vs DeepHull-original,16,0.11523737995497729
50,2000,gaussian,MVEE vs DeepHull-original,17,0.736869517687492
50,2000,gaussian,MVEE vs DeepHull-original,18,0.12059231451084296
50,2000,gaussian,MVEE vs DeepHull-original,19,0.3571752096125187
50,2000,gaussian,MVEE vs DeepHull-original,20,0.7075533606202664
50,2000,gaussian,MVEE vs DeepHull-original,21,0.0
50,2000,gaussian,MVEE vs DeepHull-original,22,0.1209488733684454
50,2000,gaussian,MVEE vs DeepHull-original,23,0.3647590198345019
50,2000,gaussian,MVEE vs DeepHull-original,24,0.6318758950584504
50,2000,gaussian,MVEE vs DeepHull-original,25,0.0
50,2000,gaussian,MVEE vs DeepHull-original,26,0.2259387699086255
50,2000,gaussian,MVEE vs DeepHull-original,27,0.4520654468247267
50,2000,gaussian,MVEE vs DeepHull-original,28,0.0
50,2000,gaussian,MVEE vs DeepHull-original,29,0.9216926620482582
50,2000,gaussian,MVEE vs DeepHull-original,30,1.1299772571272995
50,2000,gaussian,MVEE vs DeepHull-original,31,0.0
50,2000,gaussian,MVEE vs DeepHull-original,32,0.33639200803445446
50,2000,gaussian,MVEE vs DeepHull-original,33,0.7620405352220176
50,2000,gaussian,MVEE vs DeepHull-original,34,0.0
50,2000,gaussian,MVEE vs DeepHull-original,35,0.7613210738420575
50,2000,gaussian,MVEE vs DeepHull-original,36,0.5704327110153773
50,2000,gaussian,MVEE vs DeepHull-original,37,0.1801442550515917
50,2000,gaussian,MVEE vs DeepHull-original,38,0.25111762447667774
50,2000,gaussian,MVEE vs DeepHull-original,39,0.4335348931654397
50,2000,gaussian,MVEE vs DeepHull-original,40,0.6675871439897234
50,2000,gaussian,MVEE vs DeepHull-original,41,0.03224366722371119
50,2000,gaussian,MVEE vs DeepHull-original,42,0.4385014605730233
50,2000,gaussian,MVEE vs DeepHull-original,43,0.2135940941446255
50,2000,gaussian,MVEE vs DeepHull-original,44,0.21242232900659408
50,2000,gaussian,MVEE vs DeepHull-original,45,0.0
50,2000,gaussian,MVEE vs DeepHull-original,46,0.0
50,2000,gaussian,MVEE vs DeepHull-original,47,0.4459284454753547
50,2000,gaussian,MVEE vs DeepHull-original,48,0.18471709760842447
50,2000,gaussian,MVEE vs DeepHull-original,49,0.15811808177940812
50,2000,gaussian,MVEE vs DeepHull-original,50,0.6247114193554699
50,2000,gaussian,MVEE vs DeepHull-original,51,0.41557043671667837
50,2000,gaussian,MVEE vs DeepHull-original,52,0.20105720737207822
50,2000,gaussian,MVEE vs DeepHull-original,53,0.4727686250903198
50,2000,gaussian,MVEE vs DeepHull-original,54,0.1186692524722801
50,2000,gaussian,MVEE vs DeepHull-original,55,8.881784197001252e-16
50,2000,gaussian,MVEE vs DeepHull-original,56,0.08195325926250607
50,2000,gaussian,MVEE vs DeepHull-original,57,0.4325419956854786
50,2000,gaussian,MVEE vs DeepHull-original,58,0.5681754321849541
50,2000,gaussian,MVEE vs DeepHull-original,59,0.9149223125692587
50,2000,gaussian,MVEE vs DeepHull-original,60,0.35398779531374247
50,2000,gaussian,MVEE vs DeepHull-original,61,0.4971236955065741
50,2000,gaussian,MVEE vs DeepHull-original,62,0.6669739930997396
50,2000,gaussian,MVEE vs DeepHull-original,63,0.37810088685786836
50,2000,gaussian,MVEE vs DeepHull-original,64,0.47121370484920844
50,2000,gaussian,MVEE vs DeepHull-original,65,0.41133386737480815
50,2000,gaussian,MVEE vs DeepHull-original,66,0.0
50,2000,gaussian,MVEE vs DeepHull-original,67,0.0
50,2000,gaussian,MVEE vs DeepHull-original,68,0.5371661431182342
50,2000,gaussian,MVEE vs DeepHull-original,69,0.724910883012529
50,2000,gaussian,MVEE vs DeepHull-original,70,0.0
50,2000,gaussian,MVEE vs DeepHull-original,71,0.8297710615006084
50,2000,gaussian,MVEE vs DeepHull-original,72,0.5892535091185955
50,2000,gaussian,MVEE vs DeepHull-original,73,0.32999319411882433
50,2000,gaussian,MVEE vs DeepHull-original,74,0.8660471227647464
50,2000,gaussian,MVEE vs DeepHull-original,75,0.11482485399666276
50,2000,gaussian,MVEE vs DeepHull-original,76,0.0
50,2000,gaussian,MVEE vs DeepHull-original,77,0.0
50,2000,gaussian,MVEE vs DeepHull-original,78,0.39409126857184207
50,2000,gaussian,MVEE vs DeepHull-original,79,0.4283764758128312
50,2000,gaussian,MVEE vs DeepHull-original,80,0.22303127159417224
50,2000,gaussian,MVEE vs DeepHull-original,81,0.0
50,2000,gaussian,MVEE vs DeepHull-original,82,0.0
50,2000,gaussian,MVEE vs DeepHull-original,83,0.16547206489658484
50,2000,gaussian,MVEE vs DeepHull-original,84,0.6556335592636613
50,2000,gaussian,MVEE vs DeepHull-original,85,0.9054706834543034
50,2000,gaussian,MVEE vs DeepHull-original,86,0.16262374440246763
50,2000,gaussian,MVEE vs DeepHull-original,87,0.0
50,2000,gaussian,MVEE vs DeepHull-original,88,0.32057129119965144
50,2000,gaussian,MVEE vs DeepHull-original,89,0.6687920499952651
50,2000,gaussian,MVEE vs DeepHull-original,90,0.3069834787525769
50,2000,gaussian,MVEE vs DeepHull-original,91,0.2884054617953238
50,2000,gaussian,MVEE vs DeepHull-original,92,0.22223140344937686
50,2000,gaussian,MVEE vs DeepHull-original,93,0.8426821090486425
50,2000,gaussian,MVEE vs DeepHull-original,94,0.6328753458315328
50,2000,gaussian,MVEE vs DeepHull-original,95,0.40107299742431035
50,2000,gaussian,MVEE vs DeepHull-original,96,0.9931093239614195
50,2000,gaussian,MVEE vs DeepHull-original,97,0.5173375863079219
50,2000,gaussian,MVEE vs DeepHull-original,98,0.10865122345621492
50,2000,gaussian,MVEE vs DeepHull-original,99,0.7944623759221163
50,2000,gaussian,MVEE vs DeepHull-original,100,0.7362284332953752
50,2000,gaussian,MVEE vs DeepHull-original,101,0.5170240540016473
50,2000,gaussian,MVEE vs DeepHull-original,102,1.0502205760897445
50,2000,gaussian,MVEE vs DeepHull-original,103,1.2410287660777641
50,2000,gaussian,MVEE vs DeepHull-original,104,0.4917669742071493
50,2000,gaussian,MVEE vs DeepHull-original,105,0.0
50,2000,gaussian,MVEE vs DeepHull-original,106,0.38302306593593105
50,2000,gaussian,MVEE vs DeepHull-original,107,0.4389267708575746
50,2000,gaussian,MVEE vs DeepHull-original,108,0.5603657342371704
50,2000,gaussian,MVEE vs DeepHull-original,109,1.0716738435688198
50,2000,gaussian,MVEE vs DeepHull-original,110,0.2810166335605073
50,2000,gaussian,MVEE vs DeepHull-original,111,1.265290772950612
50,2000,gaussian,MVEE vs DeepHull-original,112,1.5046866430150811
50,2000,gaussian,MVEE vs DeepHull-original,113,0.37302898569779996
50,2000,gaussian,MVEE vs DeepHull-original,114,0.31459507218346583
50,2000,gaussian,MVEE vs DeepHull-original,115,0.298921867507264
50,2000,gaussian,MVEE vs DeepHull-original,116,0.1623842569908054
50,2000,gaussian,MVEE vs DeepHull-original,117,0.6767704269170807
50,2000,gaussian,MVEE vs DeepHull-original,118,0.24475690591179733
50,2000,gaussian,MVEE vs DeepHull-original,119,0.01994692659060071
50,2000,gaussian,MVEE vs DeepHull-original,120,0.1364152768594078
50,2000,gaussian,MVEE vs DeepHull-original,121,0.0
50,2000,gaussian,MVEE vs DeepHull-original,122,1.1391874936315671
50,2000,gaussian,MVEE vs DeepHull-original,123,0.0
50,2000,gaussian,MVEE vs DeepHull-original,124,0.4166894670088761
50,2000,gaussian,MVEE vs DeepHull-original,125,0.07559014974786793
50,2000,gaussian,MVEE vs DeepHull-original,126,0.6664170976720942
50,2000,gaussian,MVEE vs DeepHull-original,127,0.2510613936282342
50,2000,gaussian,MVEE vs DeepHull-original,128,0.43660683140124235
50,2000,gaussian,MVEE vs DeepHull-original,129,0.33054829714406564
50,2000,gaussian,MVEE vs DeepHull-original,130,0.08274150362424937
50,2000,gaussian,MVEE vs DeepHull-original,131,0.7806730734537697
50,2000,gaussian,MVEE vs DeepHull-original,132,0.7185606945242666
50,2000,gaussian,MVEE vs DeepHull-original,133,0.4726559549945133
50,2000,gaussian,MVEE vs DeepHull-original,134,0.5681469984862553
50,2000,gaussian,MVEE vs DeepHull-original,135,0.49434748866720324
50,2000,gaussian,MVEE vs DeepHull-original,136,0.04290181385096181
50,2000,gaussian,MVEE vs DeepHull-original,137,0.2963773622840562
50,2000,gaussian,MVEE vs DeepHull-original,138,0.3556572217753109
50,2000,gaussian,MVEE vs DeepHull-original,139,0.37577944197302804
50,2000,gaussian,MVEE vs DeepHull-original,140,0.0
50,2000,gaussian,MVEE vs DeepHull-original,141,0.06082934490772751
50,2000,gaussian,MVEE vs DeepHull-original,142,0.0
50,2000,gaussian,MVEE vs DeepHull-original,143,1.3008020109492942
50,2000,gaussian,MVEE vs DeepHull-original,144,0.7385082520030493
50,2000,gaussian,MVEE vs DeepHull-original,145,0.3529074764455764
50,2000,gaussian,MVEE vs DeepHull-original,146,0.45714082705028125
50,2000,gaussian,MVEE vs DeepHull-original,147,0.7858822911771133
50,2000,gaussian,MVEE vs DeepHull-original,148,0.09674200684422374
50,2000,gaussian,MVEE vs DeepHull-original,149,0.35933108794282287
50,2000,gaussian,MVEE vs DeepHull-original,150,0.15515294720607486
50,2000,gaussian,MVEE vs DeepHull-original,151,0.017379181488258677
50,2000,gaussian,MVEE vs DeepHull-original,152,0.3882703662632814
50,2000,gaussian,MVEE vs DeepHull-original,153,0.4026292267332843
50,2000,gaussian,MVEE vs DeepHull-original,154,0.790439271675546
50,2000,gaussian,MVEE vs DeepHull-original,155,0.0
50,2000,gaussian,MVEE vs DeepHull-original,156,0.0
50,2000,gaussian,MVEE vs DeepHull-original,157,0.6243397465098597
50,2000,gaussian,MVEE vs DeepHull-original,158,1.0750218734890784
50,2000,gaussian,MVEE vs DeepHull-original,159,0.0
50,2000,gaussian,MVEE vs DeepHull-original,160,0.4714669989254454
50,2000,gaussian,MVEE vs DeepHull-original,161,1.0782330380944032
50,2000,gaussian,MVEE vs DeepHull-original,162,0.6378514778882052
50,2000,gaussian,MVEE vs DeepHull-original,163,0.5754994791922732
50,2000,gaussian,MVEE vs DeepHull-original,164,0.3049278978398533
50,2000,gaussian,MVEE vs DeepHull-original,165,0.8268278797246911
50,2000,gaussian,MVEE vs DeepHull-original,166,0.32801998612971905
50,2000,gaussian,MVEE vs DeepHull-original,167,0.3115977969085153
50,2000,gaussian,MVEE vs DeepHull-original,168,0.6526976879856998
50,2000,gaussian,MVEE vs DeepHull-original,169,0.38739945018422817
50,2000,gaussian,MVEE vs DeepHull-original,170,0.024282465707956113
50,2000,gaussian,MVEE vs DeepHull-original,171,0.5844926380450803
50,2000,gaussian,MVEE vs DeepHull-original,172,0.0
50,2000,gaussian,MVEE vs DeepHull-original,173,0.2144506114619955
50,2000,gaussian,MVEE vs DeepHull-original,174,0.0
50,2000,gaussian,MVEE vs DeepHull-original,175,0.1086283613215171
50,2000,gaussian,MVEE vs DeepHull-original,176,0.15300259888019374
50,2000,gaussian,MVEE vs DeepHull-original,177,0.32639082666308306
50,2000,gaussian,MVEE vs DeepHull-original,178,0.0
50,2000,gaussian,MVEE vs DeepHull-original,179,0.0
50,2000,gaussian,MVEE vs DeepHull-original,180,0.1197725801427394
50,2000,gaussian,MVEE vs DeepHull-original,181,0.5572749123860894
50,2000,gaussian,MVEE vs DeepHull-original,182,0.5070813215367216
50,2000,gaussian,MVEE vs DeepHull-original,183,0.42872164254892
50,2000,gaussian,MVEE vs DeepHull-original,184,0.939775929934219
50,2000,gaussian,MVEE vs DeepHull-original,185,0.0
50,2000,gaussian,MVEE vs DeepHull-original,186,0.5151727411542517
50,2000,gaussian,MVEE vs DeepHull-original,187,0.5707925553713704
50,2000,gaussian,MVEE vs DeepHull-original,188,0.3255212779518848
50,2000,gaussian,MVEE vs DeepHull-original,189,0.0
50,2000,gaussian,MVEE vs DeepHull-original,190,0.5168691604724298
50,2000,gaussian,MVEE vs DeepHull-original,191,0.3773237993062528
50,2000,gaussian,MVEE vs DeepHull-original,192,0.6210172503087348
50,2000,gaussian,MVEE vs DeepHull-original,193,0.8582360375360261
50,2000,gaussian,MVEE vs DeepHull-original,194,0.1377156149633163
50,2000,gaussian,MVEE vs DeepHull-original,195,0.8084589860176337
50,2000,gaussian,MVEE vs DeepHull-original,196,0.1052085534595486
50,2000,gaussian,MVEE vs DeepHull-original,197,0.7259272950294962
50,2000,gaussian,MVEE vs DeepHull-original,198,0.0
50,2000,gaussian,MVEE vs DeepHull-original,199,0.02197036261886076
50,2000,gaussian,MVEE vs DeepHull-original,200,1.1472842620294006
50,2000,gaussian,MVEE vs DeepHull-original,201,0.24536502626192225
50,2000,gaussian,MVEE vs DeepHull-original,202,0.0
50,2000,gaussian,MVEE vs DeepHull-original,203,0.29057362140963994
50,2000,gaussian,MVEE vs DeepHull-original,204,0.8421057121759747
50,2000,gaussian,MVEE vs DeepHull-original,205,0.0
50,2000,gaussian,MVEE vs DeepHull-original,206,0.0
50,2000,gaussian,MVEE vs DeepHull-original,207,0.6061489649211627
50,2000,gaussian,MVEE vs DeepHull-original,208,0.6059731202604624
50,2000,gaussian,MVEE vs DeepHull-original,209,0.7602421788072244
50,2000,gaussian,MVEE vs DeepHull-original,210,0.0
50,2000,gaussian,MVEE vs DeepHull-original,211,1.1129406713433567
50,2000,gaussian,MVEE vs DeepHull-original,212,0.3655504989153071
50,2000,gaussian,MVEE vs DeepHull-original,213,0.07115672248705174
50,2000,gaussian,MVEE vs DeepHull-original,214,0.713295338201301
50,2000,gaussian,MVEE vs DeepHull-original,215,0.4806336142110319
50,2000,gaussian,MVEE vs DeepHull-original,216,0.0
50,2000,gaussian,MVEE vs DeepHull-original,217,0.2463565938044412
50,2000,gaussian,MVEE vs DeepHull-original,218,0.0026151859389993426
50,2000,gaussian,MVEE vs DeepHull-original,219,0.4439922991579268
50,2000,gaussian,MVEE vs DeepHull-original,220,0.5004361169131808
50,2000,gaussian,MVEE vs DeepHull-original,221,0.5454157348851667
50,2000,gaussian,MVEE vs DeepHull-original,222,1.0283031747336302
50,2000,gaussian,MVEE vs DeepHull-original,223,0.7024817162825849
50,2000,gaussian,MVEE vs DeepHull-original,224,0.24811050206889118
50,2000,gaussian,MVEE vs DeepHull-original,225,0.34986017934754177
50,2000,gaussian,MVEE vs DeepHull-original,226,0.5398933972947524
50,2000,gaussian,MVEE vs DeepHull-original,227,0.36034497076214067
50,2000,gaussian,MVEE vs DeepHull-original,228,0.7218742086936785
50,2000,gaussian,MVEE vs DeepHull-original,229,0.0
50,2000,gaussian,MVEE vs DeepHull-original,230,0.2239363556441245
50,2000,gaussian,MVEE vs DeepHull-original,231,0.2070542417210035
50,2000,gaussian,MVEE vs DeepHull-original,232,0.43446821981293304
50,2000,gaussian,MVEE vs DeepHull-original,233,0.19566830866327845
50,2000,gaussian,MVEE vs DeepHull-original,234,0.5335572523156638
50,2000,gaussian,MVEE vs DeepHull-original,235,0.9807254673573511
50,2000,gaussian,MVEE vs DeepHull-original,236,0.0
50,2000,gaussian,MVEE vs DeepHull-original,237,0.0
50,2000,gaussian,MVEE vs DeepHull-original,238,0.47723449630076065
50,2000,gaussian,MVEE vs DeepHull-original,239,0.3521136191929859
50,2000,gaussian,MVEE vs DeepHull-original,240,0.9287162648482883
50,2000,gaussian,MVEE vs DeepHull-original,241,0.6878072526615193
50,2000,gaussian,MVEE vs DeepHull-original,242,0.8635427614056796
50,2000,gaussian,MVEE vs DeepHull-original,243,0.15922810043054447
50,2000,gaussian,MVEE vs DeepHull-original,244,0.03787451764373895
50,2000,gaussian,MVEE vs DeepHull-original,245,0.0
50,2000,gaussian,MVEE vs DeepHull-original,246,0.6535851744907466
50,2000,gaussian,MVEE vs DeepHull-original,247,0.9847493499139801
50,2000,gaussian,MVEE vs DeepHull-original,248,1.4155439427146437
50,2000,gaussian,MVEE vs DeepHull-original,249,0.271352759277784
50,2000,gaussian,MVEE vs DeepHull-original,250,0.3379544947349249
50,2000,gaussian,MVEE vs DeepHull-original,251,0.7007939820975349
50,2000,gaussian,MVEE vs DeepHull-original,252,0.11422423867988285
50,2000,gaussian,MVEE vs DeepHull-original,253,0.22787996758320306
50,2000,gaussian,MVEE vs DeepHull-original,254,0.44157251253721164
50,2000,gaussian,MVEE vs DeepHull-original,255,0.29780309622680856
50,2000,gaussian,MVEE vs DeepHull-convex,0,0.6226898097386757
50,2000,gaussian,MVEE vs DeepHull-convex,1,1.0359808004998743
50,2000,gaussian,MVEE vs DeepHull-convex,2,0.3651414580804979
50,2000,gaussian,MVEE vs DeepHull-convex,3,0.30772236668071073
50,2000,gaussian,MVEE vs DeepHull-convex,4,0.0
50,2000,gaussian,MVEE vs DeepHull-convex,5,0.08353068401973429
50,2000,gaussian,MVEE vs DeepHull-convex,6,0.12899971829331802
50,2000,gaussian,MVEE vs DeepHull-convex,7,0.5854060232550817
50,2000,gaussian,MVEE vs DeepHull-convex,8,0.0
50,2000,gaussian,MVEE vs DeepHull-convex,9,0.0
50,2000,gaussian,MVEE vs DeepHull-convex,10,0.5739294022966723
50,2000,gaussian,MVEE vs DeepHull-convex,11,0.7059948635992743
50,2000,gaussian,MVEE vs DeepHull-convex,12,0.0
50,2000,gaussian,MVEE vs DeepHull-convex,13,0.43988584574292755
50,2000,gaussian,MVEE vs DeepHull-convex,14,0.5466707125935248
50,2000,gaussian,MVEE vs DeepHull-convex,15,0.0
50,2000,gaussian,MVEE vs DeepHull-convex,16,0.11523737995497729
50,2000,gaussian,MVEE vs DeepHull-convex,17,0.49347018897547423
50,2000,gaussian,MVEE vs DeepHull-convex,18,0.2714497690644935
50,2000,gaussian,MVEE vs DeepHull-convex,19,0.39674405107651123
50,2000,gaussian,MVEE vs DeepHull-convex,20,0.6176929929737489
50,2000,gaussian,MVEE vs DeepHull-convex,21,0.1583321186321882
50,2000,gaussian,MVEE vs DeepHull-convex,22,0.5370718019377199
50,2000,gaussian,MVEE vs DeepHull-convex,23,0.3121488411591975
50,2000,gaussian,MVEE vs DeepHull-convex,24,0.8070179933362169
50,2000,gaussian,MVEE vs DeepHull-convex,25,0.7108991207293713
50,2000,gaussian,MVEE vs DeepHull-convex,26,0.0
50,2000,gaussian,MVEE vs DeepHull-convex,27,0.7580448291997306
50,2000,gaussian,MVEE vs DeepHull-convex,28,0.8377389576569181
50,2000,gaussian,MVEE vs DeepHull-convex,29,0.34068517928718833
50,2000,gaussian,MVEE vs DeepHull-convex,30,0.5143603030635715
50,2000,gaussian,MVEE vs DeepHull-convex,31,1.1318356980008972
50,2000,gaussian,MVEE vs DeepHull-convex,32,0.33639200803445446
50,2000,gaussian,MVEE vs DeepHull-convex,33,0.6691868889999866
50,2000,gaussian,MVEE vs DeepHull-convex,34,0.6786314001966769
50,2000,gaussian,MVEE vs DeepHull-convex,35,0.0
50,2000,gaussian,MVEE vs DeepHull-convex,36,0.0
50,2000,gaussian,MVEE vs DeepHull-convex,37,0.10874243095280045
50,2000,gaussian,MVEE vs DeepHull-convex,38,0.07778863865680274
50,2000,gaussian,MVEE vs DeepHull-convex,39,0.12294737979343928
50,2000,gaussian,MVEE vs DeepHull-convex,40,0.861572189672791
50,2000,gaussian,MVEE vs DeepHull-convex,41,0.0
50,2000,gaussian,MVEE vs DeepHull-convex,42,0.49183956713918153
50,2000,gaussian,MVEE vs DeepHull-convex,43,0.6297359008285441
50,2000,gaussian,MVEE vs DeepHull-convex,44,0.635920417320835
50,2000,gaussian,MVEE vs DeepHull-convex,45,0.0
50,2000,gaussian,MVEE vs DeepHull-convex,46,0.20336119258781649
50,2000,gaussian,MVEE vs DeepHull-convex,47,0.6210874560762969
50,2000,gaussian,MVEE vs DeepHull-convex,48,0.02129776468329414
50,2000,gaussian,MVEE vs DeepHull-convex,49,0.46134144047752046
50,2000,gaussian,MVEE vs DeepHull-convex,50,0.029599027466678418
50,2000,gaussian,MVEE vs DeepHull-convex,51,0.8242199396098617
50,2000,gaussian,MVEE vs DeepHull-convex,52,0.17260065106232503
50,2000,gaussian,MVEE vs DeepHull-convex,53,0.0
50,2000,gaussian,MVEE vs DeepHull-convex,54,0.3529942505213106
50,2000,gaussian,MVEE vs DeepHull-convex,55,0.0
50,2000,gaussian,MVEE vs DeepHull-convex,56,0.08195325926250607
50,2000,gaussian,MVEE vs DeepHull-convex,57,0.5005696439204819
50,2000,gaussian,MVEE vs DeepHull-convex,58,0.12789604946305233
50,2000,gaussian,MVEE vs DeepHull-convex,59,0.0
50,2000,gaussian,MVEE vs DeepHull-convex,60,0.35398779531374247
50,2000,gaussian,MVEE vs DeepHull-convex,61,0.5389184466127475
50,2000,gaussian,MVEE vs DeepHull-convex,62,0.7881598538229115
50,2000,gaussian,MVEE vs DeepHull-convex,63,0.14236966769145143
50,2000,gaussian,MVEE vs DeepHull-convex,64,0.4512849937827452
50,2000,gaussian,MVEE vs DeepHull-convex,65,0.41133386737480815
50,2000,gaussian,MVEE vs DeepHull-convex,66,0.35866959547943744
50,2000,gaussian,MVEE vs DeepHull-convex,67,0.7080250287195076
50,2000,gaussian,MVEE vs DeepHull-convex,68,0.7824575361754587
50,2000,gaussian,MVEE vs DeepHull-convex,69,0.02072995475319006
50,2000,gaussian,MVEE vs DeepHull-convex,70,0.5609146014591788
50,2000,gaussian,MVEE vs DeepHull-convex,71,0.3625047036850386
50,2000,gaussian,MVEE vs DeepHull-convex,72,0.772791258240165
50,2000,gaussian,MVEE vs DeepHull-convex,73,0.15905756684218542
50,2000,gaussian,MVEE vs DeepHull-convex,74,0.0
50,2000,gaussian,MVEE vs DeepHull-convex,75,0.0
50,2000,gaussian,MVEE vs DeepHull-convex,76,0.0
50,2000,gaussian,MVEE vs DeepHull-convex,77,0.0
50,2000,gaussian,MVEE vs DeepHull-convex,78,0.5406668603162643
50,2000,gaussian,MVEE vs DeepHull-convex,79,0.7757758324673123
50,2000,gaussian,MVEE vs DeepHull-convex,80,0.0
50,2000,gaussian,MVEE vs DeepHull-convex,81,0.4303475610571208
50,2000,gaussian,MVEE vs DeepHull-convex,82,0.0
50,2000,gaussian,MVEE vs DeepHull-convex,83,0.18516057304504008
50,2000,gaussian,MVEE vs DeepHull-convex,84,0.012161807689105686
50,2000,gaussian,MVEE vs DeepHull-convex,85,0.3528791744830708
50,2000,gaussian,MVEE vs DeepHull-convex,86,0.11413234822435814
50,2000,gaussian,MVEE vs DeepHull-convex,87,0.9477655899033737
50,2000,gaussian,MVEE vs DeepHull-convex,88,0.0
50,2000,gaussian,MVEE vs DeepHull-convex,89,0.0
50,2000,gaussian,MVEE vs DeepHull-convex,90,0.16598206629543855
50,2000,gaussian,MVEE vs DeepHull-convex,91,0.0
50,2000,gaussian,MVEE vs DeepHull-convex,92,0.0
50,2000,gaussian,MVEE vs DeepHull-convex,93,0.0
50,2000,gaussian,MVEE vs DeepHull-convex,94,0.6033862164951982
50,2000,gaussian,MVEE vs DeepHull-convex,95,0.5253204066326609
50,2000,gaussian,MVEE vs DeepHull-convex,96,0.5034110744982834
50,2000,gaussian,MVEE vs DeepHull-convex,97,0.44352720947470115
50,2000,gaussian,MVEE vs DeepHull-convex,98,0.10865122345621492
50,2000,gaussian,MVEE vs DeepHull-convex,99,0.4681499596779477
50,2000,gaussian,MVEE vs DeepHull-convex,100,0.5237814606856479
50,2000,gaussian,MVEE vs DeepHull-convex,101,0.5170240540016473
50,2000,gaussian,MVEE vs DeepHull-convex,102,0.12181035481703484
50,2000,gaussian,MVEE vs DeepHull-convex,103,0.4857572743243068
50,2000,gaussian,MVEE vs DeepHull-convex,104,0.6314673824259884
50,2000,gaussian,MVEE vs DeepHull-convex,105,0.0
50,2000,gaussian,MVEE vs DeepHull-convex,106,0.38302306593593105
50,2000,gaussian,MVEE vs DeepHull-convex,107,0.4389267708575746
50,2000,gaussian,MVEE vs DeepHull-convex,108,0.16898432346725434
50,2000,gaussian,MVEE vs DeepHull-convex,109,0.8215469817822667
50,2000,gaussian,MVEE vs DeepHull-convex,110,0.1958448860514057
50,2000,gaussian,MVEE vs DeepHull-convex,111,0.0
50,2000,gaussian,MVEE vs DeepHull-convex,112,0.566254879650403
50,2000,gaussian,MVEE vs DeepHull-convex,113,0.0
50,2000,gaussian,MVEE vs DeepHull-convex,114,0.24371405140221558
50,2000,gaussian,MVEE vs DeepHull-convex,115,0.2871186042791489
50,2000,gaussian,MVEE vs DeepHull-convex,116,0.5559257133656355
50,2000,gaussian,MVEE vs DeepHull-convex,117,0.8179412812924225
50,2000,gaussian,MVEE vs DeepHull-convex,118,0.0
50,2000,gaussian,MVEE vs DeepHull-convex,119,0.20403629882457297
50,2000,gaussian,MVEE vs DeepHull-convex,120,0.0
50,2000,gaussian,MVEE vs DeepHull-convex,121,0.5821066890629114
50,2000,gaussian,MVEE vs DeepHull-convex,122,0.0
50,2000,gaussian,MVEE vs DeepHull-convex,123,0.0
50,2000,gaussian,MVEE vs DeepHull-convex,124,0.22173102588064486
50,2000,gaussian,MVEE vs DeepHull-convex,125,0.5452626846995527
50,2000,gaussian,MVEE vs DeepHull-convex,126,0.13729169426796206
50,2000,gaussian,MVEE vs DeepHull-convex,127,0.08334697731077712
50,2000,gaussian,MVEE vs DeepHull-convex,128,0.7294788428621153
50,2000,gaussian,MVEE vs DeepHull-convex,129,0.0
50,2000,gaussian,MVEE vs DeepHull-convex,130,0.0
50,2000,gaussian,MVEE vs DeepHull-convex,131,0.7806730734537697
50,2000,gaussian,MVEE vs DeepHull-convex,132,0.0
50,2000,gaussian,MVEE vs DeepHull-convex,133,0.0
50,2000,gaussian,MVEE vs DeepHull-convex,134,0.0
50,2000,gaussian,MVEE vs DeepHull-convex,135,0.23044599826469447
50,2000,gaussian,MVEE vs DeepHull-convex,136,0.04290181385096181
50,2000,gaussian,MVEE vs DeepHull-convex,137,0.2562241103815226
50,2000,gaussian,MVEE vs DeepHull-convex,138,0.3324021658771841
50,2000,gaussian,MVEE vs DeepHull-convex,139,0.0
50,2000,gaussian,MVEE vs DeepHull-convex,140,0.19408364852582416
50,2000,gaussian,MVEE vs DeepHull-convex,141,6.661338147750939e-16
50,2000,gaussian,MVEE vs DeepHull-convex,142,0.07905227760755862
50,2000,gaussian,MVEE vs DeepHull-convex,143,0.6971028352933852
50,2000,gaussian,MVEE vs DeepHull-convex,144,0.8050962193107478
50,2000,gaussian,MVEE vs DeepHull-convex,145,0.3529074764455764
50,2000,gaussian,MVEE vs DeepHull-convex,146,0.27533251670410497
50,2000,gaussian,MVEE vs DeepHull-convex,147,0.18205243251431735
50,2000,gaussian,MVEE vs DeepHull-convex,148,0.2942529211653575
50,2000,gaussian,MVEE vs DeepHull-convex,149,0.35933108794282287
50,2000,gaussian,MVEE vs DeepHull-convex,150,0.07186223106505496
50,2000,gaussian,MVEE vs DeepHull-convex,151,0.0
50,2000,gaussian,MVEE vs DeepHull-convex,152,0.0
50,2000,gaussian,MVEE vs DeepHull-convex,153,0.9366785857158308
50,2000,gaussian,MVEE vs DeepHull-convex,154,0.480503957172858
50,2000,gaussian,MVEE vs DeepHull-convex,155,0.14483937847198236
50,2000,gaussian,MVEE vs DeepHull-convex,156,0.23082349650342548
50,2000,gaussian,MVEE vs DeepHull-convex,157,0.6597840761803262
50,2000,gaussian,MVEE vs DeepHull-convex,158,0.0
50,2000,gaussian,MVEE vs DeepHull-convex,159,0.17748386388973314
50,2000,gaussian,MVEE vs DeepHull-convex,160,0.10357319717801428
50,2000,gaussian,MVEE vs DeepHull-convex,161,1.1317460297240296
50,2000,gaussian,MVEE vs DeepHull-convex,162,0.19991204763267767
50,2000,gaussian,MVEE vs DeepHull-convex,163,0.3136717113363634
50,2000,gaussian,MVEE vs DeepHull-convex,164,0.0
50,2000,gaussian,MVEE vs DeepHull-convex,165,0.0
50,2000,gaussian,MVEE vs DeepHull-convex,166,0.5901876253513958
50,2000,gaussian,MVEE vs DeepHull-convex,167,0.08086200768508411
50,2000,gaussian,MVEE vs DeepHull-convex,168,0.33422590230770166
50,2000,gaussian,MVEE vs DeepHull-convex,169,0.0
50,2000,gaussian,MVEE vs DeepHull-convex,170,0.024282465707956113
50,2000,gaussian,MVEE vs DeepHull-convex,171,0.24774729884696067
50,2000,gaussian,MVEE vs DeepHull-convex,172,0.49554147691734407
50,2000,gaussian,MVEE vs DeepHull-convex,173,0.6496435570224468
50,2000,gaussian,MVEE vs DeepHull-convex,174,0.18108399530980446
50,2000,gaussian,MVEE vs DeepHull-convex,175,0.01733329458538657
50,2000,gaussian,MVEE vs DeepHull-convex,176,0.15300259888019374
50,2000,gaussian,MVEE vs DeepHull-convex,177,0.01143851330441148
50,2000,gaussian,MVEE vs DeepHull-convex,178,0.24809396321581856
50,2000,gaussian,MVEE vs DeepHull-convex,179,0.3638062843749703
50,2000,gaussian,MVEE vs DeepHull-convex,180,0.14657079782694926
50,2000,gaussian,MVEE vs DeepHull-convex,181,0.11638354225985426
50,2000,gaussian,MVEE vs DeepHull-convex,182,0.06087447638321564
50,2000,gaussian,MVEE vs DeepHull-convex,183,0.0
50,2000,gaussian,MVEE vs DeepHull-convex,184,0.0
50,2000,gaussian,MVEE vs DeepHull-convex,185,0.0
50,2000,gaussian,MVEE vs DeepHull-convex,186,0.18307475986563704
50,2000,gaussian,MVEE vs DeepHull-convex,187,0.3880707171597537
50,2000,gaussian,MVEE vs DeepHull-convex,188,0.26946755532730315
50,2000,gaussian,MVEE vs DeepHull-convex,189,0.3501049596105421
50,2000,gaussian,MVEE vs DeepHull-convex,190,0.0
50,2000,gaussian,MVEE vs DeepHull-convex,191,0.0
50,2000,gaussian,MVEE vs DeepHull-convex,192,0.0
50,2000,gaussian,MVEE vs DeepHull-convex,193,0.0
50,2000,gaussian,MVEE vs DeepHull-convex,194,0.1377156149633163
50,2000,gaussian,MVEE vs DeepHull-convex,195,0.0
50,2000,gaussian,MVEE vs DeepHull-convex,196,0.0
50,2000,gaussian,MVEE vs DeepHull-convex,197,0.5259953059095719
50,2000,gaussian,MVEE vs DeepHull-convex,198,0.2672386739787065
50,2000,gaussian,MVEE vs DeepHull-convex,199,0.02977200911555178
50,2000,gaussian,MVEE vs DeepHull-convex,200,0.928989333413597
50,2000,gaussian,MVEE vs DeepHull-convex,201,0.3115446808144826
50,2000,gaussian,MVEE vs DeepHull-convex,202,0.6881244964645528
50,2000,gaussian,MVEE vs DeepHull-convex,203,0.0
50,2000,gaussian,MVEE vs DeepHull-convex,204,0.0
50,2000,gaussian,MVEE vs DeepHull-convex,205,0.2901764015553896
50,2000,gaussian,MVEE vs DeepHull-convex,206,0.3306447470691978
50,2000,gaussian,MVEE vs DeepHull-convex,207,0.7988779660951701
50,2000,gaussian,MVEE vs DeepHull-convex,208,0.23338269321622285
50,2000,gaussian,MVEE vs DeepHull-convex,209,0.7950065280414318
50,2000,gaussian,MVEE vs DeepHull-convex,210,0.0
50,2000,gaussian,MVEE vs DeepHull-convex,211,0.0
50,2000,gaussian,MVEE vs DeepHull-convex,212,0.0
50,2000,gaussian,MVEE vs DeepHull-convex,213,0.3876094924030089
50,2000,gaussian,MVEE vs DeepHull-convex,214,0.011171713355001334
50,2000,gaussian,MVEE vs DeepHull-convex,215,0.45645997546581185
50,2000,gaussian,MVEE vs DeepHull-convex,216,0.11252447312442548
50,2000,gaussian,MVEE vs DeepHull-convex,217,0.40535875535321386
50,2000,gaussian,MVEE vs DeepHull-convex,218,0.0026151859389993426
50,2000,gaussian,MVEE vs DeepHull-convex,219,0.0
50,2000,gaussian,MVEE vs DeepHull-convex,220,0.34764999079213954
50,2000,gaussian,MVEE vs DeepHull-convex,221,0.7229169265377733
50,2000,gaussian,MVEE vs DeepHull-convex,222,0.5528274575942249
50,2000,gaussian,MVEE vs DeepHull-convex,223,0.7014996130357538
50,2000,gaussian,MVEE vs DeepHull-convex,224,0.35908978092430366
50,2000,gaussian,MVEE vs DeepHull-convex,225,0.0
50,2000,gaussian,MVEE vs DeepHull-convex,226,0.38173805527945404
50,2000,gaussian,MVEE vs DeepHull-convex,227,0.5510805580587097
50,2000,gaussian,MVEE vs DeepHull-convex,228,0.0
50,2000,gaussian,MVEE vs DeepHull-convex,229,0.4524580465859267
50,2000,gaussian,MVEE vs DeepHull-convex,230,4.440892098500626e-16
50,2000,gaussian,MVEE vs DeepHull-convex,231,0.0
50,2000,gaussian,MVEE vs DeepHull-convex,232,0.1542220189141772
50,2000,gaussian,MVEE vs DeepHull-convex,233,0.19079399491203608
50,2000,gaussian,MVEE vs DeepHull-convex,234,0.5335572523156638
50,2000,gaussian,MVEE vs DeepHull-convex,235,0.6590489375132895
50,2000,gaussian,MVEE vs DeepHull-convex,236,0.0
50,2000,gaussian,MVEE vs DeepHull-convex,237,0.0
50,2000,gaussian,MVEE vs DeepHull-convex,238,0.4733568951493339
50,2000,gaussian,MVEE vs DeepHull-convex,239,0.0
50,2000,gaussian,MVEE vs DeepHull-convex,240,0.0
50,2000,gaussian,MVEE vs DeepHull-convex,241,0.46161393073099655
50,2000,gaussian,MVEE vs DeepHull-convex,242,0.0
50,2000,gaussian,MVEE vs DeepHull-convex,243,0.15922810043054447
50,2000,gaussian,MVEE vs DeepHull-convex,244,0.6488037147995793
50,2000,gaussian,MVEE vs DeepHull-convex,245,0.6879956480619327
50,2000,gaussian,MVEE vs DeepHull-convex,246,0.13700276556668856
50,2000,gaussian,MVEE vs DeepHull-convex,247,0.31173555497155236
50,2000,gaussian,MVEE vs DeepHull-convex,248,1.3845229099059009
50,2000,gaussian,MVEE vs DeepHull-convex,249,0.271352759277784
50,2000,gaussian,MVEE vs DeepHull-convex,250,0.3379544947349249
50,2000,gaussian,MVEE vs DeepHull-convex,251,0.23988604047219697
50,2000,gaussian,MVEE vs DeepHull-convex,252,0.2508804821343642
50,2000,gaussian,MVEE vs DeepHull-convex,253,0.0
50,2000,gaussian,MVEE vs DeepHull-convex,254,0.32688189681097235
50,2000,gaussian,MVEE vs DeepHull-convex,255,0.10172446636553989
50,2000,gaussian,DeepHull-original vs DeepHull-convex,0,0.0
50,2000,gaussian,DeepHull-original vs DeepHull-convex,1,1.0359808004998743
50,2000,gaussian,DeepHull-original vs DeepHull-convex,2,0.0
50,2000,gaussian,DeepHull-original vs DeepHull-convex,3,0.24371971964110273
50,2000,gaussian,DeepHull-original vs DeepHull-convex,4,0.04524395300109907
50,2000,gaussian,DeepHull-original vs DeepHull-convex,5,0.610004463646175
50,2000,gaussian,DeepHull-original vs DeepHull-convex,6,0.23870009748137688
50,2000,gaussian,DeepHull-original vs DeepHull-convex,7,0.012027443062889276
50,2000,gaussian,DeepHull-original vs DeepHull-convex,8,1.177962423981954
50,2000,gaussian,DeepHull-original vs DeepHull-convex,9,0.9868674453600899
50,2000,gaussian,DeepHull-original vs DeepHull-convex,10,0.3047890948635197
50,2000,gaussian,DeepHull-original vs DeepHull-convex,11,0.1533502374339002
50,2000,gaussian,DeepHull-original vs DeepHull-convex,12,0.074627469892945
50,2000,gaussian,DeepHull-original vs DeepHull-convex,13,0.6295192278163797
50,2000,gaussian,DeepHull-original vs DeepHull-convex,14,0.380898474928582
50,2000,gaussian,DeepHull-original vs DeepHull-convex,15,0.7100375548200943
50,2000,gaussian,DeepHull-original vs DeepHull-convex,16,0.0
50,2000,gaussian,DeepHull-original vs DeepHull-convex,17,0.24339932871201775
50,2000,gaussian,DeepHull-original vs DeepHull-convex,18,0.15085745455365052
50,2000,gaussian,DeepHull-original vs DeepHull-convex,19,0.03956884146399253
50,2000,gaussian,DeepHull-original vs DeepHull-convex,20,0.0898603676465175
50,2000,gaussian,DeepHull-original vs DeepHull-convex,21,0.1583321186321882
50,2000,gaussian,DeepHull-original vs DeepHull-convex,22,0.41612292856927446
50,2000,gaussian,DeepHull-original vs DeepHull-convex,23,0.052610178675304375
50,2000,gaussian,DeepHull-original vs DeepHull-convex,24,0.1751420982777665
50,2000,gaussian,DeepHull-original vs DeepHull-convex,25,0.7108991207293713
50,2000,gaussian,DeepHull-original vs DeepHull-convex,26,0.2259387699086255
50,2000,gaussian,DeepHull-original vs DeepHull-convex,27,0.3059793823750039
50,2000,gaussian,DeepHull-original vs DeepHull-convex,28,0.8377389576569181
50,2000,gaussian,DeepHull-original vs DeepHull-convex,29,0.5810074827610698
50,2000,gaussian,DeepHull-original vs DeepHull-convex,30,0.615616954063728
50,2000,gaussian,DeepHull-original vs DeepHull-convex,31,1.1318356980008972
50,2000,gaussian,DeepHull-original vs DeepHull-convex,32,0.0
50,2000,gaussian,DeepHull-original vs DeepHull-convex,33,0.09285364622203107
50,2000,gaussian,DeepHull-original vs DeepHull-convex,34,0.6786314001966769
50,2000,gaussian,DeepHull-original vs DeepHull-convex,35,0.7613210738420575
50,2000,gaussian,DeepHull-original vs DeepHull-convex,36,0.5704327110153773
50,2000,gaussian,DeepHull-original vs DeepHull-convex,37,0.07140182409879126
50,2000,gaussian,DeepHull-original vs DeepHull-convex,38,0.173328985819875
50,2000,gaussian,DeepHull-original vs DeepHull-convex,39,0.3105875133720004
50,2000,gaussian,DeepHull-original vs DeepHull-convex,40,0.19398504568306763
50,2000,gaussian,DeepHull-original vs DeepHull-convex,41,0.03224366722371119
50,2000,gaussian,DeepHull-original vs DeepHull-convex,42,0.05333810656615823
50,2000,gaussian,DeepHull-original vs DeepHull-convex,43,0.41614180668391865
50,2000,gaussian,DeepHull-original vs DeepHull-convex,44,0.42349808831424096
50,2000,gaussian,DeepHull-original vs DeepHull-convex,45,0.0
50,2000,gaussian,DeepHull-original vs DeepHull-convex,46,0.20336119258781649
50,2000,gaussian,DeepHull-original vs DeepHull-convex,47,0.1751590106009422
50,2000,gaussian,DeepHull-original vs DeepHull-convex,48,0.16341933292513033
50,2000,gaussian,DeepHull-original vs DeepHull-convex,49,0.30322335869811234
50,2000,gaussian,DeepHull-original vs DeepHull-convex,50,0.5951123918887915
50,2000,gaussian,DeepHull-original vs DeepHull-convex,51,0.40864950289318336
50,2000,gaussian,DeepHull-original vs DeepHull-convex,52,0.02845655630975319
50,2000,gaussian,DeepHull-original vs DeepHull-convex,53,0.4727686250903198
50,2000,gaussian,DeepHull-original vs DeepHull-convex,54,0.2343249980490305
50,2000,gaussian,DeepHull-original vs DeepHull-convex,55,8.881784197001252e-16
50,2000,gaussian,DeepHull-original vs DeepHull-convex,56,0.0
50,2000,gaussian,DeepHull-original vs DeepHull-convex,57,0.06802764823500329
50,2000,gaussian,DeepHull-original vs DeepHull-convex,58,0.4402793827219018
50,2000,gaussian,DeepHull-original vs DeepHull-convex,59,0.9149223125692587
50,2000,gaussian,DeepHull-original vs DeepHull-convex,60,0.0
50,2000,gaussian,DeepHull-original vs DeepHull-convex,61,0.04179475110617337
50,2000,gaussian,DeepHull-original vs DeepHull-convex,62,0.12118586072317195
50,2000,gaussian,DeepHull-original vs DeepHull-convex,63,0.23573121916641693
50,2000,gaussian,DeepHull-original vs DeepHull-convex,64,0.01992871106646321
50,2000,gaussian,DeepHull-original vs DeepHull-convex,65,0.0
50,2000,gaussian,DeepHull-original vs DeepHull-convex,66,0.35866959547943744
50,2000,gaussian,DeepHull-original vs DeepHull-convex,67,0.7080250287195076
50,2000,gaussian,DeepHull-original vs DeepHull-convex,68,0.24529139305722447
50,2000,gaussian,DeepHull-original vs DeepHull-convex,69,0.704180928259339
50,2000,gaussian,DeepHull-original vs DeepHull-convex,70,0.5609146014591788
50,2000,gaussian,DeepHull-original vs DeepHull-convex,71,0.4672663578155698
50,2000,gaussian,DeepHull-original vs DeepHull-convex,72,0.1835377491215695
50,2000,gaussian,DeepHull-original vs DeepHull-convex,73,0.1709356272766389
50,2000,gaussian,DeepHull-original vs DeepHull-convex,74,0.8660471227647464
50,2000,gaussian,DeepHull-original vs DeepHull-convex,75,0.11482485399666276
50,2000,gaussian,DeepHull-original vs DeepHull-convex,76,0.0
50,2000,gaussian,DeepHull-original vs DeepHull-convex,77,0.0
50,2000,gaussian,DeepHull-original vs DeepHull-convex,78,0.14657559174442225
50,2000,gaussian,DeepHull-original vs DeepHull-convex,79,0.3473993566544811
50,2000,gaussian,DeepHull-original vs DeepHull-convex,80,0.22303127159417224
50,2000,gaussian,DeepHull-original vs DeepHull-convex,81,0.4303475610571208
50,2000,gaussian,DeepHull-original vs DeepHull-convex,82,0.0
50,2000,gaussian,DeepHull-original vs DeepHull-convex,83,0.01968850814845524
50,2000,gaussian,DeepHull-original vs DeepHull-convex,84,0.6434717515745556
50,2000,gaussian,DeepHull-original vs DeepHull-convex,85,0.5525915089712325
50,2000,gaussian,DeepHull-original vs DeepHull-convex,86,0.04849139617810949
50,2000,gaussian,DeepHull-original vs DeepHull-convex,87,0.9477655899033737
50,2000,gaussian,DeepHull-original vs DeepHull-convex,88,0.32057129119965144
50,2000,gaussian,DeepHull-original vs DeepHull-convex,89,0.6687920499952651
50,2000,gaussian,DeepHull-original vs DeepHull-convex,90,0.14100141245713838
50,2000,gaussian,DeepHull-original vs DeepHull-convex,91,0.2884054617953238
50,2000,gaussian,DeepHull-original vs DeepHull-convex,92,0.22223140344937686
50,2000,gaussian,DeepHull-original vs DeepHull-convex,93,0.8426821090486425
50,2000,gaussian,DeepHull-original vs DeepHull-convex,94,0.02948912933633463
50,2000,gaussian,DeepHull-original vs DeepHull-convex,95,0.12424740920835053
50,2000,gaussian,DeepHull-original vs DeepHull-convex,96,0.4896982494631361
50,2000,gaussian,DeepHull-original vs DeepHull-convex,97,0.07381037683322078
50,2000,gaussian,DeepHull-original vs DeepHull-convex,98,0.0
50,2000,gaussian,DeepHull-original vs DeepHull-convex,99,0.3263124162441686
50,2000,gaussian,DeepHull-original vs DeepHull-convex,100,0.21244697260972734
50,2000,gaussian,DeepHull-original vs DeepHull-convex,101,0.0
50,2000,gaussian,DeepHull-original vs DeepHull-convex,102,0.9284102212727097
50,2000,gaussian,DeepHull-original vs DeepHull-convex,103,0.7552714917534573
50,2000,gaussian,DeepHull-original vs DeepHull-convex,104,0.1397004082188391
50,2000,gaussian,DeepHull-original vs DeepHull-convex,105,0.0
50,2000,gaussian,DeepHull-original vs DeepHull-convex,106,0.0
50,2000,gaussian,DeepHull-original vs DeepHull-convex,107,0.0
50,2000,gaussian,DeepHull-original vs DeepHull-convex,108,0.39138141076991606
50,2000,gaussian,DeepHull-original vs DeepHull-convex,109,0.2501268617865531
50,2000,gaussian,DeepHull-original vs DeepHull-convex,110,0.08517174750910161
50,2000,gaussian,DeepHull-original vs DeepHull-convex,111,1.265290772950612
50,2000,gaussian,DeepHull-original vs DeepHull-convex,112,0.9384317633646782
50,2000,gaussian,DeepHull-original vs DeepHull-convex,113,0.37302898569779996
50,2000,gaussian,DeepHull-original vs DeepHull-convex,114,0.07088102078125025
50,2000,gaussian,DeepHull-original vs DeepHull-convex,115,0.01180326322811509
50,2000,gaussian,DeepHull-original vs DeepHull-convex,116,0.39354145637483007
50,2000,gaussian,DeepHull-original vs DeepHull-convex,117,0.14117085437534183
50,2000,gaussian,DeepHull-original vs DeepHull-convex,118,0.24475690591179733
50,2000,gaussian,DeepHull-original vs DeepHull-convex,119,0.18408937223397226
50,2000,gaussian,DeepHull-original vs DeepHull-convex,120,0.1364152768594078
50,2000,gaussian,DeepHull-original vs DeepHull-convex,121,0.5821066890629114
50,2000,gaussian,DeepHull-original vs DeepHull-convex,122,1.1391874936315671
50,2000,gaussian,DeepHull-original vs DeepHull-convex,123,0.0
50,2000,gaussian,DeepHull-original vs DeepHull-convex,124,0.19495844112823124
50,2000,gaussian,DeepHull-original vs DeepHull-convex,125,0.4696725349516848
50,2000,gaussian,DeepHull-original vs DeepHull-convex,126,0.5291254034041322
50,2000,gaussian,DeepHull-original vs DeepHull-convex,127,0.1677144163174571
50,2000,gaussian,DeepHull-original vs DeepHull-convex,128,0.29287201146087294
50,2000,gaussian,DeepHull-original vs DeepHull-convex,129,0.33054829714406564
50,2000,gaussian,DeepHull-original vs DeepHull-convex,130,0.08274150362424937
50,2000,gaussian,DeepHull-original vs DeepHull-convex,131,0.0
50,2000,gaussian,DeepHull-original vs DeepHull-convex,132,0.7185606945242666
50,2000,gaussian,DeepHull-original vs DeepHull-convex,133,0.4726559549945133
50,2000,gaussian,DeepHull-original vs DeepHull-convex,134,0.5681469984862553
50,2000,gaussian,DeepHull-original vs DeepHull-convex,135,0.26390149040250876
50,2000,gaussian,DeepHull-original vs DeepHull-convex,136,0.0
50,2000,gaussian,DeepHull-original vs DeepHull-convex,137,0.040153251902533604
50,2000,gaussian,DeepHull-original vs DeepHull-convex,138,0.02325505589812682
50,2000,gaussian,DeepHull-original vs DeepHull-convex,139,0.37577944197302804
50,2000,gaussian,DeepHull-original vs DeepHull-convex,140,0.19408364852582416
50,2000,gaussian,DeepHull-original vs DeepHull-convex,141,0.060829344907726846
50,2000,gaussian,DeepHull-original vs DeepHull-convex,142,0.07905227760755862
50,2000,gaussian,DeepHull-original vs DeepHull-convex,143,0.6036991756559089
50,2000,gaussian,DeepHull-original vs DeepHull-convex,144,0.06658796730769856
50,2000,gaussian,DeepHull-original vs DeepHull-convex,145,0.0
50,2000,gaussian,DeepHull-original vs DeepHull-convex,146,0.18180831034617628
50,2000,gaussian,DeepHull-original vs DeepHull-convex,147,0.6038298586627959
50,2000,gaussian,DeepHull-original vs DeepHull-convex,148,0.19751091432113377
50,2000,gaussian,DeepHull-original vs DeepHull-convex,149,0.0
50,2000,gaussian,DeepHull-original vs DeepHull-convex,150,0.0832907161410199
50,2000,gaussian,DeepHull-original vs DeepHull-convex,151,0.017379181488258677
50,2000,gaussian,DeepHull-original vs DeepHull-convex,152,0.3882703662632814
50,2000,gaussian,DeepHull-original vs DeepHull-convex,153,0.5340493589825466
50,2000,gaussian,DeepHull-original vs DeepHull-convex,154,0.30993531450268796
50,2000,gaussian,DeepHull-original vs DeepHull-convex,155,0.14483937847198236
50,2000,gaussian,DeepHull-original vs DeepHull-convex,156,0.23082349650342548
50,2000,gaussian,DeepHull-original vs DeepHull-convex,157,0.03544432967046651
50,2000,gaussian,DeepHull-original vs DeepHull-convex,158,1.0750218734890784
50,2000,gaussian,DeepHull-original vs DeepHull-convex,159,0.17748386388973314
50,2000,gaussian,DeepHull-original vs DeepHull-convex,160,0.36789380174743114
50,2000,gaussian,DeepHull-original vs DeepHull-convex,161,0.053512991629626416
50,2000,gaussian,DeepHull-original vs DeepHull-convex,162,0.4379394302555275
50,2000,gaussian,DeepHull-original vs DeepHull-convex,163,0.2618277678559098
50,2000,gaussian,DeepHull-original vs DeepHull-convex,164,0.3049278978398533
50,2000,gaussian,DeepHull-original vs DeepHull-convex,165,0.8268278797246911
50,2000,gaussian,DeepHull-original vs DeepHull-convex,166,0.26216763922167674
50,2000,gaussian,DeepHull-original vs DeepHull-convex,167,0.2307357892234312
50,2000,gaussian,DeepHull-original vs DeepHull-convex,168,0.31847178567799816
50,2000,gaussian,DeepHull-original vs DeepHull-convex,169,0.38739945018422817
50,2000,gaussian,DeepHull-original vs DeepHull-convex,170,0.0
50,2000,gaussian,DeepHull-original vs DeepHull-convex,171,0.33674533919811966
50,2000,gaussian,DeepHull-original vs DeepHull-convex,172,0.49554147691734407
50,2000,gaussian,DeepHull-original vs DeepHull-convex,173,0.4351929455604513
50,2000,gaussian,DeepHull-original vs DeepHull-convex,174,0.18108399530980446
50,2000,gaussian,DeepHull-original vs DeepHull-convex,175,0.12596165590690367
50,2000,gaussian,DeepHull-original vs DeepHull-convex,176,0.0
50,2000,gaussian,DeepHull-original vs DeepHull-convex,177,0.3149523133586716
50,2000,gaussian,DeepHull-original vs DeepHull-convex,178,0.24809396321581856
50,2000,gaussian,DeepHull-original vs DeepHull-convex,179,0.3638062843749703
50,2000,gaussian,DeepHull-original vs DeepHull-convex,180,0.02679821768420987
50,2000,gaussian,DeepHull-original vs DeepHull-convex,181,0.44089137012623514
50,2000,gaussian,DeepHull-original vs DeepHull-convex,182,0.44620684515350595
50,2000,gaussian,DeepHull-original vs DeepHull-convex,183,0.42872164254892
50,2000,gaussian,DeepHull-original vs DeepHull-convex,184,0.939775929934219
50,2000,gaussian,DeepHull-original vs DeepHull-convex,185,0.0
50,2000,gaussian,DeepHull-original vs DeepHull-convex,186,0.3320979812886147
50,2000,gaussian,DeepHull-original vs DeepHull-convex,187,0.1827218382116167
50,2000,gaussian,DeepHull-original vs DeepHull-convex,188,0.05605372262458164
50,2000,gaussian,DeepHull-original vs DeepHull-convex,189,0.3501049596105421
50,2000,gaussian,DeepHull-original vs DeepHull-convex,190,0.5168691604724298
50,2000,gaussian,DeepHull-original vs DeepHull-convex,191,0.3773237993062528
50,2000,gaussian,DeepHull-original vs DeepHull-convex,192,0.6210172503087348
50,2000,gaussian,DeepHull-original vs DeepHull-convex,193,0.8582360375360261
50,2000,gaussian,DeepHull-original vs DeepHull-convex,194,0.0
50,2000,gaussian,DeepHull-original vs DeepHull-convex,195,0.8084589860176337
50,2000,gaussian,DeepHull-original vs DeepHull-convex,196,0.1052085534595486
50,2000,gaussian,DeepHull-original vs DeepHull-convex,197,0.19993198911992427
50,2000,gaussian,DeepHull-original vs DeepHull-convex,198,0.2672386739787065
50,2000,gaussian,DeepHull-original vs DeepHull-convex,199,0.007801646496691017
50,2000,gaussian,DeepHull-original vs DeepHull-convex,200,0.21829492861580357
50,2000,gaussian,DeepHull-original vs DeepHull-convex,201,0.06617965455256036
50,2000,gaussian,DeepHull-original vs DeepHull-convex,202,0.6881244964645528
50,2000,gaussian,DeepHull-original vs DeepHull-convex,203,0.29057362140963994
50,2000,gaussian,DeepHull-original vs DeepHull-convex,204,0.8421057121759747
50,2000,gaussian,DeepHull-original vs DeepHull-convex,205,0.2901764015553896
50,2000,gaussian,DeepHull-original vs DeepHull-convex,206,0.3306447470691978
50,2000,gaussian,DeepHull-original vs DeepHull-convex,207,0.19272900117400749
50,2000,gaussian,DeepHull-original vs DeepHull-convex,208,0.3725904270442395
50,2000,gaussian,DeepHull-original vs DeepHull-convex,209,0.03476434923420735
50,2000,gaussian,DeepHull-original vs DeepHull-convex,210,0.0
50,2000,gaussian,DeepHull-original vs DeepHull-convex,211,1.1129406713433567
50,2000,gaussian,DeepHull-original vs DeepHull-convex,212,0.3655504989153071
50,2000,gaussian,DeepHull-original vs DeepHull-convex,213,0.31645276991595717
50,2000,gaussian,DeepHull-original vs DeepHull-convex,214,0.7021236248462996
50,2000,gaussian,DeepHull-original vs DeepHull-convex,215,0.02417363874522005
50,2000,gaussian,DeepHull-original vs DeepHull-convex,216,0.11252447312442548
50,2000,gaussian,DeepHull-original vs DeepHull-convex,217,0.15900216154877267
50,2000,gaussian,DeepHull-original vs DeepHull-convex,218,0.0
50,2000,gaussian,DeepHull-original vs DeepHull-convex,219,0.4439922991579268
50,2000,gaussian,DeepHull-original vs DeepHull-convex,220,0.15278612612104125
50,2000,gaussian,DeepHull-original vs DeepHull-convex,221,0.17750119165260658
50,2000,gaussian,DeepHull-original vs DeepHull-convex,222,0.4754757171394053
50,2000,gaussian,DeepHull-original vs DeepHull-convex,223,0.000982103246831123
50,2000,gaussian,DeepHull-original vs DeepHull-convex,224,0.11097927885541248
50,2000,gaussian,DeepHull-original vs DeepHull-convex,225,0.34986017934754177
50,2000,gaussian,DeepHull-original vs DeepHull-convex,226,0.15815534201529835
50,2000,gaussian,DeepHull-original vs DeepHull-convex,227,0.19073558729656903
50,2000,gaussian,DeepHull-original vs DeepHull-convex,228,0.7218742086936785
50,2000,gaussian,DeepHull-original vs DeepHull-convex,229,0.4524580465859267
50,2000,gaussian,DeepHull-original vs DeepHull-convex,230,0.22393635564412495
50,2000,gaussian,DeepHull-original vs DeepHull-convex,231,0.2070542417210035
50,2000,gaussian,DeepHull-original vs DeepHull-convex,232,0.28024620089875585
50,2000,gaussian,DeepHull-original vs DeepHull-convex,233,0.004874313751242365
50,2000,gaussian,DeepHull-original vs DeepHull-convex,234,0.0
50,2000,gaussian,DeepHull-original vs DeepHull-convex,235,0.3216765298440616
50,2000,gaussian,DeepHull-original vs DeepHull-convex,236,0.0
50,2000,gaussian,DeepHull-original vs DeepHull-convex,237,0.0
50,2000,gaussian,DeepHull-original vs DeepHull-convex,238,0.0038776011514267683
50,2000,gaussian,DeepHull-original vs DeepHull-convex,239,0.3521136191929859
50,2000,gaussian,DeepHull-original vs DeepHull-convex,240,0.9287162648482883
50,2000,gaussian,DeepHull-original vs DeepHull-convex,241,0.22619332193052277
50,2000,gaussian,DeepHull-original vs DeepHull-convex,242,0.8635427614056796
50,2000,gaussian,DeepHull-original vs DeepHull-convex,243,0.0
50,2000,gaussian,DeepHull-original vs DeepHull-convex,244,0.6109291971558404
50,2000,gaussian,DeepHull-original vs DeepHull-convex,245,0.6879956480619327
50,2000,gaussian,DeepHull-original vs DeepHull-convex,246,0.516582408924058
50,2000,gaussian,DeepHull-original vs DeepHull-convex,247,0.6730137949424277
50,2000,gaussian,DeepHull-original vs DeepHull-convex,248,0.0310210328087428
50,2000,gaussian,DeepHull-original vs DeepHull-convex,249,0.0
50,2000,gaussian,DeepHull-original vs DeepHull-convex,250,0.0
50,2000,gaussian,DeepHull-original vs DeepHull-convex,251,0.4609079416253379
50,2000,gaussian,DeepHull-original vs DeepHull-convex,252,0.13665624345448135
50,2000,gaussian,DeepHull-original vs DeepHull-convex,253,0.22787996758320306
50,2000,gaussian,DeepHull-original vs DeepHull-convex,254,0.11469061572623929
50,2000,gaussian,DeepHull-original vs DeepHull-convex,255,0.19607862986126867
50,2000,uniform_cube,Extents vs MVEE,0,0.36722287250892016
50,2000,uniform_cube,Extents vs MVEE,1,0.0
50,2000,uniform_cube,Extents vs MVEE,2,0.0
50,2000,uniform_cube,Extents vs MVEE,3,0.0281027218307921
50,2000,uniform_cube,Extents vs MVEE,4,0.0
50,2000,uniform_cube,Extents vs MVEE,5,0.0
50,2000,uniform_cube,Extents vs MVEE,6,0.21670438541554993
50,2000,uniform_cube,Extents vs MVEE,7,0.0
50,2000,uniform_cube,Extents vs MVEE,8,0.0
50,2000,uniform_cube,Extents vs MVEE,9,0.0
50,2000,uniform_cube,Extents vs MVEE,10,0.0
50,2000,uniform_cube,Extents vs MVEE,11,0.0
50,2000,uniform_cube,Extents vs MVEE,12,0.0
50,2000,uniform_cube,Extents vs MVEE,13,0.0
50,2000,uniform_cube,Extents vs MVEE,14,0.24389133346366298
50,2000,uniform_cube,Extents vs MVEE,15,0.2119584850732399
50,2000,uniform_cube,Extents vs MVEE,16,0.0
50,2000,uniform_cube,Extents vs MVEE,17,0.0
50,2000,uniform_cube,Extents vs MVEE,18,0.0
50,2000,uniform_cube,Extents vs MVEE,19,0.0
50,2000,uniform_cube,Extents vs MVEE,20,0.05510804626013388
50,2000,uniform_cube,Extents vs MVEE,21,0.0
50,2000,uniform_cube,Extents vs MVEE,22,0.0
50,2000,uniform_cube,Extents vs MVEE,23,0.0
50,2000,uniform_cube,Extents vs MVEE,24,0.0
50,2000,uniform_cube,Extents vs MVEE,25,0.0
50,2000,uniform_cube,Extents vs MVEE,26,0.0
50,2000,uniform_cube,Extents vs MVEE,27,0.010277084183265783
50,2000,uniform_cube,Extents vs MVEE,28,0.0
50,2000,uniform_cube,Extents vs MVEE,29,0.0
50,2000,uniform_cube,Extents vs MVEE,30,0.20608815583801832
50,2000,uniform_cube,Extents vs MVEE,31,0.40621592186246414
50,2000,uniform_cube,Extents vs MVEE,32,0.0
50,2000,uniform_cube,Extents vs MVEE,33,0.0
50,2000,uniform_cube,Extents vs MVEE,34,0.0
50,2000,uniform_cube,Extents vs MVEE,35,0.0
50,2000,uniform_cube,Extents vs MVEE,36,0.0
50,2000,uniform_cube,Extents vs MVEE,37,4.440892098500626e-16
50,2000,uniform_cube,Extents vs MVEE,38,0.20428698445822846
50,2000,uniform_cube,Extents vs MVEE,39,0.0
50,2000,uniform_cube,Extents vs MVEE,40,4.440892098500626e-16
50,2000,uniform_cube,Extents vs MVEE,41,0.11778333199792046
50,2000,uniform_cube,Extents vs MVEE,42,0.0
50,2000,uniform_cube,Extents vs MVEE,43,0.0
50,2000,uniform_cube,Extents vs MVEE,44,0.0
50,2000,uniform_cube,Extents vs MVEE,45,0.0
50,2000,uniform_cube,Extents vs MVEE,46,0.0
50,2000,uniform_cube,Extents vs MVEE,47,0.0
50,2000,uniform_cube,Extents vs MVEE,48,0.3891159838317577
50,2000,uniform_cube,Extents vs MVEE,49,0.0
50,2000,uniform_cube,Extents vs MVEE,50,0.5708577269461605
50,2000,uniform_cube,Extents vs MVEE,51,0.0
50,2000,uniform_cube,Extents vs MVEE,52,0.053455230594261716
50,2000,uniform_cube,Extents vs MVEE,53,0.0
50,2000,uniform_cube,Extents vs MVEE,54,0.0
50,2000,uniform_cube,Extents vs MVEE,55,0.0
50,2000,uniform_cube,Extents vs MVEE,56,0.025988091545622094
50,2000,uniform_cube,Extents vs MVEE,57,0.0
50,2000,uniform_cube,Extents vs MVEE,58,0.0
50,2000,uniform_cube,Extents vs MVEE,59,0.0
50,2000,uniform_cube,Extents vs MVEE,60,0.0
50,2000,uniform_cube,Extents vs MVEE,61,0.0
50,2000,uniform_cube,Extents vs MVEE,62,0.0
50,2000,uniform_cube,Extents vs MVEE,63,0.0
50,2000,uniform_cube,Extents vs MVEE,64,0.07690371279580033
50,2000,uniform_cube,Extents vs MVEE,65,0.0
50,2000,uniform_cube,Extents vs MVEE,66,0.0
50,2000,uniform_cube,Extents vs MVEE,67,0.13074268469933847
50,2000,uniform_cube,Extents vs MVEE,68,0.0
50,2000,uniform_cube,Extents vs MVEE,69,0.05441179044567224
50,2000,uniform_cube,Extents vs MVEE,70,0.0
50,2000,uniform_cube,Extents vs MVEE,71,0.0
50,2000,uniform_cube,Extents vs MVEE,72,0.0
50,2000,uniform_cube,Extents vs MVEE,73,0.0
50,2000,uniform_cube,Extents vs MVEE,74,0.0
50,2000,uniform_cube,Extents vs MVEE,75,0.0
50,2000,uniform_cube,Extents vs MVEE,76,0.0
50,2000,uniform_cube,Extents vs MVEE,77,0.18906328020999297
50,2000,uniform_cube,Extents vs MVEE,78,0.0
50,2000,uniform_cube,Extents vs MVEE,79,0.0
50,2000,uniform_cube,Extents vs MVEE,80,0.0
50,2000,uniform_cube,Extents vs MVEE,81,0.0
50,2000,uniform_cube,Extents vs MVEE,82,0.0
50,2000,uniform_cube,Extents vs MVEE,83,0.0
50,2000,uniform_cube,Extents vs MVEE,84,0.05467101361651627
50,2000,uniform_cube,Extents vs MVEE,85,0.17823659778158873
50,2000,uniform_cube,Extents vs MVEE,86,0.0
50,2000,uniform_cube,Extents vs MVEE,87,0.2987681126849884
50,2000,uniform_cube,Extents vs MVEE,88,0.0
50,2000,uniform_cube,Extents vs MVEE,89,0.0
50,2000,uniform_cube,Extents vs MVEE,90,0.0
50,2000,uniform_cube,Extents vs MVEE,91,0.17344019506727504
50,2000,uniform_cube,Extents vs MVEE,92,0.29461024923933055
50,2000,uniform_cube,Extents vs MVEE,93,0.0
50,2000,uniform_cube,Extents vs MVEE,94,0.05684535750811248
50,2000,uniform_cube,Extents vs MVEE,95,0.024018951672341915
50,2000,uniform_cube,Extents vs MVEE,96,0.008182668439790097
50,2000,uniform_cube,Extents vs MVEE,97,0.0
50,2000,uniform_cube,Extents vs MVEE,98,0.15772069021983226
50,2000,uniform_cube,Extents vs MVEE,99,0.0
50,2000,uniform_cube,Extents vs MVEE,100,0.017344817213198915
50,2000,uniform_cube,Extents vs MVEE,101,2.220446049250313e-16
50,2000,uniform_cube,Extents vs MVEE,102,0.0
50,2000,uniform_cube,Extents vs MVEE,103,0.0
50,2000,uniform_cube,Extents vs MVEE,104,0.0
50,2000,uniform_cube,Extents vs MVEE,105,0.0
50,2000,uniform_cube,Extents vs MVEE,106,0.0
50,2000,uniform_cube,Extents vs MVEE,107,0.0
50,2000,uniform_cube,Extents vs MVEE,108,0.0
50,2000,uniform_cube,Extents vs MVEE,109,0.04749522643139659
50,2000,uniform_cube,Extents vs MVEE,110,0.0
50,2000,uniform_cube,Extents vs MVEE,111,0.24906778182751488
50,2000,uniform_cube,Extents vs MVEE,112,0.0
50,2000,uniform_cube,Extents vs MVEE,113,0.0
50,2000,uniform_cube,Extents vs MVEE,114,0.0
50,2000,uniform_cube,Extents vs MVEE,115,0.08676998265079194
50,2000,uniform_cube,Extents vs MVEE,116,0.0
50,2000,uniform_cube,Extents vs MVEE,117,0.0
50,2000,uniform_cube,Extents vs MVEE,118,0.0
50,2000,uniform_cube,Extents vs MVEE,119,0.0
50,2000,uniform_cube,Extents vs MVEE,120,0.0
50,2000,uniform_cube,Extents vs MVEE,121,0.0
50,2000,uniform_cube,Extents vs MVEE,122,0.11620742328335787
50,2000,uniform_cube,Extents vs MVEE,123,0.2103497890326138
50,2000,uniform_cube,Extents vs MVEE,124,0.0
50,2000,uniform_cube,Extents vs MVEE,125,0.0
50,2000,uniform_cube,Extents vs MVEE,126,0.0
50,2000,uniform_cube,Extents vs MVEE,127,0.00020740822589360164
50,2000,uniform_cube,Extents vs MVEE,128,0.0
50,2000,uniform_cube,Extents vs MVEE,129,0.0
50,2000,uniform_cube,Extents vs MVEE,130,0.0
50,2000,uniform_cube,Extents vs MVEE,131,0.04915485576951917
50,2000,uniform_cube,Extents vs MVEE,132,0.0
50,2000,uniform_cube,Extents vs MVEE,133,0.0
50,2000,uniform_cube,Extents vs MVEE,134,0.096282247000548
50,2000,uniform_cube,Extents vs MVEE,135,0.2127282638843928
50,2000,uniform_cube,Extents vs MVEE,136,8.881784197001252e-16
50,2000,uniform_cube,Extents vs MVEE,137,0.0
50,2000,uniform_cube,Extents vs MVEE,138,0.0
50,2000,uniform_cube,Extents vs MVEE,139,0.0
50,2000,uniform_cube,Extents vs MVEE,140,0.0
50,2000,uniform_cube,Extents vs MVEE,141,0.0
50,2000,uniform_cube,Extents vs MVEE,142,0.0
50,2000,uniform_cube,Extents vs MVEE,143,0.034078105272245196
50,2000,uniform_cube,Extents vs MVEE,144,0.0
50,2000,uniform_cube,Extents vs MVEE,145,0.0
50,2000,uniform_cube,Extents vs MVEE,146,0.0
50,2000,uniform_cube,Extents vs MVEE,147,0.0
50,2000,uniform_cube,Extents vs MVEE,148,0.0
50,2000,uniform_cube,Extents vs MVEE,149,0.0
50,2000,uniform_cube,Extents vs MVEE,150,0.0
50,2000,uniform_cube,Extents vs MVEE,151,0.0
50,2000,uniform_cube,Extents vs MVEE,152,0.0
50,2000,uniform_cube,Extents vs MVEE,153,0.00924384502192166
50,2000,uniform_cube,Extents vs MVEE,154,0.0
50,2000,uniform_cube,Extents vs MVEE,155,0.0
50,2000,uniform_cube,Extents vs MVEE,156,0.0
50,2000,uniform_cube,Extents vs MVEE,157,0.0
50,2000,uniform_cube,Extents vs MVEE,158,0.35289688629193305
50,2000,uniform_cube,Extents vs MVEE,159,0.28735604961305383
50,2000,uniform_cube,Extents vs MVEE,160,0.0
50,2000,uniform_cube,Extents vs MVEE,161,0.0
50,2000,uniform_cube,Extents vs MVEE,162,0.0
50,2000,uniform_cube,Extents vs MVEE,163,0.11510660376010695
50,2000,uniform_cube,Extents vs MVEE,164,0.0
50,2000,uniform_cube,Extents vs MVEE,165,0.026191188705491752
50,2000,uniform_cube,Extents vs MVEE,166,0.04351003332049541
50,2000,uniform_cube,Extents vs MVEE,167,0.0
50,2000,uniform_cube,Extents vs MVEE,168,0.0
50,2000,uniform_cube,Extents vs MVEE,169,0.0
50,2000,uniform_cube,Extents vs MVEE,170,0.0
50,2000,uniform_cube,Extents vs MVEE,171,0.0
50,2000,uniform_cube,Extents vs MVEE,172,0.0
50,2000,uniform_cube,Extents vs MVEE,173,0.0
50,2000,uniform_cube,Extents vs MVEE,174,0.0
50,2000,uniform_cube,Extents vs MVEE,175,0.0
50,2000,uniform_cube,Extents vs MVEE,176,0.0
50,2000,uniform_cube,Extents vs MVEE,177,0.0
50,2000,uniform_cube,Extents vs MVEE,178,0.0
50,2000,uniform_cube,Extents vs MVEE,179,0.0
50,2000,uniform_cube,Extents vs MVEE,180,0.0
50,2000,uniform_cube,Extents vs MVEE,181,0.0
50,2000,uniform_cube,Extents vs MVEE,182,0.29733916849587794
50,2000,uniform_cube,Extents vs MVEE,183,0.0
50,2000,uniform_cube,Extents vs MVEE,184,0.0
50,2000,uniform_cube,Extents vs MVEE,185,0.19050664861201727
50,2000,uniform_cube,Extents vs MVEE,186,0.41036244166763414
50,2000,uniform_cube,Extents vs MVEE,187,0.22065424125515554
50,2000,uniform_cube,Extents vs MVEE,188,0.0
50,2000,uniform_cube,Extents vs MVEE,189,0.1320960123684145
50,2000,uniform_cube,Extents vs MVEE,190,2.220446049250313e-16
50,2000,uniform_cube,Extents vs MVEE,191,0.0
50,2000,uniform_cube,Extents vs MVEE,192,0.0
50,2000,uniform_cube,Extents vs MVEE,193,0.0
50,2000,uniform_cube,Extents vs MVEE,194,0.0
50,2000,uniform_cube,Extents vs MVEE,195,0.0
50,2000,uniform_cube,Extents vs MVEE,196,0.07827335456501006
50,2000,uniform_cube,Extents vs MVEE,197,0.004575340389027405
50,2000,uniform_cube,Extents vs MVEE,198,0.0
50,2000,uniform_cube,Extents vs MVEE,199,0.5531052987619569
50,2000,uniform_cube,Extents vs MVEE,200,0.0
50,2000,uniform_cube,Extents vs MVEE,201,0.06042371210691355
50,2000,uniform_cube,Extents vs MVEE,202,0.17521635597546492
50,2000,uniform_cube,Extents vs MVEE,203,0.43150818157740933
50,2000,uniform_cube,Extents vs MVEE,204,0.2153619565265812
50,2000,uniform_cube,Extents vs MVEE,205,0.0
50,2000,uniform_cube,Extents vs MVEE,206,0.00938630883073266
50,2000,uniform_cube,Extents vs MVEE,207,0.0
50,2000,uniform_cube,Extents vs MVEE,208,0.0
50,2000,uniform_cube,Extents vs MVEE,209,0.0
50,2000,uniform_cube,Extents vs MVEE,210,0.0
50,2000,uniform_cube,Extents vs MVEE,211,0.20824481110104998
50,2000,uniform_cube,Extents vs MVEE,212,0.12383240215828595
50,2000,uniform_cube,Extents vs MVEE,213,0.058982180968225384
50,2000,uniform_cube,Extents vs MVEE,214,0.0
50,2000,uniform_cube,Extents vs MVEE,215,0.0
50,2000,uniform_cube,Extents vs MVEE,216,0.0
50,2000,uniform_cube,Extents vs MVEE,217,0.0
50,2000,uniform_cube,Extents vs MVEE,218,0.0
50,2000,uniform_cube,Extents vs MVEE,219,0.0
50,2000,uniform_cube,Extents vs MVEE,220,0.012018579978022581
50,2000,uniform_cube,Extents vs MVEE,221,0.09685742032225586
50,2000,uniform_cube,Extents vs MVEE,222,0.0
50,2000,uniform_cube,Extents vs MVEE,223,0.0
50,2000,uniform_cube,Extents vs MVEE,224,0.0
50,2000,uniform_cube,Extents vs MVEE,225,0.0
50,2000,uniform_cube,Extents vs MVEE,226,0.2567837736949945
50,2000,uniform_cube,Extents vs MVEE,227,0.0
50,2000,uniform_cube,Extents vs MVEE,228,0.0
50,2000,uniform_cube,Extents vs MVEE,229,0.06885765384279208
50,2000,uniform_cube,Extents vs MVEE,230,0.11525122967524992
50,2000,uniform_cube,Extents vs MVEE,231,0.03546876490003892
50,2000,uniform_cube,Extents vs MVEE,232,0.0
50,2000,uniform_cube,Extents vs MVEE,233,0.09947072727220818
50,2000,uniform_cube,Extents vs MVEE,234,0.006413635559424646
50,2000,uniform_cube,Extents vs MVEE,235,0.0
50,2000,uniform_cube,Extents vs MVEE,236,0.0
50,2000,uniform_cube,Extents vs MVEE,237,0.0
50,2000,uniform_cube,Extents vs MVEE,238,0.0
50,2000,uniform_cube,Extents vs MVEE,239,0.0
50,2000,uniform_cube,Extents vs MVEE,240,0.0
50,2000,uniform_cube,Extents vs MVEE,241,0.0
50,2000,uniform_cube,Extents vs MVEE,242,0.0
50,2000,uniform_cube,Extents vs MVEE,243,0.0
50,2000,uniform_cube,Extents vs MVEE,244,0.0
50,2000,uniform_cube,Extents vs MVEE,245,0.0
50,2000,uniform_cube,Extents vs MVEE,246,0.0
50,2000,uniform_cube,Extents vs MVEE,247,0.0
50,2000,uniform_cube,Extents vs MVEE,248,0.15227628540126825
50,2000,uniform_cube,Extents vs MVEE,249,0.38431154753588914
50,2000,uniform_cube,Extents vs MVEE,250,0.009075347799507583
50,2000,uniform_cube,Extents vs MVEE,251,0.0
50,2000,uniform_cube,Extents vs MVEE,252,0.24060633271975806
50,2000,uniform_cube,Extents vs MVEE,253,0.0
50,2000,uniform_cube,Extents vs MVEE,254,0.0
50,2000,uniform_cube,Extents vs MVEE,255,0.0
50,2000,uniform_cube,Extents vs DeepHull-original,0,0.5309541557912065
50,2000,uniform_cube,Extents vs DeepHull-original,1,0.9662961368079099
50,2000,uniform_cube,Extents vs DeepHull-original,2,0.17997539917999616
50,2000,uniform_cube,Extents vs DeepHull-original,3,0.05964522259484095
50,2000,uniform_cube,Extents vs DeepHull-original,4,0.5739196861554445
50,2000,uniform_cube,Extents vs DeepHull-original,5,0.4906319070386289
50,2000,uniform_cube,Extents vs DeepHull-original,6,0.0
50,2000,uniform_cube,Extents vs DeepHull-original,7,0.0
50,2000,uniform_cube,Extents vs DeepHull-original,8,0.07550441209360903
50,2000,uniform_cube,Extents vs DeepHull-original,9,0.7041805141057094
50,2000,uniform_cube,Extents vs DeepHull-original,10,0.024784578736400054
50,2000,uniform_cube,Extents vs DeepHull-original,11,0.3717927797513867
50,2000,uniform_cube,Extents vs DeepHull-original,12,0.1050130317718947
50,2000,uniform_cube,Extents vs DeepHull-original,13,0.679696353302969
50,2000,uniform_cube,Extents vs DeepHull-original,14,0.0
50,2000,uniform_cube,Extents vs DeepHull-original,15,0.13053183330016638
50,2000,uniform_cube,Extents vs DeepHull-original,16,0.7006497050063296
50,2000,uniform_cube,Extents vs DeepHull-original,17,0.5159331982425996
50,2000,uniform_cube,Extents vs DeepHull-original,18,0.005266130043901418
50,2000,uniform_cube,Extents vs DeepHull-original,19,0.9044404989236179
50,2000,uniform_cube,Extents vs DeepHull-original,20,0.0
50,2000,uniform_cube,Extents vs DeepHull-original,21,0.7791941639256619
50,2000,uniform_cube,Extents vs DeepHull-original,22,0.38214533836790987
50,2000,uniform_cube,Extents vs DeepHull-original,23,0.2134462937313213
50,2000,uniform_cube,Extents vs DeepHull-original,24,0.22810690185565563
50,2000,uniform_cube,Extents vs DeepHull-original,25,0.0
50,2000,uniform_cube,Extents vs DeepHull-original,26,0.5714217487574536
50,2000,uniform_cube,Extents vs DeepHull-original,27,0.4842560141510972
50,2000,uniform_cube,Extents vs DeepHull-original,28,0.8819375438179204
50,2000,uniform_cube,Extents vs DeepHull-original,29,0.0
50,2000,uniform_cube,Extents vs DeepHull-original,30,0.22572608124928695
50,2000,uniform_cube,Extents vs DeepHull-original,31,0.6639290875728365
50,2000,uniform_cube,Extents vs DeepHull-original,32,0.0
50,2000,uniform_cube,Extents vs DeepHull-original,33,0.41826509578367044
50,2000,uniform_cube,Extents vs DeepHull-original,34,0.3277816236238713
50,2000,uniform_cube,Extents vs DeepHull-original,35,1.143396100499491
50,2000,uniform_cube,Extents vs DeepHull-original,36,0.17314598675676884
50,2000,uniform_cube,Extents vs DeepHull-original,37,0.11663033463551775
50,2000,uniform_cube,Extents vs DeepHull-original,38,0.36726650289091367
50,2000,uniform_cube,Extents vs DeepHull-original,39,0.5812230775581486
50,2000,uniform_cube,Extents vs DeepHull-original,40,0.45730274519132097
50,2000,uniform_cube,Extents vs DeepHull-original,41,0.0
50,2000,uniform_cube,Extents vs DeepHull-original,42,0.49775650515465286
50,2000,uniform_cube,Extents vs DeepHull-original,43,0.2021513976935696
50,2000,uniform_cube,Extents vs DeepHull-original,44,0.14234632117282287
50,2000,uniform_cube,Extents vs DeepHull-original,45,0.4928259398600763
50,2000,uniform_cube,Extents vs DeepHull-original,46,0.0
50,2000,uniform_cube,Extents vs DeepHull-original,47,0.17514910092312008
50,2000,uniform_cube,Extents vs DeepHull-original,48,0.03640814060187858
50,2000,uniform_cube,Extents vs DeepHull-original,49,0.4410939615841021
50,2000,uniform_cube,Extents vs DeepHull-original,50,0.5708577269461605
50,2000,uniform_cube,Extents vs DeepHull-original,51,1.0301624927011108
50,2000,uniform_cube,Extents vs DeepHull-original,52,0.12127808025175701
50,2000,uniform_cube,Extents vs DeepHull-original,53,0.48588195465123984
50,2000,uniform_cube,Extents vs DeepHull-original,54,0.0
50,2000,uniform_cube,Extents vs DeepHull-original,55,0.15284372028967974
50,2000,uniform_cube,Extents vs DeepHull-original,56,0.0
50,2000,uniform_cube,Extents vs DeepHull-original,57,0.5199026212232358
50,2000,uniform_cube,Extents vs DeepHull-original,58,0.24531485147677756
50,2000,uniform_cube,Extents vs DeepHull-original,59,0.5438272399324673
50,2000,uniform_cube,Extents vs DeepHull-original,60,0.0
50,2000,uniform_cube,Extents vs DeepHull-original,61,0.2031747951867222
50,2000,uniform_cube,Extents vs DeepHull-original,62,0.1073434174204011
50,2000,uniform_cube,Extents vs DeepHull-original,63,0.15545146041834323
50,2000,uniform_cube,Extents vs DeepHull-original,64,0.07690371279580033
50,2000,uniform_cube,Extents vs DeepHull-original,65,0.5421723291055067
50,2000,uniform_cube,Extents vs DeepHull-original,66,0.276923830380551
50,2000,uniform_cube,Extents vs DeepHull-original,67,0.13074268469933847
50,2000,uniform_cube,Extents vs DeepHull-original,68,0.0
50,2000,uniform_cube,Extents vs DeepHull-original,69,0.14359683562740688
50,2000,uniform_cube,Extents vs DeepHull-original,70,0.35082829492185574
50,2000,uniform_cube,Extents vs DeepHull-original,71,0.46447007030727283
50,2000,uniform_cube,Extents vs DeepHull-original,72,0.8173336269616502
50,2000,uniform_cube,Extents vs DeepHull-original,73,0.20983940178481508
50,2000,uniform_cube,Extents vs DeepHull-original,74,0.3688002526504426
50,2000,uniform_cube,Extents vs DeepHull-original,75,0.9474541973926671
50,2000,uniform_cube,Extents vs DeepHull-original,76,0.5411833796605718
50,2000,uniform_cube,Extents vs DeepHull-original,77,0.18906328020999297
50,2000,uniform_cube,Extents vs DeepHull-original,78,0.46130112176901505
50,2000,uniform_cube,Extents vs DeepHull-original,79,0.7733477893580916
50,2000,uniform_cube,Extents vs DeepHull-original,80,0.42959148250989787
50,2000,uniform_cube,Extents vs DeepHull-original,81,0.4251467930227639
50,2000,uniform_cube,Extents vs DeepHull-original,82,0.4118570249288962
50,2000,uniform_cube,Extents vs DeepHull-original,83,0.005792525699552353
50,2000,uniform_cube,Extents vs DeepHull-original,84,0.05437889242018956
50,2000,uniform_cube,Extents vs DeepHull-original,85,0.17275170462164313
50,2000,uniform_cube,Extents vs DeepHull-original,86,0.5983610083340789
50,2000,uniform_cube,Extents vs DeepHull-original,87,0.1954528221362215
50,2000,uniform_cube,Extents vs DeepHull-original,88,0.16666599550480865
50,2000,uniform_cube,Extents vs DeepHull-original,89,0.3581976949605623
50,2000,uniform_cube,Extents vs DeepHull-original,90,0.062378831651757505
50,2000,uniform_cube,Extents vs DeepHull-original,91,0.3635962636325152
50,2000,uniform_cube,Extents vs DeepHull-original,92,0.29461024923933055
50,2000,uniform_cube,Extents vs DeepHull-original,93,0.0
50,2000,uniform_cube,Extents vs DeepHull-original,94,0.4631787019931002
50,2000,uniform_cube,Extents vs DeepHull-original,95,0.2139803737199959
50,2000,uniform_cube,Extents vs DeepHull-original,96,0.030485084218938585
50,2000,uniform_cube,Extents vs DeepHull-original,97,0.6220154851016144
50,2000,uniform_cube,Extents vs DeepHull-original,98,0.008014926687164081
50,2000,uniform_cube,Extents vs DeepHull-original,99,0.42206741967908745
50,2000,uniform_cube,Extents vs DeepHull-original,100,0.24087059743550077
50,2000,uniform_cube,Extents vs DeepHull-original,101,0.12241434154006381
50,2000,uniform_cube,Extents vs DeepHull-original,102,1.0897797931156215
50,2000,uniform_cube,Extents vs DeepHull-original,103,0.8384746615791847
50,2000,uniform_cube,Extents vs DeepHull-original,104,1.1619682389005856
50,2000,uniform_cube,Extents vs DeepHull-original,105,0.6209785909171135
50,2000,uniform_cube,Extents vs DeepHull-original,106,0.23547541426790009
50,2000,uniform_cube,Extents vs DeepHull-original,107,0.0
50,2000,uniform_cube,Extents vs DeepHull-original,108,0.8574688921899098
50,2000,uniform_cube,Extents vs DeepHull-original,109,0.4083312344429486
50,2000,uniform_cube,Extents vs DeepHull-original,110,0.05703002416423275
50,2000,uniform_cube,Extents vs DeepHull-original,111,0.2934973806381962
50,2000,uniform_cube,Extents vs DeepHull-original,112,0.2411084426794663
50,2000,uniform_cube,Extents vs DeepHull-original,113,0.0
50,2000,uniform_cube,Extents vs DeepHull-original,114,0.18417570995508425
50,2000,uniform_cube,Extents vs DeepHull-original,115,0.14481858090295296
50,2000,uniform_cube,Extents vs DeepHull-original,116,0.334555719789134
50,2000,uniform_cube,Extents vs DeepHull-original,117,0.1727413558218931
50,2000,uniform_cube,Extents vs DeepHull-original,118,0.5507879962276732
50,2000,uniform_cube,Extents vs DeepHull-original,119,0.07815555804051488
50,2000,uniform_cube,Extents vs DeepHull-original,120,0.5759896540530316
50,2000,uniform_cube,Extents vs DeepHull-original,121,0.2467248201254708
50,2000,uniform_cube,Extents vs DeepHull-original,122,0.11620742328335787
50,2000,uniform_cube,Extents vs DeepHull-original,123,0.6939603393802751
50,2000,uniform_cube,Extents vs DeepHull-original,124,0.6454552862944289
50,2000,uniform_cube,Extents vs DeepHull-original,125,0.070317621094524
50,2000,uniform_cube,Extents vs DeepHull-original,126,0.0
50,2000,uniform_cube,Extents vs DeepHull-original,127,0.0
50,2000,uniform_cube,Extents vs DeepHull-original,128,0.5472850520780626
50,2000,uniform_cube,Extents vs DeepHull-original,129,0.26788734012985005
50,2000,uniform_cube,Extents vs DeepHull-original,130,0.10540898586915404
50,2000,uniform_cube,Extents vs DeepHull-original,131,0.0
50,2000,uniform_cube,Extents vs DeepHull-original,132,0.07740377676173349
50,2000,uniform_cube,Extents vs DeepHull-original,133,0.9055610082329795
50,2000,uniform_cube,Extents vs DeepHull-original,134,0.2988489032276642
50,2000,uniform_cube,Extents vs DeepHull-original,135,0.24454613450799356
50,2000,uniform_cube,Extents vs DeepHull-original,136,0.2678625198034372
50,2000,uniform_cube,Extents vs DeepHull-original,137,0.6797472518300116
50,2000,uniform_cube,Extents vs DeepHull-original,138,1.0227744305241553
50,2000,uniform_cube,Extents vs DeepHull-original,139,0.16686785069522925
50,2000,uniform_cube,Extents vs DeepHull-original,140,0.5104734045152313
50,2000,uniform_cube,Extents vs DeepHull-original,141,0.0
50,2000,uniform_cube,Extents vs DeepHull-original,142,0.07596629713484826
50,2000,uniform_cube,Extents vs DeepHull-original,143,0.3123688935860143
50,2000,uniform_cube,Extents vs DeepHull-original,144,0.4255948422937619
50,2000,uniform_cube,Extents vs DeepHull-original,145,0.22364588765078275
50,2000,uniform_cube,Extents vs DeepHull-original,146,0.41948388011524007
50,2000,uniform_cube,Extents vs DeepHull-original,147,0.5834873857108909
50,2000,uniform_cube,Extents vs DeepHull-original,148,0.12510068446962808
50,2000,uniform_cube,Extents vs DeepHull-original,149,0.15640361682364334
50,2000,uniform_cube,Extents vs DeepHull-original,150,0.2143918613821667
50,2000,uniform_cube,Extents vs DeepHull-original,151,0.2854814935008676
50,2000,uniform_cube,Extents vs DeepHull-original,152,0.3243707319629585
50,2000,uniform_cube,Extents vs DeepHull-original,153,0.00924384502192166
50,2000,uniform_cube,Extents vs DeepHull-original,154,0.0
50,2000,uniform_cube,Extents vs DeepHull-original,155,0.14738683156961718
50,2000,uniform_cube,Extents vs DeepHull-original,156,0.6021263690495844
50,2000,uniform_cube,Extents vs DeepHull-original,157,0.0
50,2000,uniform_cube,Extents vs DeepHull-original,158,0.16730788056298151
50,2000,uniform_cube,Extents vs DeepHull-original,159,0.2649386204008626
50,2000,uniform_cube,Extents vs DeepHull-original,160,0.0738138761224012
50,2000,uniform_cube,Extents vs DeepHull-original,161,0.46182250536233593
50,2000,uniform_cube,Extents vs DeepHull-original,162,0.48209618657260966
50,2000,uniform_cube,Extents vs DeepHull-original,163,0.0
50,2000,uniform_cube,Extents vs DeepHull-original,164,0.47132220739023123
50,2000,uniform_cube,Extents vs DeepHull-original,165,0.49562390746751595
50,2000,uniform_cube,Extents vs DeepHull-original,166,0.521222074400109
50,2000,uniform_cube,Extents vs DeepHull-original,167,0.6052769638350874
50,2000,uniform_cube,Extents vs DeepHull-original,168,0.9566273130630722
50,2000,uniform_cube,Extents vs DeepHull-original,169,0.0
50,2000,uniform_cube,Extents vs DeepHull-original,170,0.7789355983143094
50,2000,uniform_cube,Extents vs DeepHull-original,171,0.5109433546484312
50,2000,uniform_cube,Extents vs DeepHull-original,172,0.4722681941489386
50,2000,uniform_cube,Extents vs DeepHull-original,173,0.13615617724869944
50,2000,uniform_cube,Extents vs DeepHull-original,174,0.0
50,2000,uniform_cube,Extents vs DeepHull-original,175,0.4522725084347663
50,2000,uniform_cube,Extents vs DeepHull-original,176,0.6331914956755966
50,2000,uniform_cube,Extents vs DeepHull-original,177,0.023323757735127293
50,2000,uniform_cube,Extents vs DeepHull-original,178,0.0
50,2000,uniform_cube,Extents vs DeepHull-original,179,0.05997439446862929
50,2000,uniform_cube,Extents vs DeepHull-original,180,0.30501199682573166
50,2000,uniform_cube,Extents vs DeepHull-original,181,0.43460224970463934
50,2000,uniform_cube,Extents vs DeepHull-original,182,0.14216466496624225
50,2000,uniform_cube,Extents vs DeepHull-original,183,0.018829017710054297
50,2000,uniform_cube,Extents vs DeepHull-original,184,0.28902351740555043
50,2000,uniform_cube,Extents vs DeepHull-original,185,0.40209998219189935
50,2000,uniform_cube,Extents vs DeepHull-original,186,0.01595031882702158
50,2000,uniform_cube,Extents vs DeepHull-original,187,0.39223592154657116
50,2000,uniform_cube,Extents vs DeepHull-original,188,0.5070652597833658
50,2000,uniform_cube,Extents vs DeepHull-original,189,0.5647713490429496
50,2000,uniform_cube,Extents vs DeepHull-original,190,0.11601058205036541
50,2000,uniform_cube,Extents vs DeepHull-original,191,0.7039442027009462
50,2000,uniform_cube,Extents vs DeepHull-original,192,0.7220564312055424
50,2000,uniform_cube,Extents vs DeepHull-original,193,0.0
50,2000,uniform_cube,Extents vs DeepHull-original,194,0.6480994808419496
50,2000,uniform_cube,Extents vs DeepHull-original,195,0.2814383514911232
50,2000,uniform_cube,Extents vs DeepHull-original,196,0.0
50,2000,uniform_cube,Extents vs DeepHull-original,197,0.056728622754005587
50,2000,uniform_cube,Extents vs DeepHull-original,198,0.05156776925401041
50,2000,uniform_cube,Extents vs DeepHull-original,199,0.5531052987619569
50,2000,uniform_cube,Extents vs DeepHull-original,200,0.5252282099311758
50,2000,uniform_cube,Extents vs DeepHull-original,201,0.12626782465637176
50,2000,uniform_cube,Extents vs DeepHull-original,202,0.37372404087222866
50,2000,uniform_cube,Extents vs DeepHull-original,203,0.0
50,2000,uniform_cube,Extents vs DeepHull-original,204,0.39052632433913703
50,2000,uniform_cube,Extents vs DeepHull-original,205,0.9175593860913923
50,2000,uniform_cube,Extents vs DeepHull-original,206,0.4095580083512169
50,2000,uniform_cube,Extents vs DeepHull-original,207,0.44438817198131786
50,2000,uniform_cube,Extents vs DeepHull-original,208,0.5461727528888969
50,2000,uniform_cube,Extents vs DeepHull-original,209,0.7278254913247633
50,2000,uniform_cube,Extents vs DeepHull-original,210,0.0
50,2000,uniform_cube,Extents vs DeepHull-original,211,0.18365565460344646
50,2000,uniform_cube,Extents vs DeepHull-original,212,0.05420780273176806
50,2000,uniform_cube,Extents vs DeepHull-original,213,0.06866865947194611
50,2000,uniform_cube,Extents vs DeepHull-original,214,0.08691050232273967
50,2000,uniform_cube,Extents vs DeepHull-original,215,0.18414865953486093
50,2000,uniform_cube,Extents vs DeepHull-original,216,0.39109591045680125
50,2000,uniform_cube,Extents vs DeepHull-original,217,0.5767361347511057
50,2000,uniform_cube,Extents vs DeepHull-original,218,0.57121184134702
50,2000,uniform_cube,Extents vs DeepHull-original,219,0.0
50,2000,uniform_cube,Extents vs DeepHull-original,220,0.13720047311798655
50,2000,uniform_cube,Extents vs DeepHull-original,221,0.26859277568073536
50,2000,uniform_cube,Extents vs DeepHull-original,222,0.7821677406769774
50,2000,uniform_cube,Extents vs DeepHull-original,223,0.4690798715469202
50,2000,uniform_cube,Extents vs DeepHull-original,224,0.08945296019035198
50,2000,uniform_cube,Extents vs DeepHull-original,225,0.3774043228374233
50,2000,uniform_cube,Extents vs DeepHull-original,226,0.17247811828829396
50,2000,uniform_cube,Extents vs DeepHull-original,227,0.21989786021488777
50,2000,uniform_cube,Extents vs DeepHull-original,228,0.4033279309443909
50,2000,uniform_cube,Extents vs DeepHull-original,229,0.058592417927524565
50,2000,uniform_cube,Extents vs DeepHull-original,230,0.14471373264595377
50,2000,uniform_cube,Extents vs DeepHull-original,231,0.026317431557759452
50,2000,uniform_cube,Extents vs DeepHull-original,232,0.0
50,2000,uniform_cube,Extents vs DeepHull-original,233,0.5613667328886409
50,2000,uniform_cube,Extents vs DeepHull-original,234,0.006413635559424646
50,2000,uniform_cube,Extents vs DeepHull-original,235,0.0
50,2000,uniform_cube,Extents vs DeepHull-original,236,0.0
50,2000,uniform_cube,Extents vs DeepHull-original,237,0.2155943908881348
50,2000,uniform_cube,Extents vs DeepHull-original,238,0.2390484218815514
50,2000,uniform_cube,Extents vs DeepHull-original,239,0.46736999278200586
50,2000,uniform_cube,Extents vs DeepHull-original,240,0.0
50,2000,uniform_cube,Extents vs DeepHull-original,241,0.3488674207263558
50,2000,uniform_cube,Extents vs DeepHull-original,242,0.3800154368441464
50,2000,uniform_cube,Extents vs DeepHull-original,243,0.252840321678071
50,2000,uniform_cube,Extents vs DeepHull-original,244,0.4919430469471775
50,2000,uniform_cube,Extents vs DeepHull-original,245,0.6030795407503797
50,2000,uniform_cube,Extents vs DeepHull-original,246,0.2677951429276233
50,2000,uniform_cube,Extents vs DeepHull-original,247,0.3542193905087292
50,2000,uniform_cube,Extents vs DeepHull-original,248,0.26140341771770803
50,2000,uniform_cube,Extents vs DeepHull-original,249,0.06941667318216105
50,2000,uniform_cube,Extents vs DeepHull-original,250,0.26696695016378613
50,2000,uniform_cube,Extents vs DeepHull-original,251,0.6895113574059322
50,2000,uniform_cube,Extents vs DeepHull-original,252,0.20889150345890561
50,2000,uniform_cube,Extents vs DeepHull-original,253,0.6651022418292254
50,2000,uniform_cube,Extents vs DeepHull-original,254,0.25672606401495357
50,2000,uniform_cube,Extents vs DeepHull-original,255,0.2709484592996374
50,2000,uniform_cube,Extents vs DeepHull-convex,0,0.0
50,2000,uniform_cube,Extents vs DeepHull-convex,1,0.7127831845760615
50,2000,uniform_cube,Extents vs DeepHull-convex,2,0.6343772955381606
50,2000,uniform_cube,Extents vs DeepHull-convex,3,0.0
50,2000,uniform_cube,Extents vs DeepHull-convex,4,0.3388198419990094
50,2000,uniform_cube,Extents vs DeepHull-convex,5,0.23299419695389934
50,2000,uniform_cube,Extents vs DeepHull-convex,6,0.3454420388117032
50,2000,uniform_cube,Extents vs DeepHull-convex,7,0.0
50,2000,uniform_cube,Extents vs DeepHull-convex,8,0.36344180176939567
50,2000,uniform_cube,Extents vs DeepHull-convex,9,0.09904524879708099
50,2000,uniform_cube,Extents vs DeepHull-convex,10,0.2686909678256575
50,2000,uniform_cube,Extents vs DeepHull-convex,11,0.0
50,2000,uniform_cube,Extents vs DeepHull-convex,12,0.1441177002843228
50,2000,uniform_cube,Extents vs DeepHull-convex,13,0.6586326196949577
50,2000,uniform_cube,Extents vs DeepHull-convex,14,0.25428481533810565
50,2000,uniform_cube,Extents vs DeepHull-convex,15,0.23065111940720873
50,2000,uniform_cube,Extents vs DeepHull-convex,16,0.965731940047583
50,2000,uniform_cube,Extents vs DeepHull-convex,17,0.8660199147535794
50,2000,uniform_cube,Extents vs DeepHull-convex,18,0.32929806602979506
50,2000,uniform_cube,Extents vs DeepHull-convex,19,0.5676073872532403
50,2000,uniform_cube,Extents vs DeepHull-convex,20,0.6211392445148642
50,2000,uniform_cube,Extents vs DeepHull-convex,21,1.4109189477029676
50,2000,uniform_cube,Extents vs DeepHull-convex,22,0.5313907486543612
50,2000,uniform_cube,Extents vs DeepHull-convex,23,0.48224466156133516
50,2000,uniform_cube,Extents vs DeepHull-convex,24,0.17622913812407104
50,2000,uniform_cube,Extents vs DeepHull-convex,25,0.05886285530297419
50,2000,uniform_cube,Extents vs DeepHull-convex,26,0.4156242316536025
50,2000,uniform_cube,Extents vs DeepHull-convex,27,0.0
50,2000,uniform_cube,Extents vs DeepHull-convex,28,0.0
50,2000,uniform_cube,Extents vs DeepHull-convex,29,0.34588941025650866
50,2000,uniform_cube,Extents vs DeepHull-convex,30,0.2731077426423114
50,2000,uniform_cube,Extents vs DeepHull-convex,31,0.18878126641282456
50,2000,uniform_cube,Extents vs DeepHull-convex,32,0.664027038890088
50,2000,uniform_cube,Extents vs DeepHull-convex,33,0.5448308372810597
50,2000,uniform_cube,Extents vs DeepHull-convex,34,0.2621949002946713
50,2000,uniform_cube,Extents vs DeepHull-convex,35,1.0465794164798876
50,2000,uniform_cube,Extents vs DeepHull-convex,36,0.11212101776726469
50,2000,uniform_cube,Extents vs DeepHull-convex,37,0.5211438161242838
50,2000,uniform_cube,Extents vs DeepHull-convex,38,0.27846832555883405
50,2000,uniform_cube,Extents vs DeepHull-convex,39,1.0321149714491726
50,2000,uniform_cube,Extents vs DeepHull-convex,40,0.3778120212274436
50,2000,uniform_cube,Extents vs DeepHull-convex,41,0.2190555290764944
50,2000,uniform_cube,Extents vs DeepHull-convex,42,0.5388482818939855
50,2000,uniform_cube,Extents vs DeepHull-convex,43,0.8943382704639509
50,2000,uniform_cube,Extents vs DeepHull-convex,44,0.14234632117282287
50,2000,uniform_cube,Extents vs DeepHull-convex,45,0.18078747200514145
50,2000,uniform_cube,Extents vs DeepHull-convex,46,0.838845106341753
50,2000,uniform_cube,Extents vs DeepHull-convex,47,0.41696256393343667
50,2000,uniform_cube,Extents vs DeepHull-convex,48,0.3243850362427738
50,2000,uniform_cube,Extents vs DeepHull-convex,49,0.0
50,2000,uniform_cube,Extents vs DeepHull-convex,50,0.20148341232984657
50,2000,uniform_cube,Extents vs DeepHull-convex,51,0.6222643710426452
50,2000,uniform_cube,Extents vs DeepHull-convex,52,0.1769754082126509
50,2000,uniform_cube,Extents vs DeepHull-convex,53,0.7192689060074595
50,2000,uniform_cube,Extents vs DeepHull-convex,54,0.9078261511789603
50,2000,uniform_cube,Extents vs DeepHull-convex,55,0.47526676777649435
50,2000,uniform_cube,Extents vs DeepHull-convex,56,0.025988091545622094
50,2000,uniform_cube,Extents vs DeepHull-convex,57,2.220446049250313e-16
50,2000,uniform_cube,Extents vs DeepHull-convex,58,0.24531485147677756
50,2000,uniform_cube,Extents vs DeepHull-convex,59,0.644378380591176
50,2000,uniform_cube,Extents vs DeepHull-convex,60,0.2899120256256922
50,2000,uniform_cube,Extents vs DeepHull-convex,61,0.2631219128650326
50,2000,uniform_cube,Extents vs DeepHull-convex,62,0.27616971255819056
50,2000,uniform_cube,Extents vs DeepHull-convex,63,0.5523350315282407
50,2000,uniform_cube,Extents vs DeepHull-convex,64,0.4191645251328615
50,2000,uniform_cube,Extents vs DeepHull-convex,65,0.8359116964823818
50,2000,uniform_cube,Extents vs DeepHull-convex,66,0.6626448902491269
50,2000,uniform_cube,Extents vs DeepHull-convex,67,0.0
50,2000,uniform_cube,Extents vs DeepHull-convex,68,0.6571911307895588
50,2000,uniform_cube,Extents vs DeepHull-convex,69,0.08226692606414421
50,2000,uniform_cube,Extents vs DeepHull-convex,70,0.26863592323644303
50,2000,uniform_cube,Extents vs DeepHull-convex,71,0.36602937059333085
50,2000,uniform_cube,Extents vs DeepHull-convex,72,1.0293217501195284
50,2000,uniform_cube,Extents vs DeepHull-convex,73,0.353512198281543
50,2000,uniform_cube,Extents vs DeepHull-convex,74,0.5301784254432464
50,2000,uniform_cube,Extents vs DeepHull-convex,75,0.8778170686769731
50,2000,uniform_cube,Extents vs DeepHull-convex,76,0.7550367925725368
50,2000,uniform_cube,Extents vs DeepHull-convex,77,0.1265176115483957
50,2000,uniform_cube,Extents vs DeepHull-convex,78,0.34809320450268877
50,2000,uniform_cube,Extents vs DeepHull-convex,79,0.7028522108895707
50,2000,uniform_cube,Extents vs DeepHull-convex,80,0.5404083389695395
50,2000,uniform_cube,Extents vs DeepHull-convex,81,0.9393776096893498
50,2000,uniform_cube,Extents vs DeepHull-convex,82,0.6037646922940245
50,2000,uniform_cube,Extents vs DeepHull-convex,83,0.13403371636235306
50,2000,uniform_cube,Extents vs DeepHull-convex,84,0.03639179994770059
50,2000,uniform_cube,Extents vs DeepHull-convex,85,0.17823659778158873
50,2000,uniform_cube,Extents vs DeepHull-convex,86,0.47994782336206177
50,2000,uniform_cube,Extents vs DeepHull-convex,87,0.23859074705153738
50,2000,uniform_cube,Extents vs DeepHull-convex,88,0.08329032762947941
50,2000,uniform_cube,Extents vs DeepHull-convex,89,0.671880022844513
50,2000,uniform_cube,Extents vs DeepHull-convex,90,0.5724750706911734
50,2000,uniform_cube,Extents vs DeepHull-convex,91,0.8107006031511663
50,2000,uniform_cube,Extents vs DeepHull-convex,92,0.29461024923933055
50,2000,uniform_cube,Extents vs DeepHull-convex,93,0.33423939679087367
50,2000,uniform_cube,Extents vs DeepHull-convex,94,0.5423062997072443
50,2000,uniform_cube,Extents vs DeepHull-convex,95,0.024018951672341915
50,2000,uniform_cube,Extents vs DeepHull-convex,96,0.2925951170414418
50,2000,uniform_cube,Extents vs DeepHull-convex,97,0.0
50,2000,uniform_cube,Extents vs DeepHull-convex,98,0.5905485930564789
50,2000,uniform_cube,Extents vs DeepHull-convex,99,0.0
50,2000,uniform_cube,Extents vs DeepHull-convex,100,0.0
50,2000,uniform_cube,Extents vs DeepHull-convex,101,0.5412343278045344
50,2000,uniform_cube,Extents vs DeepHull-convex,102,0.5104626800146401
50,2000,uniform_cube,Extents vs DeepHull-convex,103,0.7591810744944154
50,2000,uniform_cube,Extents vs DeepHull-convex,104,0.0
50,2000,uniform_cube,Extents vs DeepHull-convex,105,0.5393257143190242
50,2000,uniform_cube,Extents vs DeepHull-convex,106,0.3337554246808625
50,2000,uniform_cube,Extents vs DeepHull-convex,107,0.5609565494414601
50,2000,uniform_cube,Extents vs DeepHull-convex,108,0.9146537568116775
50,2000,uniform_cube,Extents vs DeepHull-convex,109,0.0
50,2000,uniform_cube,Extents vs DeepHull-convex,110,0.20214071951182344
50,2000,uniform_cube,Extents vs DeepHull-convex,111,0.3665608847920834
50,2000,uniform_cube,Extents vs DeepHull-convex,112,0.0
50,2000,uniform_cube,Extents vs DeepHull-convex,113,0.2935871178964362
50,2000,uniform_cube,Extents vs DeepHull-convex,114,0.5056613162307921
50,2000,uniform_cube,Extents vs DeepHull-convex,115,0.09767861045597792
50,2000,uniform_cube,Extents vs DeepHull-convex,116,0.06208721751747692
50,2000,uniform_cube,Extents vs DeepHull-convex,117,0.18931229972366004
50,2000,uniform_cube,Extents vs DeepHull-convex,118,0.5427896766458771
50,2000,uniform_cube,Extents vs DeepHull-convex,119,0.6274955689779245
50,2000,uniform_cube,Extents vs DeepHull-convex,120,0.831562035038041
50,2000,uniform_cube,Extents vs DeepHull-convex,121,0.21926559501474685
50,2000,uniform_cube,Extents vs DeepHull-convex,122,0.20207302870542154
50,2000,uniform_cube,Extents vs DeepHull-convex,123,0.9526009485223625
50,2000,uniform_cube,Extents vs DeepHull-convex,124,0.0902450311751215
50,2000,uniform_cube,Extents vs DeepHull-convex,125,0.21120887548493883
50,2000,uniform_cube,Extents vs DeepHull-convex,126,0.10431645755651298
50,2000,uniform_cube,Extents vs DeepHull-convex,127,0.4225013653148262
50,2000,uniform_cube,Extents vs DeepHull-convex,128,0.6734767561282125
50,2000,uniform_cube,Extents vs DeepHull-convex,129,0.3039528420043247
50,2000,uniform_cube,Extents vs DeepHull-convex,130,0.3034429117853581
50,2000,uniform_cube,Extents vs DeepHull-convex,131,0.027332716898291753
50,2000,uniform_cube,Extents vs DeepHull-convex,132,0.6051316851393407
50,2000,uniform_cube,Extents vs DeepHull-convex,133,1.0848085292028533
50,2000,uniform_cube,Extents vs DeepHull-convex,134,0.38441416614448554
50,2000,uniform_cube,Extents vs DeepHull-convex,135,0.4140931260571967
50,2000,uniform_cube,Extents vs DeepHull-convex,136,0.6219654727737169
50,2000,uniform_cube,Extents vs DeepHull-convex,137,0.3916913043533399
50,2000,uniform_cube,Extents vs DeepHull-convex,138,0.7507903813629304
50,2000,uniform_cube,Extents vs DeepHull-convex,139,6.661338147750939e-16
50,2000,uniform_cube,Extents vs DeepHull-convex,140,0.5806572480939862
50,2000,uniform_cube,Extents vs DeepHull-convex,141,0.4625032125212918
50,2000,uniform_cube,Extents vs DeepHull-convex,142,0.3684622202141019
50,2000,uniform_cube,Extents vs DeepHull-convex,143,0.5027912229038289
50,2000,uniform_cube,Extents vs DeepHull-convex,144,0.18876429005261186
50,2000,uniform_cube,Extents vs DeepHull-convex,145,0.2486465454509732
50,2000,uniform_cube,Extents vs DeepHull-convex,146,0.6429756965404854
50,2000,uniform_cube,Extents vs DeepHull-convex,147,1.289239691511985
50,2000,uniform_cube,Extents vs DeepHull-convex,148,0.09458748163737729
50,2000,uniform_cube,Extents vs DeepHull-convex,149,0.3640892154197326
50,2000,uniform_cube,Extents vs DeepHull-convex,150,0.533303087761615
50,2000,uniform_cube,Extents vs DeepHull-convex,151,0.6573164810920282
50,2000,uniform_cube,Extents vs DeepHull-convex,152,0.4753302130081769
50,2000,uniform_cube,Extents vs DeepHull-convex,153,0.0709948544127077
50,2000,uniform_cube,Extents vs DeepHull-convex,154,0.21391349120987324
50,2000,uniform_cube,Extents vs DeepHull-convex,155,0.46566543035567
50,2000,uniform_cube,Extents vs DeepHull-convex,156,0.5600478366362924
50,2000,uniform_cube,Extents vs DeepHull-convex,157,0.8328660730237227
50,2000,uniform_cube,Extents vs DeepHull-convex,158,0.1656772227950607
50,2000,uniform_cube,Extents vs DeepHull-convex,159,0.4003657669015439
50,2000,uniform_cube,Extents vs DeepHull-convex,160,0.26552656038968436
50,2000,uniform_cube,Extents vs DeepHull-convex,161,0.4548503909300956
50,2000,uniform_cube,Extents vs DeepHull-convex,162,0.6225064755171956
50,2000,uniform_cube,Extents vs DeepHull-convex,163,0.2298977916375715
50,2000,uniform_cube,Extents vs DeepHull-convex,164,0.585479899559594
50,2000,uniform_cube,Extents vs DeepHull-convex,165,0.026191188705491752
50,2000,uniform_cube,Extents vs DeepHull-convex,166,0.4613845325652124
50,2000,uniform_cube,Extents vs DeepHull-convex,167,0.6052769638350874
50,2000,uniform_cube,Extents vs DeepHull-convex,168,0.7501573015921141
50,2000,uniform_cube,Extents vs DeepHull-convex,169,0.0
50,2000,uniform_cube,Extents vs DeepHull-convex,170,0.5115063592205937
50,2000,uniform_cube,Extents vs DeepHull-convex,171,0.5468866900939455
50,2000,uniform_cube,Extents vs DeepHull-convex,172,0.3429540512248008
50,2000,uniform_cube,Extents vs DeepHull-convex,173,0.31083289208105547
50,2000,uniform_cube,Extents vs DeepHull-convex,174,0.2612066430371165
50,2000,uniform_cube,Extents vs DeepHull-convex,175,0.3748739141117503
50,2000,uniform_cube,Extents vs DeepHull-convex,176,0.42716806474763636
50,2000,uniform_cube,Extents vs DeepHull-convex,177,0.3482442047766794
50,2000,uniform_cube,Extents vs DeepHull-convex,178,0.7388462785460792
50,2000,uniform_cube,Extents vs DeepHull-convex,179,0.1383248284285663
50,2000,uniform_cube,Extents vs DeepHull-convex,180,0.32511319759648405
50,2000,uniform_cube,Extents vs DeepHull-convex,181,0.1388616241419791
50,2000,uniform_cube,Extents vs DeepHull-convex,182,0.2960777543870554
50,2000,uniform_cube,Extents vs DeepHull-convex,183,0.5048284952878026
50,2000,uniform_cube,Extents vs DeepHull-convex,184,0.5991454589049972
50,2000,uniform_cube,Extents vs DeepHull-convex,185,0.19050664861201727
50,2000,uniform_cube,Extents vs DeepHull-convex,186,0.20035291678433476
50,2000,uniform_cube,Extents vs DeepHull-convex,187,0.19805013532702853
50,2000,uniform_cube,Extents vs DeepHull-convex,188,0.0
50,2000,uniform_cube,Extents vs DeepHull-convex,189,0.3181585031975207
50,2000,uniform_cube,Extents vs DeepHull-convex,190,0.649282728934609
50,2000,uniform_cube,Extents vs DeepHull-convex,191,0.2681969023398736
50,2000,uniform_cube,Extents vs DeepHull-convex,192,0.7360632507856697
50,2000,uniform_cube,Extents vs DeepHull-convex,193,0.3978827628302144
50,2000,uniform_cube,Extents vs DeepHull-convex,194,0.6175300042337819
50,2000,uniform_cube,Extents vs DeepHull-convex,195,0.6734015045192336
50,2000,uniform_cube,Extents vs DeepHull-convex,196,0.15702159630042978
50,2000,uniform_cube,Extents vs DeepHull-convex,197,0.13923352133440647
50,2000,uniform_cube,Extents vs DeepHull-convex,198,0.5569988088113529
50,2000,uniform_cube,Extents vs DeepHull-convex,199,0.5531052987619569
50,2000,uniform_cube,Extents vs DeepHull-convex,200,0.04406089791960466
50,2000,uniform_cube,Extents vs DeepHull-convex,201,0.2297793412648106
50,2000,uniform_cube,Extents vs DeepHull-convex,202,0.5216457897839744
50,2000,uniform_cube,Extents vs DeepHull-convex,203,0.21727145976883233
50,2000,uniform_cube,Extents vs DeepHull-convex,204,0.19537845568525758
50,2000,uniform_cube,Extents vs DeepHull-convex,205,0.25176266780707524
50,2000,uniform_cube,Extents vs DeepHull-convex,206,0.0
50,2000,uniform_cube,Extents vs DeepHull-convex,207,0.716408499382406
50,2000,uniform_cube,Extents vs DeepHull-convex,208,1.0147279887893552
50,2000,uniform_cube,Extents vs DeepHull-convex,209,0.6684745648137662
50,2000,uniform_cube,Extents vs DeepHull-convex,210,0.47109810542325814
50,2000,uniform_cube,Extents vs DeepHull-convex,211,0.3821532370714096
50,2000,uniform_cube,Extents vs DeepHull-convex,212,0.0
50,2000,uniform_cube,Extents vs DeepHull-convex,213,0.3790685092242059
50,2000,uniform_cube,Extents vs DeepHull-convex,214,0.17342759612927638
50,2000,uniform_cube,Extents vs DeepHull-convex,215,2.220446049250313e-16
50,2000,uniform_cube,Extents vs DeepHull-convex,216,0.09982990923147583
50,2000,uniform_cube,Extents vs DeepHull-convex,217,0.6198718605660287
50,2000,uniform_cube,Extents vs DeepHull-convex,218,0.11727501235368676
50,2000,uniform_cube,Extents vs DeepHull-convex,219,0.4047565932845778
50,2000,uniform_cube,Extents vs DeepHull-convex,220,0.3133431077111566
50,2000,uniform_cube,Extents vs DeepHull-convex,221,0.09944799435222462
50,2000,uniform_cube,Extents vs DeepHull-convex,222,0.6642463393565283
50,2000,uniform_cube,Extents vs DeepHull-convex,223,0.4210750417341118
50,2000,uniform_cube,Extents vs DeepHull-convex,224,0.5129197111183492
50,2000,uniform_cube,Extents vs DeepHull-convex,225,0.06867779413994746
50,2000,uniform_cube,Extents vs DeepHull-convex,226,0.4310306629115228
50,2000,uniform_cube,Extents vs DeepHull-convex,227,0.5406720092879527
50,2000,uniform_cube,Extents vs DeepHull-convex,228,0.22549356118718067
50,2000,uniform_cube,Extents vs DeepHull-convex,229,0.0
50,2000,uniform_cube,Extents vs DeepHull-convex,230,0.11525122967524992
50,2000,uniform_cube,Extents vs DeepHull-convex,231,0.3277839059575287
50,2000,uniform_cube,Extents vs DeepHull-convex,232,0.0
50,2000,uniform_cube,Extents vs DeepHull-convex,233,0.7815303796923923
50,2000,uniform_cube,Extents vs DeepHull-convex,234,0.5502879876764399
50,2000,uniform_cube,Extents vs DeepHull-convex,235,0.6787425334111108
50,2000,uniform_cube,Extents vs DeepHull-convex,236,0.5337207246722018
50,2000,uniform_cube,Extents vs DeepHull-convex,237,0.345064321717772
50,2000,uniform_cube,Extents vs DeepHull-convex,238,0.37561930923443776
50,2000,uniform_cube,Extents vs DeepHull-convex,239,0.46736999278200586
50,2000,uniform_cube,Extents vs DeepHull-convex,240,0.3754804402761822
50,2000,uniform_cube,Extents vs DeepHull-convex,241,0.4366894896826876
50,2000,uniform_cube,Extents vs DeepHull-convex,242,0.07842918374855978
50,2000,uniform_cube,Extents vs DeepHull-convex,243,0.4690700769425915
50,2000,uniform_cube,Extents vs DeepHull-convex,244,0.04117504108513104
50,2000,uniform_cube,Extents vs DeepHull-convex,245,0.5959415372505119
50,2000,uniform_cube,Extents vs DeepHull-convex,246,0.682366952122498
50,2000,uniform_cube,Extents vs DeepHull-convex,247,0.3482521763948154
50,2000,uniform_cube,Extents vs DeepHull-convex,248,0.3916601689620749
50,2000,uniform_cube,Extents vs DeepHull-convex,249,0.20275870702743548
50,2000,uniform_cube,Extents vs DeepHull-convex,250,0.22632628410026978
50,2000,uniform_cube,Extents vs DeepHull-convex,251,0.43205425708516065
50,2000,uniform_cube,Extents vs DeepHull-convex,252,0.34009572141717714
50,2000,uniform_cube,Extents vs DeepHull-convex,253,0.05680298369977943
50,2000,uniform_cube,Extents vs DeepHull-convex,254,0.8067634262395746
50,2000,uniform_cube,Extents vs DeepHull-convex,255,0.7490043863150568
50,2000,uniform_cube,MVEE vs DeepHull-original,0,0.8981770283001267
50,2000,uniform_cube,MVEE vs DeepHull-original,1,0.9662961368079099
50,2000,uniform_cube,MVEE vs DeepHull-original,2,0.17997539917999616
50,2000,uniform_cube,MVEE vs DeepHull-original,3,0.08774794442563305
50,2000,uniform_cube,MVEE vs DeepHull-original,4,0.5739196861554445
50,2000,uniform_cube,MVEE vs DeepHull-original,5,0.4906319070386289
50,2000,uniform_cube,MVEE vs DeepHull-original,6,0.21670438541554993
50,2000,uniform_cube,MVEE vs DeepHull-original,7,0.0
50,2000,uniform_cube,MVEE vs DeepHull-original,8,0.07550441209360903
50,2000,uniform_cube,MVEE vs DeepHull-original,9,0.7041805141057094
50,2000,uniform_cube,MVEE vs DeepHull-original,10,0.024784578736400054
50,2000,uniform_cube,MVEE vs DeepHull-original,11,0.3717927797513867
50,2000,uniform_cube,MVEE vs DeepHull-original,12,0.1050130317718947
50,2000,uniform_cube,MVEE vs DeepHull-original,13,0.679696353302969
50,2000,uniform_cube,MVEE vs DeepHull-original,14,0.24389133346366298
50,2000,uniform_cube,MVEE vs DeepHull-original,15,0.34249031837340627
50,2000,uniform_cube,MVEE vs DeepHull-original,16,0.7006497050063296
50,2000,uniform_cube,MVEE vs DeepHull-original,17,0.5159331982425996
50,2000,uniform_cube,MVEE vs DeepHull-original,18,0.005266130043901418
50,2000,uniform_cube,MVEE vs DeepHull-original,19,0.9044404989236179
50,2000,uniform_cube,MVEE vs DeepHull-original,20,0.05510804626013388
50,2000,uniform_cube,MVEE vs DeepHull-original,21,0.7791941639256619
50,2000,uniform_cube,MVEE vs DeepHull-original,22,0.38214533836790987
50,2000,uniform_cube,MVEE vs DeepHull-original,23,0.2134462937313213
50,2000,uniform_cube,MVEE vs DeepHull-original,24,0.22810690185565563
50,2000,uniform_cube,MVEE vs DeepHull-original,25,0.0
50,2000,uniform_cube,MVEE vs DeepHull-original,26,0.5714217487574536
50,2000,uniform_cube,MVEE vs DeepHull-original,27,0.494533098334363
50,2000,uniform_cube,MVEE vs DeepHull-original,28,0.8819375438179204
50,2000,uniform_cube,MVEE vs DeepHull-original,29,0.0
50,2000,uniform_cube,MVEE vs DeepHull-original,30,0.43181423708730526
50,2000,uniform_cube,MVEE vs DeepHull-original,31,1.0701450094353007
50,2000,uniform_cube,MVEE vs DeepHull-original,32,0.0
50,2000,uniform_cube,MVEE vs DeepHull-original,33,0.41826509578367044
50,2000,uniform_cube,MVEE vs DeepHull-original,34,0.3277816236238713
50,2000,uniform_cube,MVEE vs DeepHull-original,35,1.143396100499491
50,2000,uniform_cube,MVEE vs DeepHull-original,36,0.17314598675676884
50,2000,uniform_cube,MVEE vs DeepHull-original,37,0.11663033463551731
50,2000,uniform_cube,MVEE vs DeepHull-original,38,0.5715534873491421
50,2000,uniform_cube,MVEE vs DeepHull-original,39,0.5812230775581486
50,2000,uniform_cube,MVEE vs DeepHull-original,40,0.4573027451913205
50,2000,uniform_cube,MVEE vs DeepHull-original,41,0.11778333199792046
50,2000,uniform_cube,MVEE vs DeepHull-original,42,0.49775650515465286
50,2000,uniform_cube,MVEE vs DeepHull-original,43,0.2021513976935696
50,2000,uniform_cube,MVEE vs DeepHull-original,44,0.14234632117282287
50,2000,uniform_cube,MVEE vs DeepHull-original,45,0.4928259398600763
50,2000,uniform_cube,MVEE vs DeepHull-original,46,0.0
50,2000,uniform_cube,MVEE vs DeepHull-original,47,0.17514910092312008
50,2000,uniform_cube,MVEE vs DeepHull-original,48,0.35270784322987914
50,2000,uniform_cube,MVEE vs DeepHull-original,49,0.4410939615841021
50,2000,uniform_cube,MVEE vs DeepHull-original,50,0.0
50,2000,uniform_cube,MVEE vs DeepHull-original,51,1.0301624927011108
50,2000,uniform_cube,MVEE vs DeepHull-original,52,0.17473331084601873
50,2000,uniform_cube,MVEE vs DeepHull-original,53,0.48588195465123984
50,2000,uniform_cube,MVEE vs DeepHull-original,54,0.0
50,2000,uniform_cube,MVEE vs DeepHull-original,55,0.15284372028967974
50,2000,uniform_cube,MVEE vs DeepHull-original,56,0.025988091545622094
50,2000,uniform_cube,MVEE vs DeepHull-original,57,0.5199026212232358
50,2000,uniform_cube,MVEE vs DeepHull-original,58,0.24531485147677756
50,2000,uniform_cube,MVEE vs DeepHull-original,59,0.5438272399324673
50,2000,uniform_cube,MVEE vs DeepHull-original,60,0.0
50,2000,uniform_cube,MVEE vs DeepHull-original,61,0.2031747951867222
50,2000,uniform_cube,MVEE vs DeepHull-original,62,0.1073434174204011
50,2000,uniform_cube,MVEE vs DeepHull-original,63,0.15545146041834323
50,2000,uniform_cube,MVEE vs DeepHull-original,64,0.0
50,2000,uniform_cube,MVEE vs DeepHull-original,65,0.5421723291055067
50,2000,uniform_cube,MVEE vs DeepHull-original,66,0.276923830380551
50,2000,uniform_cube,MVEE vs DeepHull-original,67,0.0
50,2000,uniform_cube,MVEE vs DeepHull-original,68,0.0
50,2000,uniform_cube,MVEE vs DeepHull-original,69,0.19800862607307912
50,2000,uniform_cube,MVEE vs DeepHull-original,70,0.35082829492185574
50,2000,uniform_cube,MVEE vs DeepHull-original,71,0.46447007030727283
50,2000,uniform_cube,MVEE vs DeepHull-original,72,0.8173336269616502
50,2000,uniform_cube,MVEE vs DeepHull-original,73,0.20983940178481508
50,2000,uniform_cube,MVEE vs DeepHull-original,74,0.3688002526504426
50,2000,uniform_cube,MVEE vs DeepHull-original,75,0.9474541973926671
50,2000,uniform_cube,MVEE vs DeepHull-original,76,0.5411833796605718
50,2000,uniform_cube,MVEE vs DeepHull-original,77,0.0
50,2000,uniform_cube,MVEE vs DeepHull-original,78,0.46130112176901505
50,2000,uniform_cube,MVEE vs DeepHull-original,79,0.7733477893580916
50,2000,uniform_cube,MVEE vs DeepHull-original,80,0.42959148250989787
50,2000,uniform_cube,MVEE vs DeepHull-original,81,0.4251467930227639
50,2000,uniform_cube,MVEE vs DeepHull-original,82,0.4118570249288962
50,2000,uniform_cube,MVEE vs DeepHull-original,83,0.005792525699552353
50,2000,uniform_cube,MVEE vs DeepHull-original,84,0.10904990603670583
50,2000,uniform_cube,MVEE vs DeepHull-original,85,0.35098830240323187
50,2000,uniform_cube,MVEE vs DeepHull-original,86,0.5983610083340789
50,2000,uniform_cube,MVEE vs DeepHull-original,87,0.10331529054876687
50,2000,uniform_cube,MVEE vs DeepHull-original,88,0.16666599550480865
50,2000,uniform_cube,MVEE vs DeepHull-original,89,0.3581976949605623
50,2000,uniform_cube,MVEE vs DeepHull-original,90,0.062378831651757505
50,2000,uniform_cube,MVEE vs DeepHull-original,91,0.5370364586997902
50,2000,uniform_cube,MVEE vs DeepHull-original,92,0.0
50,2000,uniform_cube,MVEE vs DeepHull-original,93,0.0
50,2000,uniform_cube,MVEE vs DeepHull-original,94,0.5200240595012127
50,2000,uniform_cube,MVEE vs DeepHull-original,95,0.2379993253923378
50,2000,uniform_cube,MVEE vs DeepHull-original,96,0.03866775265872868
50,2000,uniform_cube,MVEE vs DeepHull-original,97,0.6220154851016144
50,2000,uniform_cube,MVEE vs DeepHull-original,98,0.16573561690699634
50,2000,uniform_cube,MVEE vs DeepHull-original,99,0.42206741967908745
50,2000,uniform_cube,MVEE vs DeepHull-original,100,0.2582154146486997
50,2000,uniform_cube,MVEE vs DeepHull-original,101,0.12241434154006403
50,2000,uniform_cube,MVEE vs DeepHull-original,102,1.0897797931156215
50,2000,uniform_cube,MVEE vs DeepHull-original,103,0.8384746615791847
50,2000,uniform_cube,MVEE vs DeepHull-original,104,1.1619682389005856
50,2000,uniform_cube,MVEE vs DeepHull-original,105,0.6209785909171135
50,2000,uniform_cube,MVEE vs DeepHull-original,106,0.23547541426790009
50,2000,uniform_cube,MVEE vs DeepHull-original,107,0.0
50,2000,uniform_cube,MVEE vs DeepHull-original,108,0.8574688921899098
50,2000,uniform_cube,MVEE vs DeepHull-original,109,0.4558264608743452
50,2000,uniform_cube,MVEE vs DeepHull-original,110,0.05703002416423275
50,2000,uniform_cube,MVEE vs DeepHull-original,111,0.5425651624657111
50,2000,uniform_cube,MVEE vs DeepHull-original,112,0.2411084426794663
50,2000,uniform_cube,MVEE vs DeepHull-original,113,0.0
50,2000,uniform_cube,MVEE vs DeepHull-original,114,0.18417570995508425
50,2000,uniform_cube,MVEE vs DeepHull-original,115,0.2315885635537449
50,2000,uniform_cube,MVEE vs DeepHull-original,116,0.334555719789134
50,2000,uniform_cube,MVEE vs DeepHull-original,117,0.1727413558218931
50,2000,uniform_cube,MVEE vs DeepHull-original,118,0.5507879962276732
50,2000,uniform_cube,MVEE vs DeepHull-original,119,0.07815555804051488
50,2000,uniform_cube,MVEE vs DeepHull-original,120,0.5759896540530316
50,2000,uniform_cube,MVEE vs DeepHull-original,121,0.2467248201254708
50,2000,uniform_cube,MVEE vs DeepHull-original,122,0.0
50,2000,uniform_cube,MVEE vs DeepHull-original,123,0.9043101284128889
50,2000,uniform_cube,MVEE vs DeepHull-original,124,0.6454552862944289
50,2000,uniform_cube,MVEE vs DeepHull-original,125,0.070317621094524
50,2000,uniform_cube,MVEE vs DeepHull-original,126,0.0
50,2000,uniform_cube,MVEE vs DeepHull-original,127,0.00020740822589360164
50,2000,uniform_cube,MVEE vs DeepHull-original,128,0.5472850520780626
50,2000,uniform_cube,MVEE vs DeepHull-original,129,0.26788734012985005
50,2000,uniform_cube,MVEE vs DeepHull-original,130,0.10540898586915404
50,2000,uniform_cube,MVEE vs DeepHull-original,131,0.04915485576951917
50,2000,uniform_cube,MVEE vs DeepHull-original,132,0.07740377676173349
50,2000,uniform_cube,MVEE vs DeepHull-original,133,0.9055610082329795
50,2000,uniform_cube,MVEE vs DeepHull-original,134,0.3951311502282122
50,2000,uniform_cube,MVEE vs DeepHull-original,135,0.45727439839238637
50,2000,uniform_cube,MVEE vs DeepHull-original,136,0.26786251980343634
50,2000,uniform_cube,MVEE vs DeepHull-original,137,0.6797472518300116
50,2000,uniform_cube,MVEE vs DeepHull-original,138,1.0227744305241553
50,2000,uniform_cube,MVEE vs DeepHull-original,139,0.16686785069522925
50,2000,uniform_cube,MVEE vs DeepHull-original,140,0.5104734045152313
50,2000,uniform_cube,MVEE vs DeepHull-original,141,0.0
50,2000,uniform_cube,MVEE vs DeepHull-original,142,0.07596629713484826
50,2000,uniform_cube,MVEE vs DeepHull-original,143,0.34644699885825947
50,2000,uniform_cube,MVEE vs DeepHull-original,144,0.4255948422937619
50,2000,uniform_cube,MVEE vs DeepHull-original,145,0.22364588765078275
50,2000,uniform_cube,MVEE vs DeepHull-original,146,0.41948388011524007
50,2000,uniform_cube,MVEE vs DeepHull-original,147,0.5834873857108909
50,2000,uniform_cube,MVEE vs DeepHull-original,148,0.12510068446962808
50,2000,uniform_cube,MVEE vs DeepHull-original,149,0.15640361682364334
50,2000,uniform_cube,MVEE vs DeepHull-original,150,0.2143918613821667
50,2000,uniform_cube,MVEE vs DeepHull-original,151,0.2854814935008676
50,2000,uniform_cube,MVEE vs DeepHull-original,152,0.3243707319629585
50,2000,uniform_cube,MVEE vs DeepHull-original,153,0.0
50,2000,uniform_cube,MVEE vs DeepHull-original,154,0.0
50,2000,uniform_cube,MVEE vs DeepHull-original,155,0.14738683156961718
50,2000,uniform_cube,MVEE vs DeepHull-original,156,0.6021263690495844
50,2000,uniform_cube,MVEE vs DeepHull-original,157,0.0
50,2000,uniform_cube,MVEE vs DeepHull-original,158,0.18558900572895154
50,2000,uniform_cube,MVEE vs DeepHull-original,159,0.5522946700139164
50,2000,uniform_cube,MVEE vs DeepHull-original,160,0.0738138761224012
50,2000,uniform_cube,MVEE vs DeepHull-original,161,0.46182250536233593
50,2000,uniform_cube,MVEE vs DeepHull-original,162,0.48209618657260966
50,2000,uniform_cube,MVEE vs DeepHull-original,163,0.11510660376010695
50,2000,uniform_cube,MVEE vs DeepHull-original,164,0.47132220739023123
50,2000,uniform_cube,MVEE vs DeepHull-original,165,0.5218150961730077
50,2000,uniform_cube,MVEE vs DeepHull-original,166,0.5647321077206044
50,2000,uniform_cube,MVEE vs DeepHull-original,167,0.6052769638350874
50,2000,uniform_cube,MVEE vs DeepHull-original,168,0.9566273130630722
50,2000,uniform_cube,MVEE vs DeepHull-original,169,0.0
50,2000,uniform_cube,MVEE vs DeepHull-original,170,0.7789355983143094
50,2000,uniform_cube,MVEE vs DeepHull-original,171,0.5109433546484312
50,2000,uniform_cube,MVEE vs DeepHull-original,172,0.4722681941489386
50,2000,uniform_cube,MVEE vs DeepHull-original,173,0.13615617724869944
50,2000,uniform_cube,MVEE vs DeepHull-original,174,0.0
50,2000,uniform_cube,MVEE vs DeepHull-original,175,0.4522725084347663
50,2000,uniform_cube,MVEE vs DeepHull-original,176,0.6331914956755966
50,2000,uniform_cube,MVEE vs DeepHull-original,177,0.023323757735127293
50,2000,uniform_cube,MVEE vs DeepHull-original,178,0.0
50,2000,uniform_cube,MVEE vs DeepHull-original,179,0.05997439446862929
50,2000,uniform_cube,MVEE vs DeepHull-original,180,0.30501199682573166
50,2000,uniform_cube,MVEE vs DeepHull-original,181,0.43460224970463934
50,2000,uniform_cube,MVEE vs DeepHull-original,182,0.4395038334621202
50,2000,uniform_cube,MVEE vs DeepHull-original,183,0.018829017710054297
50,2000,uniform_cube,MVEE vs DeepHull-original,184,0.28902351740555043
50,2000,uniform_cube,MVEE vs DeepHull-original,185,0.5926066308039166
50,2000,uniform_cube,MVEE vs DeepHull-original,186,0.39441212284061256
50,2000,uniform_cube,MVEE vs DeepHull-original,187,0.6128901628017267
50,2000,uniform_cube,MVEE vs DeepHull-original,188,0.5070652597833658
50,2000,uniform_cube,MVEE vs DeepHull-original,189,0.6968673614113641
50,2000,uniform_cube,MVEE vs DeepHull-original,190,0.11601058205036563
50,2000,uniform_cube,MVEE vs DeepHull-original,191,0.7039442027009462
50,2000,uniform_cube,MVEE vs DeepHull-original,192,0.7220564312055424
50,2000,uniform_cube,MVEE vs DeepHull-original,193,0.0
50,2000,uniform_cube,MVEE vs DeepHull-original,194,0.6480994808419496
50,2000,uniform_cube,MVEE vs DeepHull-original,195,0.2814383514911232
50,2000,uniform_cube,MVEE vs DeepHull-original,196,0.07827335456501006
50,2000,uniform_cube,MVEE vs DeepHull-original,197,0.06130396314303299
50,2000,uniform_cube,MVEE vs DeepHull-original,198,0.05156776925401041
50,2000,uniform_cube,MVEE vs DeepHull-original,199,0.0
50,2000,uniform_cube,MVEE vs DeepHull-original,200,0.5252282099311758
50,2000,uniform_cube,MVEE vs DeepHull-original,201,0.18669153676328532
50,2000,uniform_cube,MVEE vs DeepHull-original,202,0.5489403968476936
50,2000,uniform_cube,MVEE vs DeepHull-original,203,0.43150818157740933
50,2000,uniform_cube,MVEE vs DeepHull-original,204,0.6058882808657182
50,2000,uniform_cube,MVEE vs DeepHull-original,205,0.9175593860913923
50,2000,uniform_cube,MVEE vs DeepHull-original,206,0.4189443171819496
50,2000,uniform_cube,MVEE vs DeepHull-original,207,0.44438817198131786
50,2000,uniform_cube,MVEE vs DeepHull-original,208,0.5461727528888969
50,2000,uniform_cube,MVEE vs DeepHull-original,209,0.7278254913247633
50,2000,uniform_cube,MVEE vs DeepHull-original,210,0.0
50,2000,uniform_cube,MVEE vs DeepHull-original,211,0.39190046570449644
50,2000,uniform_cube,MVEE vs DeepHull-original,212,0.06962459942651789
50,2000,uniform_cube,MVEE vs DeepHull-original,213,0.1276508404401715
50,2000,uniform_cube,MVEE vs DeepHull-original,214,0.08691050232273967
50,2000,uniform_cube,MVEE vs DeepHull-original,215,0.18414865953486093
50,2000,uniform_cube,MVEE vs DeepHull-original,216,0.39109591045680125
50,2000,uniform_cube,MVEE vs DeepHull-original,217,0.5767361347511057
50,2000,uniform_cube,MVEE vs DeepHull-original,218,0.57121184134702
50,2000,uniform_cube,MVEE vs DeepHull-original,219,0.0
50,2000,uniform_cube,MVEE vs DeepHull-original,220,0.14921905309600914
50,2000,uniform_cube,MVEE vs DeepHull-original,221,0.3654501960029912
50,2000,uniform_cube,MVEE vs DeepHull-original,222,0.7821677406769774
50,2000,uniform_cube,MVEE vs DeepHull-original,223,0.4690798715469202
50,2000,uniform_cube,MVEE vs DeepHull-original,224,0.08945296019035198
50,2000,uniform_cube,MVEE vs DeepHull-original,225,0.3774043228374233
50,2000,uniform_cube,MVEE vs DeepHull-original,226,0.42926189198328846
50,2000,uniform_cube,MVEE vs DeepHull-original,227,0.21989786021488777
50,2000,uniform_cube,MVEE vs DeepHull-original,228,0.4033279309443909
50,2000,uniform_cube,MVEE vs DeepHull-original,229,0.010265235915267512
50,2000,uniform_cube,MVEE vs DeepHull-original,230,0.2599649623212037
50,2000,uniform_cube,MVEE vs DeepHull-original,231,0.06178619645779837
50,2000,uniform_cube,MVEE vs DeepHull-original,232,0.0
50,2000,uniform_cube,MVEE vs DeepHull-original,233,0.6608374601608491
50,2000,uniform_cube,MVEE vs DeepHull-original,234,0.0
50,2000,uniform_cube,MVEE vs DeepHull-original,235,0.0
50,2000,uniform_cube,MVEE vs DeepHull-original,236,0.0
50,2000,uniform_cube,MVEE vs DeepHull-original,237,0.2155943908881348
50,2000,uniform_cube,MVEE vs DeepHull-original,238,0.2390484218815514
50,2000,uniform_cube,MVEE vs DeepHull-original,239,0.46736999278200586
50,2000,uniform_cube,MVEE vs DeepHull-original,240,0.0
50,2000,uniform_cube,MVEE vs DeepHull-original,241,0.3488674207263558
50,2000,uniform_cube,MVEE vs DeepHull-original,242,0.3800154368441464
50,2000,uniform_cube,MVEE vs DeepHull-original,243,0.252840321678071
50,2000,uniform_cube,MVEE vs DeepHull-original,244,0.4919430469471775
50,2000,uniform_cube,MVEE vs DeepHull-original,245,0.6030795407503797
50,2000,uniform_cube,MVEE vs DeepHull-original,246,0.2677951429276233
50,2000,uniform_cube,MVEE vs DeepHull-original,247,0.3542193905087292
50,2000,uniform_cube,MVEE vs DeepHull-original,248,0.4136797031189763
50,2000,uniform_cube,MVEE vs DeepHull-original,249,0.4537282207180502
50,2000,uniform_cube,MVEE vs DeepHull-original,250,0.2760422979632937
50,2000,uniform_cube,MVEE vs DeepHull-original,251,0.6895113574059322
50,2000,uniform_cube,MVEE vs DeepHull-original,252,0.4494978361786637
50,2000,uniform_cube,MVEE vs DeepHull-original,253,0.6651022418292254
50,2000,uniform_cube,MVEE vs DeepHull-original,254,0.25672606401495357
50,2000,uniform_cube,MVEE vs DeepHull-original,255,0.2709484592996374
50,2000,uniform_cube,MVEE vs DeepHull-convex,0,0.36722287250892016
50,2000,uniform_cube,MVEE vs DeepHull-convex,1,0.7127831845760615
50,2000,uniform_cube,MVEE vs DeepHull-convex,2,0.6343772955381606
50,2000,uniform_cube,MVEE vs DeepHull-convex,3,0.0281027218307921
50,2000,uniform_cube,MVEE vs DeepHull-convex,4,0.3388198419990094
50,2000,uniform_cube,MVEE vs DeepHull-convex,5,0.23299419695389934
50,2000,uniform_cube,MVEE vs DeepHull-convex,6,0.5621464242272531
50,2000,uniform_cube,MVEE vs DeepHull-convex,7,0.0
50,2000,uniform_cube,MVEE vs DeepHull-convex,8,0.36344180176939567
50,2000,uniform_cube,MVEE vs DeepHull-convex,9,0.09904524879708099
50,2000,uniform_cube,MVEE vs DeepHull-convex,10,0.2686909678256575
50,2000,uniform_cube,MVEE vs DeepHull-convex,11,0.0
50,2000,uniform_cube,MVEE vs DeepHull-convex,12,0.1441177002843228
50,2000,uniform_cube,MVEE vs DeepHull-convex,13,0.6586326196949577
50,2000,uniform_cube,MVEE vs DeepHull-convex,14,0.49817614880176864
50,2000,uniform_cube,MVEE vs DeepHull-convex,15,0.4426096044804486
50,2000,uniform_cube,MVEE vs DeepHull-convex,16,0.965731940047583
50,2000,uniform_cube,MVEE vs DeepHull-convex,17,0.8660199147535794
50,2000,uniform_cube,MVEE vs DeepHull-convex,18,0.32929806602979506
50,2000,uniform_cube,MVEE vs DeepHull-convex,19,0.5676073872532403
50,2000,uniform_cube,MVEE vs DeepHull-convex,20,0.6762472907749981
50,2000,uniform_cube,MVEE vs DeepHull-convex,21,1.4109189477029676
50,2000,uniform_cube,MVEE vs DeepHull-convex,22,0.5313907486543612
50,2000,uniform_cube,MVEE vs DeepHull-convex,23,0.48224466156133516
50,2000,uniform_cube,MVEE vs DeepHull-convex,24,0.17622913812407104
50,2000,uniform_cube,MVEE vs DeepHull-convex,25,0.05886285530297419
50,2000,uniform_cube,MVEE vs DeepHull-convex,26,0.4156242316536025
50,2000,uniform_cube,MVEE vs DeepHull-convex,27,0.010277084183265783
50,2000,uniform_cube,MVEE vs DeepHull-convex,28,0.0
50,2000,uniform_cube,MVEE vs DeepHull-convex,29,0.34588941025650866
50,2000,uniform_cube,MVEE vs DeepHull-convex,30,0.47919589848032973
50,2000,uniform_cube,MVEE vs DeepHull-convex,31,0.5949971882752887
50,2000,uniform_cube,MVEE vs DeepHull-convex,32,0.664027038890088
50,2000,uniform_cube,MVEE vs DeepHull-convex,33,0.5448308372810597
50,2000,uniform_cube,MVEE vs DeepHull-convex,34,0.2621949002946713
50,2000,uniform_cube,MVEE vs DeepHull-convex,35,1.0465794164798876
50,2000,uniform_cube,MVEE vs DeepHull-convex,36,0.11212101776726469
50,2000,uniform_cube,MVEE vs DeepHull-convex,37,0.5211438161242834
50,2000,uniform_cube,MVEE vs DeepHull-convex,38,0.4827553100170625
50,2000,uniform_cube,MVEE vs DeepHull-convex,39,1.0321149714491726
50,2000,uniform_cube,MVEE vs DeepHull-convex,40,0.3778120212274432
50,2000,uniform_cube,MVEE vs DeepHull-convex,41,0.33683886107441485
50,2000,uniform_cube,MVEE vs DeepHull-convex,42,0.5388482818939855
50,2000,uniform_cube,MVEE vs DeepHull-convex,43,0.8943382704639509
50,2000,uniform_cube,MVEE vs DeepHull-convex,44,0.14234632117282287
50,2000,uniform_cube,MVEE vs DeepHull-convex,45,0.18078747200514145
50,2000,uniform_cube,MVEE vs DeepHull-convex,46,0.838845106341753
50,2000,uniform_cube,MVEE vs DeepHull-convex,47,0.41696256393343667
50,2000,uniform_cube,MVEE vs DeepHull-convex,48,0.7135010200745315
50,2000,uniform_cube,MVEE vs DeepHull-convex,49,0.0
50,2000,uniform_cube,MVEE vs DeepHull-convex,50,0.369374314616314
50,2000,uniform_cube,MVEE vs DeepHull-convex,51,0.6222643710426452
50,2000,uniform_cube,MVEE vs DeepHull-convex,52,0.2304306388069126
50,2000,uniform_cube,MVEE vs DeepHull-convex,53,0.7192689060074595
50,2000,uniform_cube,MVEE vs DeepHull-convex,54,0.9078261511789603
50,2000,uniform_cube,MVEE vs DeepHull-convex,55,0.47526676777649435
50,2000,uniform_cube,MVEE vs DeepHull-convex,56,0.0
50,2000,uniform_cube,MVEE vs DeepHull-convex,57,2.220446049250313e-16
50,2000,uniform_cube,MVEE vs DeepHull-convex,58,0.24531485147677756
50,2000,uniform_cube,MVEE vs DeepHull-convex,59,0.644378380591176
50,2000,uniform_cube,MVEE vs DeepHull-convex,60,0.2899120256256922
50,2000,uniform_cube,MVEE vs DeepHull-convex,61,0.2631219128650326
50,2000,uniform_cube,MVEE vs DeepHull-convex,62,0.27616971255819056
50,2000,uniform_cube,MVEE vs DeepHull-convex,63,0.5523350315282407
50,2000,uniform_cube,MVEE vs DeepHull-convex,64,0.49606823792866184
50,2000,uniform_cube,MVEE vs DeepHull-convex,65,0.8359116964823818
50,2000,uniform_cube,MVEE vs DeepHull-convex,66,0.6626448902491269
50,2000,uniform_cube,MVEE vs DeepHull-convex,67,0.13074268469933847
50,2000,uniform_cube,MVEE vs DeepHull-convex,68,0.6571911307895588
50,2000,uniform_cube,MVEE vs DeepHull-convex,69,0.13667871650981644
50,2000,uniform_cube,MVEE vs DeepHull-convex,70,0.26863592323644303
50,2000,uniform_cube,MVEE vs DeepHull-convex,71,0.36602937059333085
50,2000,uniform_cube,MVEE vs DeepHull-convex,72,1.0293217501195284
50,2000,uniform_cube,MVEE vs DeepHull-convex,73,0.353512198281543
50,2000,uniform_cube,MVEE vs DeepHull-convex,74,0.5301784254432464
50,2000,uniform_cube,MVEE vs DeepHull-convex,75,0.8778170686769731
50,2000,uniform_cube,MVEE vs DeepHull-convex,76,0.7550367925725368
50,2000,uniform_cube,MVEE vs DeepHull-convex,77,0.31558089175838866
50,2000,uniform_cube,MVEE vs DeepHull-convex,78,0.34809320450268877
50,2000,uniform_cube,MVEE vs DeepHull-convex,79,0.7028522108895707
50,2000,uniform_cube,MVEE vs DeepHull-convex,80,0.5404083389695395
50,2000,uniform_cube,MVEE vs DeepHull-convex,81,0.9393776096893498
50,2000,uniform_cube,MVEE vs DeepHull-convex,82,0.6037646922940245
50,2000,uniform_cube,MVEE vs DeepHull-convex,83,0.13403371636235306
50,2000,uniform_cube,MVEE vs DeepHull-convex,84,0.09106281356421686
50,2000,uniform_cube,MVEE vs DeepHull-convex,85,0.0
50,2000,uniform_cube,MVEE vs DeepHull-convex,86,0.47994782336206177
50,2000,uniform_cube,MVEE vs DeepHull-convex,87,0.5373588597365258
50,2000,uniform_cube,MVEE vs DeepHull-convex,88,0.08329032762947941
50,2000,uniform_cube,MVEE vs DeepHull-convex,89,0.671880022844513
50,2000,uniform_cube,MVEE vs DeepHull-convex,90,0.5724750706911734
50,2000,uniform_cube,MVEE vs DeepHull-convex,91,0.9841407982184414
50,2000,uniform_cube,MVEE vs DeepHull-convex,92,0.0
50,2000,uniform_cube,MVEE vs DeepHull-convex,93,0.33423939679087367
50,2000,uniform_cube,MVEE vs DeepHull-convex,94,0.5991516572153568
50,2000,uniform_cube,MVEE vs DeepHull-convex,95,0.0
50,2000,uniform_cube,MVEE vs DeepHull-convex,96,0.3007777854812319
50,2000,uniform_cube,MVEE vs DeepHull-convex,97,0.0
50,2000,uniform_cube,MVEE vs DeepHull-convex,98,0.7482692832763111
50,2000,uniform_cube,MVEE vs DeepHull-convex,99,0.0
50,2000,uniform_cube,MVEE vs DeepHull-convex,100,0.017344817213198915
50,2000,uniform_cube,MVEE vs DeepHull-convex,101,0.5412343278045346
50,2000,uniform_cube,MVEE vs DeepHull-convex,102,0.5104626800146401
50,2000,uniform_cube,MVEE vs DeepHull-convex,103,0.7591810744944154
50,2000,uniform_cube,MVEE vs DeepHull-convex,104,0.0
50,2000,uniform_cube,MVEE vs DeepHull-convex,105,0.5393257143190242
50,2000,uniform_cube,MVEE vs DeepHull-convex,106,0.3337554246808625
50,2000,uniform_cube,MVEE vs DeepHull-convex,107,0.5609565494414601
50,2000,uniform_cube,MVEE vs DeepHull-convex,108,0.9146537568116775
50,2000,uniform_cube,MVEE vs DeepHull-convex,109,0.04749522643139659
50,2000,uniform_cube,MVEE vs DeepHull-convex,110,0.20214071951182344
50,2000,uniform_cube,MVEE vs DeepHull-convex,111,0.6156286666195983
50,2000,uniform_cube,MVEE vs DeepHull-convex,112,0.0
50,2000,uniform_cube,MVEE vs DeepHull-convex,113,0.2935871178964362
50,2000,uniform_cube,MVEE vs DeepHull-convex,114,0.5056613162307921
50,2000,uniform_cube,MVEE vs DeepHull-convex,115,0.18444859310676986
50,2000,uniform_cube,MVEE vs DeepHull-convex,116,0.06208721751747692
50,2000,uniform_cube,MVEE vs DeepHull-convex,117,0.18931229972366004
50,2000,uniform_cube,MVEE vs DeepHull-convex,118,0.5427896766458771
50,2000,uniform_cube,MVEE vs DeepHull-convex,119,0.6274955689779245
50,2000,uniform_cube,MVEE vs DeepHull-convex,120,0.831562035038041
50,2000,uniform_cube,MVEE vs DeepHull-convex,121,0.21926559501474685
50,2000,uniform_cube,MVEE vs DeepHull-convex,122,0.3182804519887794
50,2000,uniform_cube,MVEE vs DeepHull-convex,123,1.1629507375549764
50,2000,uniform_cube,MVEE vs DeepHull-convex,124,0.0902450311751215
50,2000,uniform_cube,MVEE vs DeepHull-convex,125,0.21120887548493883
50,2000,uniform_cube,MVEE vs DeepHull-convex,126,0.10431645755651298
50,2000,uniform_cube,MVEE vs DeepHull-convex,127,0.4227087735407198
50,2000,uniform_cube,MVEE vs DeepHull-convex,128,0.6734767561282125
50,2000,uniform_cube,MVEE vs DeepHull-convex,129,0.3039528420043247
50,2000,uniform_cube,MVEE vs DeepHull-convex,130,0.3034429117853581
50,2000,uniform_cube,MVEE vs DeepHull-convex,131,0.021822138871227414
50,2000,uniform_cube,MVEE vs DeepHull-convex,132,0.6051316851393407
50,2000,uniform_cube,MVEE vs DeepHull-convex,133,1.0848085292028533
50,2000,uniform_cube,MVEE vs DeepHull-convex,134,0.48069641314503353
50,2000,uniform_cube,MVEE vs DeepHull-convex,135,0.6268213899415895
50,2000,uniform_cube,MVEE vs DeepHull-convex,136,0.621965472773716
50,2000,uniform_cube,MVEE vs DeepHull-convex,137,0.3916913043533399
50,2000,uniform_cube,MVEE vs DeepHull-convex,138,0.7507903813629304
50,2000,uniform_cube,MVEE vs DeepHull-convex,139,6.661338147750939e-16
50,2000,uniform_cube,MVEE vs DeepHull-convex,140,0.5806572480939862
50,2000,uniform_cube,MVEE vs DeepHull-convex,141,0.4625032125212918
50,2000,uniform_cube,MVEE vs DeepHull-convex,142,0.3684622202141019
50,2000,uniform_cube,MVEE vs DeepHull-convex,143,0.5368693281760741
50,2000,uniform_cube,MVEE vs DeepHull-convex,144,0.18876429005261186
50,2000,uniform_cube,MVEE vs DeepHull-convex,145,0.2486465454509732
50,2000,uniform_cube,MVEE vs DeepHull-convex,146,0.6429756965404854
50,2000,uniform_cube,MVEE vs DeepHull-convex,147,1.289239691511985
50,2000,uniform_cube,MVEE vs DeepHull-convex,148,0.09458748163737729
50,2000,uniform_cube,MVEE vs DeepHull-convex,149,0.3640892154197326
50,2000,uniform_cube,MVEE vs DeepHull-convex,150,0.533303087761615
50,2000,uniform_cube,MVEE vs DeepHull-convex,151,0.6573164810920282
50,2000,uniform_cube,MVEE vs DeepHull-convex,152,0.4753302130081769
50,2000,uniform_cube,MVEE vs DeepHull-convex,153,0.08023869943462936
50,2000,uniform_cube,MVEE vs DeepHull-convex,154,0.21391349120987324
50,2000,uniform_cube,MVEE vs DeepHull-convex,155,0.46566543035567
50,2000,uniform_cube,MVEE vs DeepHull-convex,156,0.5600478366362924
50,2000,uniform_cube,MVEE vs DeepHull-convex,157,0.8328660730237227
50,2000,uniform_cube,MVEE vs DeepHull-convex,158,0.5185741090869938
50,2000,uniform_cube,MVEE vs DeepHull-convex,159,0.6877218165145977
50,2000,uniform_cube,MVEE vs DeepHull-convex,160,0.26552656038968436
50,2000,uniform_cube,MVEE vs DeepHull-convex,161,0.4548503909300956
50,2000,uniform_cube,MVEE vs DeepHull-convex,162,0.6225064755171956
50,2000,uniform_cube,MVEE vs DeepHull-convex,163,0.34500439539767846
50,2000,uniform_cube,MVEE vs DeepHull-convex,164,0.585479899559594
50,2000,uniform_cube,MVEE vs DeepHull-convex,165,0.0
50,2000,uniform_cube,MVEE vs DeepHull-convex,166,0.5048945658857078
50,2000,uniform_cube,MVEE vs DeepHull-convex,167,0.6052769638350874
50,2000,uniform_cube,MVEE vs DeepHull-convex,168,0.7501573015921141
50,2000,uniform_cube,MVEE vs DeepHull-convex,169,0.0
50,2000,uniform_cube,MVEE vs DeepHull-convex,170,0.5115063592205937
50,2000,uniform_cube,MVEE vs DeepHull-convex,171,0.5468866900939455
50,2000,uniform_cube,MVEE vs DeepHull-convex,172,0.3429540512248008
50,2000,uniform_cube,MVEE vs DeepHull-convex,173,0.31083289208105547
50,2000,uniform_cube,MVEE vs DeepHull-convex,174,0.2612066430371165
50,2000,uniform_cube,MVEE vs DeepHull-convex,175,0.3748739141117503
50,2000,uniform_cube,MVEE vs DeepHull-convex,176,0.42716806474763636
50,2000,uniform_cube,MVEE vs DeepHull-convex,177,0.3482442047766794
50,2000,uniform_cube,MVEE vs DeepHull-convex,178,0.7388462785460792
50,2000,uniform_cube,MVEE vs DeepHull-convex,179,0.1383248284285663
50,2000,uniform_cube,MVEE vs DeepHull-convex,180,0.32511319759648405
50,2000,uniform_cube,MVEE vs DeepHull-convex,181,0.1388616241419791
50,2000,uniform_cube,MVEE vs DeepHull-convex,182,0.5934169228829334
50,2000,uniform_cube,MVEE vs DeepHull-convex,183,0.5048284952878026
50,2000,uniform_cube,MVEE vs DeepHull-convex,184,0.5991454589049972
50,2000,uniform_cube,MVEE vs DeepHull-convex,185,0.0
50,2000,uniform_cube,MVEE vs DeepHull-convex,186,0.6107153584519689
50,2000,uniform_cube,MVEE vs DeepHull-convex,187,0.41870437658218407
50,2000,uniform_cube,MVEE vs DeepHull-convex,188,0.0
50,2000,uniform_cube,MVEE vs DeepHull-convex,189,0.4502545155659352
50,2000,uniform_cube,MVEE vs DeepHull-convex,190,0.6492827289346093
50,2000,uniform_cube,MVEE vs DeepHull-convex,191,0.2681969023398736
50,2000,uniform_cube,MVEE vs DeepHull-convex,192,0.7360632507856697
50,2000,uniform_cube,MVEE vs DeepHull-convex,193,0.3978827628302144
50,2000,uniform_cube,MVEE vs DeepHull-convex,194,0.6175300042337819
50,2000,uniform_cube,MVEE vs DeepHull-convex,195,0.6734015045192336
50,2000,uniform_cube,MVEE vs DeepHull-convex,196,0.23529495086543983
50,2000,uniform_cube,MVEE vs DeepHull-convex,197,0.14380886172343388
50,2000,uniform_cube,MVEE vs DeepHull-convex,198,0.5569988088113529
50,2000,uniform_cube,MVEE vs DeepHull-convex,199,0.0
50,2000,uniform_cube,MVEE vs DeepHull-convex,200,0.04406089791960466
50,2000,uniform_cube,MVEE vs DeepHull-convex,201,0.29020305337172414
50,2000,uniform_cube,MVEE vs DeepHull-convex,202,0.6968621457594393
50,2000,uniform_cube,MVEE vs DeepHull-convex,203,0.6487796413462417
50,2000,uniform_cube,MVEE vs DeepHull-convex,204,0.41074041221183877
50,2000,uniform_cube,MVEE vs DeepHull-convex,205,0.25176266780707524
50,2000,uniform_cube,MVEE vs DeepHull-convex,206,0.00938630883073266
50,2000,uniform_cube,MVEE vs DeepHull-convex,207,0.716408499382406
50,2000,uniform_cube,MVEE vs DeepHull-convex,208,1.0147279887893552
50,2000,uniform_cube,MVEE vs DeepHull-convex,209,0.6684745648137662
50,2000,uniform_cube,MVEE vs DeepHull-convex,210,0.47109810542325814
50,2000,uniform_cube,MVEE vs DeepHull-convex,211,0.5903980481724596
50,2000,uniform_cube,MVEE vs DeepHull-convex,212,0.12383240215828595
50,2000,uniform_cube,MVEE vs DeepHull-convex,213,0.43805069019243126
50,2000,uniform_cube,MVEE vs DeepHull-convex,214,0.17342759612927638
50,2000,uniform_cube,MVEE vs DeepHull-convex,215,2.220446049250313e-16
50,2000,uniform_cube,MVEE vs DeepHull-convex,216,0.09982990923147583
50,2000,uniform_cube,MVEE vs DeepHull-convex,217,0.6198718605660287
50,2000,uniform_cube,MVEE vs DeepHull-convex,218,0.11727501235368676
50,2000,uniform_cube,MVEE vs DeepHull-convex,219,0.4047565932845778
50,2000,uniform_cube,MVEE vs DeepHull-convex,220,0.32536168768917917
50,2000,uniform_cube,MVEE vs DeepHull-convex,221,0.19630541467448048
50,2000,uniform_cube,MVEE vs DeepHull-convex,222,0.6642463393565283
50,2000,uniform_cube,MVEE vs DeepHull-convex,223,0.4210750417341118
50,2000,uniform_cube,MVEE vs DeepHull-convex,224,0.5129197111183492
50,2000,uniform_cube,MVEE vs DeepHull-convex,225,0.06867779413994746
50,2000,uniform_cube,MVEE vs DeepHull-convex,226,0.6878144366065173
50,2000,uniform_cube,MVEE vs DeepHull-convex,227,0.5406720092879527
50,2000,uniform_cube,MVEE vs DeepHull-convex,228,0.22549356118718067
50,2000,uniform_cube,MVEE vs DeepHull-convex,229,0.06885765384279208
50,2000,uniform_cube,MVEE vs DeepHull-convex,230,0.0
50,2000,uniform_cube,MVEE vs DeepHull-convex,231,0.3632526708575676
50,2000,uniform_cube,MVEE vs DeepHull-convex,232,0.0
50,2000,uniform_cube,MVEE vs DeepHull-convex,233,0.8810011069646004
50,2000,uniform_cube,MVEE vs DeepHull-convex,234,0.5567016232358646
50,2000,uniform_cube,MVEE vs DeepHull-convex,235,0.6787425334111108
50,2000,uniform_cube,MVEE vs DeepHull-convex,236,0.5337207246722018
50,2000,uniform_cube,MVEE vs DeepHull-convex,237,0.345064321717772
50,2000,uniform_cube,MVEE vs DeepHull-convex,238,0.37561930923443776
50,2000,uniform_cube,MVEE vs DeepHull-convex,239,0.46736999278200586
50,2000,uniform_cube,MVEE vs DeepHull-convex,240,0.3754804402761822
50,2000,uniform_cube,MVEE vs DeepHull-convex,241,0.4366894896826876
50,2000,uniform_cube,MVEE vs DeepHull-convex,242,0.07842918374855978
50,2000,uniform_cube,MVEE vs DeepHull-convex,243,0.4690700769425915
50,2000,uniform_cube,MVEE vs DeepHull-convex,244,0.04117504108513104
50,2000,uniform_cube,MVEE vs DeepHull-convex,245,0.5959415372505119
50,2000,uniform_cube,MVEE vs DeepHull-convex,246,0.682366952122498
50,2000,uniform_cube,MVEE vs DeepHull-convex,247,0.3482521763948154
50,2000,uniform_cube,MVEE vs DeepHull-convex,248,0.5439364543633431
50,2000,uniform_cube,MVEE vs DeepHull-convex,249,0.5870702545633246
50,2000,uniform_cube,MVEE vs DeepHull-convex,250,0.23540163189977736
50,2000,uniform_cube,MVEE vs DeepHull-convex,251,0.43205425708516065
50,2000,uniform_cube,MVEE vs DeepHull-convex,252,0.5807020541369352
50,2000,uniform_cube,MVEE vs DeepHull-convex,253,0.05680298369977943
50,2000,uniform_cube,MVEE vs DeepHull-convex,254,0.8067634262395746
50,2000,uniform_cube,MVEE vs DeepHull-convex,255,0.7490043863150568
50,2000,uniform_cube,DeepHull-original vs DeepHull-convex,0,0.5309541557912065
50,2000,uniform_cube,DeepHull-original vs DeepHull-convex,1,0.25351295223184844
50,2000,uniform_cube,DeepHull-original vs DeepHull-convex,2,0.4544018963581644
50,2000,uniform_cube,DeepHull-original vs DeepHull-convex,3,0.05964522259484095
50,2000,uniform_cube,DeepHull-original vs DeepHull-convex,4,0.23509984415643514
50,2000,uniform_cube,DeepHull-original vs DeepHull-convex,5,0.2576377100847296
50,2000,uniform_cube,DeepHull-original vs DeepHull-convex,6,0.3454420388117032
50,2000,uniform_cube,DeepHull-original vs DeepHull-convex,7,0.0
50,2000,uniform_cube,DeepHull-original vs DeepHull-convex,8,0.28793738967578664
50,2000,uniform_cube,DeepHull-original vs DeepHull-convex,9,0.6051352653086284
50,2000,uniform_cube,DeepHull-original vs DeepHull-convex,10,0.24390638908925744
50,2000,uniform_cube,DeepHull-original vs DeepHull-convex,11,0.3717927797513867
50,2000,uniform_cube,DeepHull-original vs DeepHull-convex,12,0.03910466851242811
50,2000,uniform_cube,DeepHull-original vs DeepHull-convex,13,0.02106373360801128
50,2000,uniform_cube,DeepHull-original vs DeepHull-convex,14,0.25428481533810565
50,2000,uniform_cube,DeepHull-original vs DeepHull-convex,15,0.10011928610704235
50,2000,uniform_cube,DeepHull-original vs DeepHull-convex,16,0.2650822350412534
50,2000,uniform_cube,DeepHull-original vs DeepHull-convex,17,0.3500867165109798
50,2000,uniform_cube,DeepHull-original vs DeepHull-convex,18,0.32403193598589364
50,2000,uniform_cube,DeepHull-original vs DeepHull-convex,19,0.33683311167037755
50,2000,uniform_cube,DeepHull-original vs DeepHull-convex,20,0.6211392445148642
50,2000,uniform_cube,DeepHull-original vs DeepHull-convex,21,0.6317247837773057
50,2000,uniform_cube,DeepHull-original vs DeepHull-convex,22,0.14924541028645133
50,2000,uniform_cube,DeepHull-original vs DeepHull-convex,23,0.2687983678300139
50,2000,uniform_cube,DeepHull-original vs DeepHull-convex,24,0.05187776373158459
50,2000,uniform_cube,DeepHull-original vs DeepHull-convex,25,0.05886285530297419
50,2000,uniform_cube,DeepHull-original vs DeepHull-convex,26,0.15579751710385104
50,2000,uniform_cube,DeepHull-original vs DeepHull-convex,27,0.4842560141510972
50,2000,uniform_cube,DeepHull-original vs DeepHull-convex,28,0.8819375438179204
50,2000,uniform_cube,DeepHull-original vs DeepHull-convex,29,0.34588941025650866
50,2000,uniform_cube,DeepHull-original vs DeepHull-convex,30,0.047381661393024466
50,2000,uniform_cube,DeepHull-original vs DeepHull-convex,31,0.475147821160012
50,2000,uniform_cube,DeepHull-original vs DeepHull-convex,32,0.664027038890088
50,2000,uniform_cube,DeepHull-original vs DeepHull-convex,33,0.1265657414973893
50,2000,uniform_cube,DeepHull-original vs DeepHull-convex,34,0.06558672332920001
50,2000,uniform_cube,DeepHull-original vs DeepHull-convex,35,0.09681668401960342
50,2000,uniform_cube,DeepHull-original vs DeepHull-convex,36,0.06102496898950416
50,2000,uniform_cube,DeepHull-original vs DeepHull-convex,37,0.4045134814887661
50,2000,uniform_cube,DeepHull-original vs DeepHull-convex,38,0.08879817733207962
50,2000,uniform_cube,DeepHull-original vs DeepHull-convex,39,0.450891893891024
50,2000,uniform_cube,DeepHull-original vs DeepHull-convex,40,0.07949072396387735
50,2000,uniform_cube,DeepHull-original vs DeepHull-convex,41,0.2190555290764944
50,2000,uniform_cube,DeepHull-original vs DeepHull-convex,42,0.04109177673933262
50,2000,uniform_cube,DeepHull-original vs DeepHull-convex,43,0.6921868727703813
50,2000,uniform_cube,DeepHull-original vs DeepHull-convex,44,0.0
50,2000,uniform_cube,DeepHull-original vs DeepHull-convex,45,0.31203846785493483
50,2000,uniform_cube,DeepHull-original vs DeepHull-convex,46,0.838845106341753
50,2000,uniform_cube,DeepHull-original vs DeepHull-convex,47,0.2418134630103166
50,2000,uniform_cube,DeepHull-original vs DeepHull-convex,48,0.3607931768446524
50,2000,uniform_cube,DeepHull-original vs DeepHull-convex,49,0.4410939615841021
50,2000,uniform_cube,DeepHull-original vs DeepHull-convex,50,0.369374314616314
50,2000,uniform_cube,DeepHull-original vs DeepHull-convex,51,0.4078981216584656
50,2000,uniform_cube,DeepHull-original vs DeepHull-convex,52,0.05569732796089388
50,2000,uniform_cube,DeepHull-original vs DeepHull-convex,53,0.23338695135621967
50,2000,uniform_cube,DeepHull-original vs DeepHull-convex,54,0.9078261511789603
50,2000,uniform_cube,DeepHull-original vs DeepHull-convex,55,0.3224230474868146
50,2000,uniform_cube,DeepHull-original vs DeepHull-convex,56,0.025988091545622094
50,2000,uniform_cube,DeepHull-original vs DeepHull-convex,57,0.5199026212232356
50,2000,uniform_cube,DeepHull-original vs DeepHull-convex,58,0.0
50,2000,uniform_cube,DeepHull-original vs DeepHull-convex,59,0.10055114065870874
50,2000,uniform_cube,DeepHull-original vs DeepHull-convex,60,0.2899120256256922
50,2000,uniform_cube,DeepHull-original vs DeepHull-convex,61,0.0599471176783104
50,2000,uniform_cube,DeepHull-original vs DeepHull-convex,62,0.16882629513778946
50,2000,uniform_cube,DeepHull-original vs DeepHull-convex,63,0.39688357110989747
50,2000,uniform_cube,DeepHull-original vs DeepHull-convex,64,0.49606823792866184
50,2000,uniform_cube,DeepHull-original vs DeepHull-convex,65,0.2937393673768751
50,2000,uniform_cube,DeepHull-original vs DeepHull-convex,66,0.38572105986857586
50,2000,uniform_cube,DeepHull-original vs DeepHull-convex,67,0.13074268469933847
50,2000,uniform_cube,DeepHull-original vs DeepHull-convex,68,0.6571911307895588
50,2000,uniform_cube,DeepHull-original vs DeepHull-convex,69,0.061329909563262675
50,2000,uniform_cube,DeepHull-original vs DeepHull-convex,70,0.08219237168541271
50,2000,uniform_cube,DeepHull-original vs DeepHull-convex,71,0.09844069971394198
50,2000,uniform_cube,DeepHull-original vs DeepHull-convex,72,0.21198812315787818
50,2000,uniform_cube,DeepHull-original vs DeepHull-convex,73,0.14367279649672793
50,2000,uniform_cube,DeepHull-original vs DeepHull-convex,74,0.16137817279280386
50,2000,uniform_cube,DeepHull-original vs DeepHull-convex,75,0.06963712871569405
50,2000,uniform_cube,DeepHull-original vs DeepHull-convex,76,0.2138534129119649
50,2000,uniform_cube,DeepHull-original vs DeepHull-convex,77,0.31558089175838866
50,2000,uniform_cube,DeepHull-original vs DeepHull-convex,78,0.11320791726632629
50,2000,uniform_cube,DeepHull-original vs DeepHull-convex,79,0.07049557846852084
50,2000,uniform_cube,DeepHull-original vs DeepHull-convex,80,0.11081685645964168
50,2000,uniform_cube,DeepHull-original vs DeepHull-convex,81,0.5142308166665859
50,2000,uniform_cube,DeepHull-original vs DeepHull-convex,82,0.19190766736512832
50,2000,uniform_cube,DeepHull-original vs DeepHull-convex,83,0.1282411906628007
50,2000,uniform_cube,DeepHull-original vs DeepHull-convex,84,0.017987092472488975
50,2000,uniform_cube,DeepHull-original vs DeepHull-convex,85,0.35098830240323187
50,2000,uniform_cube,DeepHull-original vs DeepHull-convex,86,0.11841318497201714
50,2000,uniform_cube,DeepHull-original vs DeepHull-convex,87,0.4340435691877589
50,2000,uniform_cube,DeepHull-original vs DeepHull-convex,88,0.08337566787532924
50,2000,uniform_cube,DeepHull-original vs DeepHull-convex,89,0.3136823278839507
50,2000,uniform_cube,DeepHull-original vs DeepHull-convex,90,0.5100962390394159
50,2000,uniform_cube,DeepHull-original vs DeepHull-convex,91,0.44710433951865114
50,2000,uniform_cube,DeepHull-original vs DeepHull-convex,92,0.0
50,2000,uniform_cube,DeepHull-original vs DeepHull-convex,93,0.33423939679087367
50,2000,uniform_cube,DeepHull-original vs DeepHull-convex,94,0.07912759771414413
50,2000,uniform_cube,DeepHull-original vs DeepHull-convex,95,0.2379993253923378
50,2000,uniform_cube,DeepHull-original vs DeepHull-convex,96,0.2621100328225032
50,2000,uniform_cube,DeepHull-original vs DeepHull-convex,97,0.6220154851016144
50,2000,uniform_cube,DeepHull-original vs DeepHull-convex,98,0.5825336663693148
50,2000,uniform_cube,DeepHull-original vs DeepHull-convex,99,0.42206741967908745
50,2000,uniform_cube,DeepHull-original vs DeepHull-convex,100,0.24087059743550077
50,2000,uniform_cube,DeepHull-original vs DeepHull-convex,101,0.4188199862644706
50,2000,uniform_cube,DeepHull-original vs DeepHull-convex,102,0.5793171131009813
50,2000,uniform_cube,DeepHull-original vs DeepHull-convex,103,0.0792935870847693
50,2000,uniform_cube,DeepHull-original vs DeepHull-convex,104,1.1619682389005856
50,2000,uniform_cube,DeepHull-original vs DeepHull-convex,105,0.08165287659808929
50,2000,uniform_cube,DeepHull-original vs DeepHull-convex,106,0.09828001041296242
50,2000,uniform_cube,DeepHull-original vs DeepHull-convex,107,0.5609565494414601
50,2000,uniform_cube,DeepHull-original vs DeepHull-convex,108,0.05718486462176764
50,2000,uniform_cube,DeepHull-original vs DeepHull-convex,109,0.4083312344429486
50,2000,uniform_cube,DeepHull-original vs DeepHull-convex,110,0.1451106953475907
50,2000,uniform_cube,DeepHull-original vs DeepHull-convex,111,0.07306350415388718
50,2000,uniform_cube,DeepHull-original vs DeepHull-convex,112,0.2411084426794663
50,2000,uniform_cube,DeepHull-original vs DeepHull-convex,113,0.2935871178964362
50,2000,uniform_cube,DeepHull-original vs DeepHull-convex,114,0.3214856062757079
50,2000,uniform_cube,DeepHull-original vs DeepHull-convex,115,0.047139970446975044
50,2000,uniform_cube,DeepHull-original vs DeepHull-convex,116,0.2724685022716571
50,2000,uniform_cube,DeepHull-original vs DeepHull-convex,117,0.016570943901766944
50,2000,uniform_cube,DeepHull-original vs DeepHull-convex,118,0.007998319581796087
50,2000,uniform_cube,DeepHull-original vs DeepHull-convex,119,0.5493400109374096
50,2000,uniform_cube,DeepHull-original vs DeepHull-convex,120,0.25557238098500945
50,2000,uniform_cube,DeepHull-original vs DeepHull-convex,121,0.02745922511072396
50,2000,uniform_cube,DeepHull-original vs DeepHull-convex,122,0.3182804519887794
50,2000,uniform_cube,DeepHull-original vs DeepHull-convex,123,0.2586406091420874
50,2000,uniform_cube,DeepHull-original vs DeepHull-convex,124,0.5552102551193074
50,2000,uniform_cube,DeepHull-original vs DeepHull-convex,125,0.14089125439041483
50,2000,uniform_cube,DeepHull-original vs DeepHull-convex,126,0.10431645755651298
50,2000,uniform_cube,DeepHull-original vs DeepHull-convex,127,0.4225013653148262
50,2000,uniform_cube,DeepHull-original vs DeepHull-convex,128,0.1261917040501499
50,2000,uniform_cube,DeepHull-original vs DeepHull-convex,129,0.03606550187447466
50,2000,uniform_cube,DeepHull-original vs DeepHull-convex,130,0.19803392591620406
50,2000,uniform_cube,DeepHull-original vs DeepHull-convex,131,0.027332716898291753
50,2000,uniform_cube,DeepHull-original vs DeepHull-convex,132,0.5277279083776072
50,2000,uniform_cube,DeepHull-original vs DeepHull-convex,133,0.17924752096987384
50,2000,uniform_cube,DeepHull-original vs DeepHull-convex,134,0.08556526291682132
50,2000,uniform_cube,DeepHull-original vs DeepHull-convex,135,0.16954699154920316
50,2000,uniform_cube,DeepHull-original vs DeepHull-convex,136,0.3541029529702797
50,2000,uniform_cube,DeepHull-original vs DeepHull-convex,137,0.28805594747667174
50,2000,uniform_cube,DeepHull-original vs DeepHull-convex,138,0.2719840491612249
50,2000,uniform_cube,DeepHull-original vs DeepHull-convex,139,0.1668678506952299
50,2000,uniform_cube,DeepHull-original vs DeepHull-convex,140,0.07018384357875496
50,2000,uniform_cube,DeepHull-original vs DeepHull-convex,141,0.4625032125212918
50,2000,uniform_cube,DeepHull-original vs DeepHull-convex,142,0.29249592307925365
50,2000,uniform_cube,DeepHull-original vs DeepHull-convex,143,0.19042232931781466
50,2000,uniform_cube,DeepHull-original vs DeepHull-convex,144,0.23683055224115002
50,2000,uniform_cube,DeepHull-original vs DeepHull-convex,145,0.02500065780019045
50,2000,uniform_cube,DeepHull-original vs DeepHull-convex,146,0.2234918164252453
50,2000,uniform_cube,DeepHull-original vs DeepHull-convex,147,0.7057523058010942
50,2000,uniform_cube,DeepHull-original vs DeepHull-convex,148,0.030513202832250785
50,2000,uniform_cube,DeepHull-original vs DeepHull-convex,149,0.20768559859608926
50,2000,uniform_cube,DeepHull-original vs DeepHull-convex,150,0.31891122637944824
50,2000,uniform_cube,DeepHull-original vs DeepHull-convex,151,0.3718349875911606
50,2000,uniform_cube,DeepHull-original vs DeepHull-convex,152,0.1509594810452184
50,2000,uniform_cube,DeepHull-original vs DeepHull-convex,153,0.08023869943462936
50,2000,uniform_cube,DeepHull-original vs DeepHull-convex,154,0.21391349120987324
50,2000,uniform_cube,DeepHull-original vs DeepHull-convex,155,0.3182785987860528
50,2000,uniform_cube,DeepHull-original vs DeepHull-convex,156,0.04207853241329196
50,2000,uniform_cube,DeepHull-original vs DeepHull-convex,157,0.8328660730237227
50,2000,uniform_cube,DeepHull-original vs DeepHull-convex,158,0.3329851033580422
50,2000,uniform_cube,DeepHull-original vs DeepHull-convex,159,0.13542714650068133
50,2000,uniform_cube,DeepHull-original vs DeepHull-convex,160,0.19171268426728316
50,2000,uniform_cube,DeepHull-original vs DeepHull-convex,161,0.006972114432240328
50,2000,uniform_cube,DeepHull-original vs DeepHull-convex,162,0.14041028894458596
50,2000,uniform_cube,DeepHull-original vs DeepHull-convex,163,0.2298977916375715
50,2000,uniform_cube,DeepHull-original vs DeepHull-convex,164,0.11415769216936278
50,2000,uniform_cube,DeepHull-original vs DeepHull-convex,165,0.5218150961730077
50,2000,uniform_cube,DeepHull-original vs DeepHull-convex,166,0.059837541834896646
50,2000,uniform_cube,DeepHull-original vs DeepHull-convex,167,0.0
50,2000,uniform_cube,DeepHull-original vs DeepHull-convex,168,0.20647001147095811
50,2000,uniform_cube,DeepHull-original vs DeepHull-convex,169,0.0
50,2000,uniform_cube,DeepHull-original vs DeepHull-convex,170,0.26742923909371563
50,2000,uniform_cube,DeepHull-original vs DeepHull-convex,171,0.03594333544551431
50,2000,uniform_cube,DeepHull-original vs DeepHull-convex,172,0.1293141429241378
50,2000,uniform_cube,DeepHull-original vs DeepHull-convex,173,0.17467671483235603
50,2000,uniform_cube,DeepHull-original vs DeepHull-convex,174,0.2612066430371165
50,2000,uniform_cube,DeepHull-original vs DeepHull-convex,175,0.07739859432301599
50,2000,uniform_cube,DeepHull-original vs DeepHull-convex,176,0.20602343092796027
50,2000,uniform_cube,DeepHull-original vs DeepHull-convex,177,0.3249204470415521
50,2000,uniform_cube,DeepHull-original vs DeepHull-convex,178,0.7388462785460792
50,2000,uniform_cube,DeepHull-original vs DeepHull-convex,179,0.07835043395993702
50,2000,uniform_cube,DeepHull-original vs DeepHull-convex,180,0.020101200770752392
50,2000,uniform_cube,DeepHull-original vs DeepHull-convex,181,0.29574062556266023
50,2000,uniform_cube,DeepHull-original vs DeepHull-convex,182,0.15391308942081317
50,2000,uniform_cube,DeepHull-original vs DeepHull-convex,183,0.4859994775777483
50,2000,uniform_cube,DeepHull-original vs DeepHull-convex,184,0.3101219414994467
50,2000,uniform_cube,DeepHull-original vs DeepHull-convex,185,0.5926066308039166
50,2000,uniform_cube,DeepHull-original vs DeepHull-convex,186,0.21630323561135634
50,2000,uniform_cube,DeepHull-original vs DeepHull-convex,187,0.19418578621954263
50,2000,uniform_cube,DeepHull-original vs DeepHull-convex,188,0.5070652597833658
50,2000,uniform_cube,DeepHull-original vs DeepHull-convex,189,0.24661284584542886
50,2000,uniform_cube,DeepHull-original vs DeepHull-convex,190,0.5332721468842436
50,2000,uniform_cube,DeepHull-original vs DeepHull-convex,191,0.43574730036107256
50,2000,uniform_cube,DeepHull-original vs DeepHull-convex,192,0.014006819580127283
50,2000,uniform_cube,DeepHull-original vs DeepHull-convex,193,0.3978827628302144
50,2000,uniform_cube,DeepHull-original vs DeepHull-convex,194,0.030569476608167667
50,2000,uniform_cube,DeepHull-original vs DeepHull-convex,195,0.39196315302811047
50,2000,uniform_cube,DeepHull-original vs DeepHull-convex,196,0.15702159630042978
50,2000,uniform_cube,DeepHull-original vs DeepHull-convex,197,0.08250489858040089
50,2000,uniform_cube,DeepHull-original vs DeepHull-convex,198,0.5054310395573425
50,2000,uniform_cube,DeepHull-original vs DeepHull-convex,199,0.0
50,2000,uniform_cube,DeepHull-original vs DeepHull-convex,200,0.48116731201157115
50,2000,uniform_cube,DeepHull-original vs DeepHull-convex,201,0.10351151660843882
50,2000,uniform_cube,DeepHull-original vs DeepHull-convex,202,0.1479217489117457
50,2000,uniform_cube,DeepHull-original vs DeepHull-convex,203,0.21727145976883233
50,2000,uniform_cube,DeepHull-original vs DeepHull-convex,204,0.19514786865387945
50,2000,uniform_cube,DeepHull-original vs DeepHull-convex,205,0.6657967182843171
50,2000,uniform_cube,DeepHull-original vs DeepHull-convex,206,0.4095580083512169
50,2000,uniform_cube,DeepHull-original vs DeepHull-convex,207,0.27202032740108817
50,2000,uniform_cube,DeepHull-original vs DeepHull-convex,208,0.46855523590045833
50,2000,uniform_cube,DeepHull-original vs DeepHull-convex,209,0.05935092651099705
50,2000,uniform_cube,DeepHull-original vs DeepHull-convex,210,0.47109810542325814
50,2000,uniform_cube,DeepHull-original vs DeepHull-convex,211,0.19849758246796312
50,2000,uniform_cube,DeepHull-original vs DeepHull-convex,212,0.05420780273176806
50,2000,uniform_cube,DeepHull-original vs DeepHull-convex,213,0.31039984975225976
50,2000,uniform_cube,DeepHull-original vs DeepHull-convex,214,0.08651709380653672
50,2000,uniform_cube,DeepHull-original vs DeepHull-convex,215,0.18414865953486115
50,2000,uniform_cube,DeepHull-original vs DeepHull-convex,216,0.2912660012253254
50,2000,uniform_cube,DeepHull-original vs DeepHull-convex,217,0.043135725814922976
50,2000,uniform_cube,DeepHull-original vs DeepHull-convex,218,0.4539368289933332
50,2000,uniform_cube,DeepHull-original vs DeepHull-convex,219,0.4047565932845778
50,2000,uniform_cube,DeepHull-original vs DeepHull-convex,220,0.17614263459317003
50,2000,uniform_cube,DeepHull-original vs DeepHull-convex,221,0.16914478132851074
50,2000,uniform_cube,DeepHull-original vs DeepHull-convex,222,0.11792140132044904
50,2000,uniform_cube,DeepHull-original vs DeepHull-convex,223,0.0480048298128084
50,2000,uniform_cube,DeepHull-original vs DeepHull-convex,224,0.42346675092799724
50,2000,uniform_cube,DeepHull-original vs DeepHull-convex,225,0.30872652869747585
50,2000,uniform_cube,DeepHull-original vs DeepHull-convex,226,0.25855254462322885
50,2000,uniform_cube,DeepHull-original vs DeepHull-convex,227,0.3207741490730649
50,2000,uniform_cube,DeepHull-original vs DeepHull-convex,228,0.17783436975721023
50,2000,uniform_cube,DeepHull-original vs DeepHull-convex,229,0.058592417927524565
50,2000,uniform_cube,DeepHull-original vs DeepHull-convex,230,0.2599649623212037
50,2000,uniform_cube,DeepHull-original vs DeepHull-convex,231,0.30146647439976926
50,2000,uniform_cube,DeepHull-original vs DeepHull-convex,232,0.0
50,2000,uniform_cube,DeepHull-original vs DeepHull-convex,233,0.22016364680375133
50,2000,uniform_cube,DeepHull-original vs DeepHull-convex,234,0.5567016232358646
50,2000,uniform_cube,DeepHull-original vs DeepHull-convex,235,0.6787425334111108
50,2000,uniform_cube,DeepHull-original vs DeepHull-convex,236,0.5337207246722018
50,2000,uniform_cube,DeepHull-original vs DeepHull-convex,237,0.1294699308296372
50,2000,uniform_cube,DeepHull-original vs DeepHull-convex,238,0.13657088735288636
50,2000,uniform_cube,DeepHull-original vs DeepHull-convex,239,0.0
50,2000,uniform_cube,DeepHull-original vs DeepHull-convex,240,0.3754804402761822
50,2000,uniform_cube,DeepHull-original vs DeepHull-convex,241,0.08782206895633182
50,2000,uniform_cube,DeepHull-original vs DeepHull-convex,242,0.3015862530955866
50,2000,uniform_cube,DeepHull-original vs DeepHull-convex,243,0.21622975526452048
50,2000,uniform_cube,DeepHull-original vs DeepHull-convex,244,0.45076800586204646
50,2000,uniform_cube,DeepHull-original vs DeepHull-convex,245,0.007138003499867818
50,2000,uniform_cube,DeepHull-original vs DeepHull-convex,246,0.4145718091948747
50,2000,uniform_cube,DeepHull-original vs DeepHull-convex,247,0.005967214113913766
50,2000,uniform_cube,DeepHull-original vs DeepHull-convex,248,0.13025675124436686
50,2000,uniform_cube,DeepHull-original vs DeepHull-convex,249,0.13334203384527443
50,2000,uniform_cube,DeepHull-original vs DeepHull-convex,250,0.04064066606351635
50,2000,uniform_cube,DeepHull-original vs DeepHull-convex,251,0.2574571003207715
50,2000,uniform_cube,DeepHull-original vs DeepHull-convex,252,0.13120421795827153
50,2000,uniform_cube,DeepHull-original vs DeepHull-convex,253,0.608299258129446
50,2000,uniform_cube,DeepHull-original vs DeepHull-convex,254,0.5500373622246211
50,2000,uniform_cube,DeepHull-original vs DeepHull-convex,255,0.47805592701541944
50,5000,gaussian,Extents vs MVEE,0,0.0037986001269514347
50,5000,gaussian,Extents vs MVEE,1,0.16278620160670387
50,5000,gaussian,Extents vs MVEE,2,0.21562509778285177
50,5000,gaussian,Extents vs MVEE,3,0.0
50,5000,gaussian,Extents vs MVEE,4,0.0
50,5000,gaussian,Extents vs MVEE,5,0.0
50,5000,gaussian,Extents vs MVEE,6,0.0
50,5000,gaussian,Extents vs MVEE,7,0.0
50,5000,gaussian,Extents vs MVEE,8,0.3131923513120287
50,5000,gaussian,Extents vs MVEE,9,0.0
50,5000,gaussian,Extents vs MVEE,10,0.16379442615151385
50,5000,gaussian,Extents vs MVEE,11,0.0
50,5000,gaussian,Extents vs MVEE,12,0.0
50,5000,gaussian,Extents vs MVEE,13,0.054491823777386816
50,5000,gaussian,Extents vs MVEE,14,0.05068894749400643
50,5000,gaussian,Extents vs MVEE,15,0.028964440016589155
50,5000,gaussian,Extents vs MVEE,16,0.0
50,5000,gaussian,Extents vs MVEE,17,0.05894056010845006
50,5000,gaussian,Extents vs MVEE,18,0.5668195772647837
50,5000,gaussian,Extents vs MVEE,19,0.0
50,5000,gaussian,Extents vs MVEE,20,0.22391674887045543
50,5000,gaussian,Extents vs MVEE,21,0.0
50,5000,gaussian,Extents vs MVEE,22,0.0
50,5000,gaussian,Extents vs MVEE,23,0.0
50,5000,gaussian,Extents vs MVEE,24,0.05472648771706101
50,5000,gaussian,Extents vs MVEE,25,0.05153841115787383
50,5000,gaussian,Extents vs MVEE,26,0.0
50,5000,gaussian,Extents vs MVEE,27,0.0
50,5000,gaussian,Extents vs MVEE,28,0.0
50,5000,gaussian,Extents vs MVEE,29,0.23052758349226954
50,5000,gaussian,Extents vs MVEE,30,0.08565184020569827
50,5000,gaussian,Extents vs MVEE,31,0.0
50,5000,gaussian,Extents vs MVEE,32,0.0
50,5000,gaussian,Extents vs MVEE,33,0.4130368823487709
50,5000,gaussian,Extents vs MVEE,34,0.0
50,5000,gaussian,Extents vs MVEE,35,0.2596761743481699
50,5000,gaussian,Extents vs MVEE,36,0.0
50,5000,gaussian,Extents vs MVEE,37,0.0
50,5000,gaussian,Extents vs MVEE,38,0.0
50,5000,gaussian,Extents vs MVEE,39,0.0
50,5000,gaussian,Extents vs MVEE,40,0.09985028360817827
50,5000,gaussian,Extents vs MVEE,41,0.0
50,5000,gaussian,Extents vs MVEE,42,0.0
50,5000,gaussian,Extents vs MVEE,43,0.043266577448417554
50,5000,gaussian,Extents vs MVEE,44,0.1744727239397923
50,5000,gaussian,Extents vs MVEE,45,0.0
50,5000,gaussian,Extents vs MVEE,46,0.0
50,5000,gaussian,Extents vs MVEE,47,0.0
50,5000,gaussian,Extents vs MVEE,48,0.09124887125040226
50,5000,gaussian,Extents vs MVEE,49,0.0
50,5000,gaussian,Extents vs MVEE,50,0.06870100562521664
50,5000,gaussian,Extents vs MVEE,51,0.0
50,5000,gaussian,Extents vs MVEE,52,0.0
50,5000,gaussian,Extents vs MVEE,53,0.0
50,5000,gaussian,Extents vs MVEE,54,0.08024919367248762
50,5000,gaussian,Extents vs MVEE,55,0.0
50,5000,gaussian,Extents vs MVEE,56,0.0
50,5000,gaussian,Extents vs MVEE,57,0.0
50,5000,gaussian,Extents vs MVEE,58,0.0
50,5000,gaussian,Extents vs MVEE,59,0.0
50,5000,gaussian,Extents vs MVEE,60,0.0
50,5000,gaussian,Extents vs MVEE,61,0.1638652247441943
50,5000,gaussian,Extents vs MVEE,62,0.0
50,5000,gaussian,Extents vs MVEE,63,0.0
50,5000,gaussian,Extents vs MVEE,64,0.04607009609289525
50,5000,gaussian,Extents vs MVEE,65,0.11518838482881844
50,5000,gaussian,Extents vs MVEE,66,0.0970624090248089
50,5000,gaussian,Extents vs MVEE,67,0.24318553146453503
50,5000,gaussian,Extents vs MVEE,68,0.025992112372660525
50,5000,gaussian,Extents vs MVEE,69,0.0
50,5000,gaussian,Extents vs MVEE,70,0.0
50,5000,gaussian,Extents vs MVEE,71,0.0
50,5000,gaussian,Extents vs MVEE,72,0.0
50,5000,gaussian,Extents vs MVEE,73,0.0
50,5000,gaussian,Extents vs MVEE,74,0.0
50,5000,gaussian,Extents vs MVEE,75,0.0
50,5000,gaussian,Extents vs MVEE,76,0.0
50,5000,gaussian,Extents vs MVEE,77,0.0
50,5000,gaussian,Extents vs MVEE,78,0.5065225274728435
50,5000,gaussian,Extents vs MVEE,79,0.0
50,5000,gaussian,Extents vs MVEE,80,0.0
50,5000,gaussian,Extents vs MVEE,81,0.0
50,5000,gaussian,Extents vs MVEE,82,0.0
50,5000,gaussian,Extents vs MVEE,83,0.0
50,5000,gaussian,Extents vs MVEE,84,0.0
50,5000,gaussian,Extents vs MVEE,85,0.0
50,5000,gaussian,Extents vs MVEE,86,0.0
50,5000,gaussian,Extents vs MVEE,87,0.28209101110553414
50,5000,gaussian,Extents vs MVEE,88,0.0
50,5000,gaussian,Extents vs MVEE,89,0.0
50,5000,gaussian,Extents vs MVEE,90,0.0
50,5000,gaussian,Extents vs MVEE,91,0.0
50,5000,gaussian,Extents vs MVEE,92,0.0
50,5000,gaussian,Extents vs MVEE,93,0.0
50,5000,gaussian,Extents vs MVEE,94,0.0
50,5000,gaussian,Extents vs MVEE,95,0.0
50,5000,gaussian,Extents vs MVEE,96,0.42986499211060947
50,5000,gaussian,Extents vs MVEE,97,0.0
50,5000,gaussian,Extents vs MVEE,98,0.10781509550941903
50,5000,gaussian,Extents vs MVEE,99,0.0
50,5000,gaussian,Extents vs MVEE,100,0.0
50,5000,gaussian,Extents vs MVEE,101,0.0
50,5000,gaussian,Extents vs MVEE,102,0.12655622581295622
50,5000,gaussian,Extents vs MVEE,103,0.023742540807198065
50,5000,gaussian,Extents vs MVEE,104,0.1679455197614561
50,5000,gaussian,Extents vs MVEE,105,0.23509228973460372
50,5000,gaussian,Extents vs MVEE,106,0.0
50,5000,gaussian,Extents vs MVEE,107,0.0
50,5000,gaussian,Extents vs MVEE,108,0.14661689123188903
50,5000,gaussian,Extents vs MVEE,109,0.0
50,5000,gaussian,Extents vs MVEE,110,0.17398764058097127
50,5000,gaussian,Extents vs MVEE,111,0.0
50,5000,gaussian,Extents vs MVEE,112,0.31734957282526777
50,5000,gaussian,Extents vs MVEE,113,0.3255980337303428
50,5000,gaussian,Extents vs MVEE,114,0.0
50,5000,gaussian,Extents vs MVEE,115,0.0
50,5000,gaussian,Extents vs MVEE,116,0.0
50,5000,gaussian,Extents vs MVEE,117,0.13009309713269568
50,5000,gaussian,Extents vs MVEE,118,0.0
50,5000,gaussian,Extents vs MVEE,119,0.0
50,5000,gaussian,Extents vs MVEE,120,0.0
50,5000,gaussian,Extents vs MVEE,121,0.0
50,5000,gaussian,Extents vs MVEE,122,0.308668552098335
50,5000,gaussian,Extents vs MVEE,123,0.0
50,5000,gaussian,Extents vs MVEE,124,0.0
50,5000,gaussian,Extents vs MVEE,125,0.2516482271387792
50,5000,gaussian,Extents vs MVEE,126,0.0
50,5000,gaussian,Extents vs MVEE,127,0.09940827016843601
50,5000,gaussian,Extents vs MVEE,128,0.0
50,5000,gaussian,Extents vs MVEE,129,0.46181306972274117
50,5000,gaussian,Extents vs MVEE,130,0.3794733726007755
50,5000,gaussian,Extents vs MVEE,131,0.3327557001314072
50,5000,gaussian,Extents vs MVEE,132,0.0
50,5000,gaussian,Extents vs MVEE,133,0.0
50,5000,gaussian,Extents vs MVEE,134,0.17518201666363264
50,5000,gaussian,Extents vs MVEE,135,0.15007657562334709
50,5000,gaussian,Extents vs MVEE,136,0.0
50,5000,gaussian,Extents vs MVEE,137,0.0
50,5000,gaussian,Extents vs MVEE,138,0.0
50,5000,gaussian,Extents vs MVEE,139,0.0
50,5000,gaussian,Extents vs MVEE,140,0.0
50,5000,gaussian,Extents vs MVEE,141,0.0732557870940238
50,5000,gaussian,Extents vs MVEE,142,0.0
50,5000,gaussian,Extents vs MVEE,143,0.0
50,5000,gaussian,Extents vs MVEE,144,0.0
50,5000,gaussian,Extents vs MVEE,145,0.0
50,5000,gaussian,Extents vs MVEE,146,0.0
50,5000,gaussian,Extents vs MVEE,147,0.0
50,5000,gaussian,Extents vs MVEE,148,0.2171709906967032
50,5000,gaussian,Extents vs MVEE,149,0.18857139704751935
50,5000,gaussian,Extents vs MVEE,150,0.0
50,5000,gaussian,Extents vs MVEE,151,0.2662983606156515
50,5000,gaussian,Extents vs MVEE,152,0.0
50,5000,gaussian,Extents vs MVEE,153,0.0
50,5000,gaussian,Extents vs MVEE,154,0.0
50,5000,gaussian,Extents vs MVEE,155,0.22906467730122104
50,5000,gaussian,Extents vs MVEE,156,0.0
50,5000,gaussian,Extents vs MVEE,157,0.0
50,5000,gaussian,Extents vs MVEE,158,0.27750388486754796
50,5000,gaussian,Extents vs MVEE,159,0.31020014688101494
50,5000,gaussian,Extents vs MVEE,160,0.0
50,5000,gaussian,Extents vs MVEE,161,0.4335981769834101
50,5000,gaussian,Extents vs MVEE,162,0.0
50,5000,gaussian,Extents vs MVEE,163,0.19225494026065126
50,5000,gaussian,Extents vs MVEE,164,0.0
50,5000,gaussian,Extents vs MVEE,165,0.21749772635425657
50,5000,gaussian,Extents vs MVEE,166,0.0
50,5000,gaussian,Extents vs MVEE,167,0.3664481007029279
50,5000,gaussian,Extents vs MVEE,168,0.09881950001842021
50,5000,gaussian,Extents vs MVEE,169,0.0
50,5000,gaussian,Extents vs MVEE,170,0.0
50,5000,gaussian,Extents vs MVEE,171,0.0
50,5000,gaussian,Extents vs MVEE,172,0.0
50,5000,gaussian,Extents vs MVEE,173,0.0
50,5000,gaussian,Extents vs MVEE,174,0.15935198226358915
50,5000,gaussian,Extents vs MVEE,175,0.0037032928363851525
50,5000,gaussian,Extents vs MVEE,176,0.0
50,5000,gaussian,Extents vs MVEE,177,0.0664967366330802
50,5000,gaussian,Extents vs MVEE,178,0.0
50,5000,gaussian,Extents vs MVEE,179,0.0818683152251114
50,5000,gaussian,Extents vs MVEE,180,0.045556781612744235
50,5000,gaussian,Extents vs MVEE,181,0.0
50,5000,gaussian,Extents vs MVEE,182,0.010336878290589269
50,5000,gaussian,Extents vs MVEE,183,0.0
50,5000,gaussian,Extents vs MVEE,184,0.0
50,5000,gaussian,Extents vs MVEE,185,0.0
50,5000,gaussian,Extents vs MVEE,186,0.0
50,5000,gaussian,Extents vs MVEE,187,0.0
50,5000,gaussian,Extents vs MVEE,188,0.0
50,5000,gaussian,Extents vs MVEE,189,0.0
50,5000,gaussian,Extents vs MVEE,190,0.0
50,5000,gaussian,Extents vs MVEE,191,0.0
50,5000,gaussian,Extents vs MVEE,192,0.0
50,5000,gaussian,Extents vs MVEE,193,0.1113224844836358
50,5000,gaussian,Extents vs MVEE,194,0.0
50,5000,gaussian,Extents vs MVEE,195,0.0
50,5000,gaussian,Extents vs MVEE,196,0.0
50,5000,gaussian,Extents vs MVEE,197,0.30635083913229266
50,5000,gaussian,Extents vs MVEE,198,0.0
50,5000,gaussian,Extents vs MVEE,199,0.0
50,5000,gaussian,Extents vs MVEE,200,0.0
50,5000,gaussian,Extents vs MVEE,201,0.1207461334551545
50,5000,gaussian,Extents vs MVEE,202,0.049496436432900914
50,5000,gaussian,Extents vs MVEE,203,0.06408294476434895
50,5000,gaussian,Extents vs MVEE,204,0.0
50,5000,gaussian,Extents vs MVEE,205,0.6241967510792059
50,5000,gaussian,Extents vs MVEE,206,0.0
50,5000,gaussian,Extents vs MVEE,207,0.0
50,5000,gaussian,Extents vs MVEE,208,0.02620966384270007
50,5000,gaussian,Extents vs MVEE,209,0.04541659842199097
50,5000,gaussian,Extents vs MVEE,210,0.0
50,5000,gaussian,Extents vs MVEE,211,0.0
50,5000,gaussian,Extents vs MVEE,212,0.0
50,5000,gaussian,Extents vs MVEE,213,0.0
50,5000,gaussian,Extents vs MVEE,214,0.0
50,5000,gaussian,Extents vs MVEE,215,0.0
50,5000,gaussian,Extents vs MVEE,216,0.0
50,5000,gaussian,Extents vs MVEE,217,0.027524569191671233
50,5000,gaussian,Extents vs MVEE,218,0.19145456300832064
50,5000,gaussian,Extents vs MVEE,219,0.0
50,5000,gaussian,Extents vs MVEE,220,0.0
50,5000,gaussian,Extents vs MVEE,221,0.450692167844271
50,5000,gaussian,Extents vs MVEE,222,0.0
50,5000,gaussian,Extents vs MVEE,223,0.0
50,5000,gaussian,Extents vs MVEE,224,0.0
50,5000,gaussian,Extents vs MVEE,225,0.0
50,5000,gaussian,Extents vs MVEE,226,0.03835437560090904
50,5000,gaussian,Extents vs MVEE,227,0.14417292407820925
50,5000,gaussian,Extents vs MVEE,228,0.0
50,5000,gaussian,Extents vs MVEE,229,0.0
50,5000,gaussian,Extents vs MVEE,230,0.09247413376053304
50,5000,gaussian,Extents vs MVEE,231,0.0
50,5000,gaussian,Extents vs MVEE,232,0.2249004790178608
50,5000,gaussian,Extents vs MVEE,233,0.0
50,5000,gaussian,Extents vs MVEE,234,0.0
50,5000,gaussian,Extents vs MVEE,235,0.0
50,5000,gaussian,Extents vs MVEE,236,0.0
50,5000,gaussian,Extents vs MVEE,237,0.0
50,5000,gaussian,Extents vs MVEE,238,0.0
50,5000,gaussian,Extents vs MVEE,239,0.5668737729332625
50,5000,gaussian,Extents vs MVEE,240,0.0
50,5000,gaussian,Extents vs MVEE,241,0.0
50,5000,gaussian,Extents vs MVEE,242,0.0
50,5000,gaussian,Extents vs MVEE,243,0.2435635888396508
50,5000,gaussian,Extents vs MVEE,244,0.0
50,5000,gaussian,Extents vs MVEE,245,0.0
50,5000,gaussian,Extents vs MVEE,246,0.1584102673651464
50,5000,gaussian,Extents vs MVEE,247,0.0
50,5000,gaussian,Extents vs MVEE,248,0.0
50,5000,gaussian,Extents vs MVEE,249,0.0
50,5000,gaussian,Extents vs MVEE,250,0.0
50,5000,gaussian,Extents vs MVEE,251,0.0
50,5000,gaussian,Extents vs MVEE,252,0.0
50,5000,gaussian,Extents vs MVEE,253,0.0
50,5000,gaussian,Extents vs MVEE,254,0.17739631955104596
50,5000,gaussian,Extents vs MVEE,255,0.0
50,5000,gaussian,Extents vs DeepHull-original,0,1.267406911381858
50,5000,gaussian,Extents vs DeepHull-original,1,0.30111922227818577
50,5000,gaussian,Extents vs DeepHull-original,2,0.5373355616437607
50,5000,gaussian,Extents vs DeepHull-original,3,1.1088392026943183
50,5000,gaussian,Extents vs DeepHull-original,4,1.6411837022807305
50,5000,gaussian,Extents vs DeepHull-original,5,1.242008533602033
50,5000,gaussian,Extents vs DeepHull-original,6,1.4182534689965538
50,5000,gaussian,Extents vs DeepHull-original,7,1.1265410936249918
50,5000,gaussian,Extents vs DeepHull-original,8,0.5859229742583221
50,5000,gaussian,Extents vs DeepHull-original,9,0.8179047062326661
50,5000,gaussian,Extents vs DeepHull-original,10,0.3295856962234547
50,5000,gaussian,Extents vs DeepHull-original,11,1.126920565347024
50,5000,gaussian,Extents vs DeepHull-original,12,0.6980381980154633
50,5000,gaussian,Extents vs DeepHull-original,13,1.5156358956001403
50,5000,gaussian,Extents vs DeepHull-original,14,1.1234927219016673
50,5000,gaussian,Extents vs DeepHull-original,15,1.7634937076597685
50,5000,gaussian,Extents vs DeepHull-original,16,1.191019050664485
50,5000,gaussian,Extents vs DeepHull-original,17,0.706608768136521
50,5000,gaussian,Extents vs DeepHull-original,18,0.6569703144744166
50,5000,gaussian,Extents vs DeepHull-original,19,0.5190628768070171
50,5000,gaussian,Extents vs DeepHull-original,20,0.712280333726667
50,5000,gaussian,Extents vs DeepHull-original,21,1.1187896763838454
50,5000,gaussian,Extents vs DeepHull-original,22,2.5009911692750983
50,5000,gaussian,Extents vs DeepHull-original,23,1.1396142248925623
50,5000,gaussian,Extents vs DeepHull-original,24,0.7754975936395985
50,5000,gaussian,Extents vs DeepHull-original,25,0.456475819501851
50,5000,gaussian,Extents vs DeepHull-original,26,1.7132534550857939
50,5000,gaussian,Extents vs DeepHull-original,27,0.706787405244887
50,5000,gaussian,Extents vs DeepHull-original,28,0.9815778946123124
50,5000,gaussian,Extents vs DeepHull-original,29,1.0084999709559832
50,5000,gaussian,Extents vs DeepHull-original,30,0.0
50,5000,gaussian,Extents vs DeepHull-original,31,0.6812197880675821
50,5000,gaussian,Extents vs DeepHull-original,32,1.3111288522877145
50,5000,gaussian,Extents vs DeepHull-original,33,0.8747561129004426
50,5000,gaussian,Extents vs DeepHull-original,34,0.7326131164286447
50,5000,gaussian,Extents vs DeepHull-original,35,0.59531903204964
50,5000,gaussian,Extents vs DeepHull-original,36,1.9080675900259225
50,5000,gaussian,Extents vs DeepHull-original,37,1.2364315728602906
50,5000,gaussian,Extents vs DeepHull-original,38,0.6441090083001355
50,5000,gaussian,Extents vs DeepHull-original,39,1.5587387306142393
50,5000,gaussian,Extents vs DeepHull-original,40,1.4415546071851972
50,5000,gaussian,Extents vs DeepHull-original,41,0.0
50,5000,gaussian,Extents vs DeepHull-original,42,0.3086821841412113
50,5000,gaussian,Extents vs DeepHull-original,43,0.9610162750963753
50,5000,gaussian,Extents vs DeepHull-original,44,0.7450329914380891
50,5000,gaussian,Extents vs DeepHull-original,45,1.4015576671987418
50,5000,gaussian,Extents vs DeepHull-original,46,0.844383388795287
50,5000,gaussian,Extents vs DeepHull-original,47,1.452913590473886
50,5000,gaussian,Extents vs DeepHull-original,48,1.1885054961047194
50,5000,gaussian,Extents vs DeepHull-original,49,0.9346156025333034
50,5000,gaussian,Extents vs DeepHull-original,50,0.7410917438126625
50,5000,gaussian,Extents vs DeepHull-original,51,1.3575238269233438
50,5000,gaussian,Extents vs DeepHull-original,52,1.0809891868369041
50,5000,gaussian,Extents vs DeepHull-original,53,1.3923792650322913
50,5000,gaussian,Extents vs DeepHull-original,54,1.077339492444092
50,5000,gaussian,Extents vs DeepHull-original,55,0.6928616493232669
50,5000,gaussian,Extents vs DeepHull-original,56,2.85210666637872
50,5000,gaussian,Extents vs DeepHull-original,57,1.192430188760794
50,5000,gaussian,Extents vs DeepHull-original,58,1.2848303120889744
50,5000,gaussian,Extents vs DeepHull-original,59,0.9401398719982048
50,5000,gaussian,Extents vs DeepHull-original,60,1.1901232193964135
50,5000,gaussian,Extents vs DeepHull-original,61,0.26783697261500317
50,5000,gaussian,Extents vs DeepHull-original,62,0.9650645936050284
50,5000,gaussian,Extents vs DeepHull-original,63,0.5070861257366
50,5000,gaussian,Extents vs DeepHull-original,64,1.0245738919290601
50,5000,gaussian,Extents vs DeepHull-original,65,0.804847562735755
50,5000,gaussian,Extents vs DeepHull-original,66,0.9601873528132137
50,5000,gaussian,Extents vs DeepHull-original,67,0.5441328687270701
50,5000,gaussian,Extents vs DeepHull-original,68,1.0126948170169217
50,5000,gaussian,Extents vs DeepHull-original,69,1.334602923771483
50,5000,gaussian,Extents vs DeepHull-original,70,1.59290266022461
50,5000,gaussian,Extents vs DeepHull-original,71,2.0188382300795014
50,5000,gaussian,Extents vs DeepHull-original,72,0.9014972218978412
50,5000,gaussian,Extents vs DeepHull-original,73,0.8144202947040913
50,5000,gaussian,Extents vs DeepHull-original,74,1.5380236755753414
50,5000,gaussian,Extents vs DeepHull-original,75,1.1509624281201667
50,5000,gaussian,Extents vs DeepHull-original,76,0.7408576966984579
50,5000,gaussian,Extents vs DeepHull-original,77,0.6926404097973029
50,5000,gaussian,Extents vs DeepHull-original,78,1.0901311880216058
50,5000,gaussian,Extents vs DeepHull-original,79,1.3056905917142887
50,5000,gaussian,Extents vs DeepHull-original,80,0.6879686472947126
50,5000,gaussian,Extents vs DeepHull-original,81,1.5724551040604184
50,5000,gaussian,Extents vs DeepHull-original,82,0.6725991664042361
50,5000,gaussian,Extents vs DeepHull-original,83,1.3991417430923148
50,5000,gaussian,Extents vs DeepHull-original,84,1.0652503005490717
50,5000,gaussian,Extents vs DeepHull-original,85,1.731423933554413
50,5000,gaussian,Extents vs DeepHull-original,86,0.39264040526915034
50,5000,gaussian,Extents vs DeepHull-original,87,0.8452432991848751
50,5000,gaussian,Extents vs DeepHull-original,88,1.1303358395160852
50,5000,gaussian,Extents vs DeepHull-original,89,1.1221310832798403
50,5000,gaussian,Extents vs DeepHull-original,90,0.3460449811864357
50,5000,gaussian,Extents vs DeepHull-original,91,0.6351076221804897
50,5000,gaussian,Extents vs DeepHull-original,92,1.5390566906742247
50,5000,gaussian,Extents vs DeepHull-original,93,1.204599203459879
50,5000,gaussian,Extents vs DeepHull-original,94,1.0310037706859003
50,5000,gaussian,Extents vs DeepHull-original,95,0.9601617717344697
50,5000,gaussian,Extents vs DeepHull-original,96,0.7614254149646353
50,5000,gaussian,Extents vs DeepHull-original,97,0.7987410899798979
50,5000,gaussian,Extents vs DeepHull-original,98,1.0627411363561732
50,5000,gaussian,Extents vs DeepHull-original,99,2.067363141479638
50,5000,gaussian,Extents vs DeepHull-original,100,1.2877775781492111
50,5000,gaussian,Extents vs DeepHull-original,101,1.511784230828708
50,5000,gaussian,Extents vs DeepHull-original,102,1.294061018912076
50,5000,gaussian,Extents vs DeepHull-original,103,0.023742540807198065
50,5000,gaussian,Extents vs DeepHull-original,104,0.28357744699972853
50,5000,gaussian,Extents vs DeepHull-original,105,1.0387817409062483
50,5000,gaussian,Extents vs DeepHull-original,106,1.1208718260445605
50,5000,gaussian,Extents vs DeepHull-original,107,0.9743418068722185
50,5000,gaussian,Extents vs DeepHull-original,108,1.0118531118770242
50,5000,gaussian,Extents vs DeepHull-original,109,1.0296698401949858
50,5000,gaussian,Extents vs DeepHull-original,110,0.6907877006406475
50,5000,gaussian,Extents vs DeepHull-original,111,0.5460458619135533
50,5000,gaussian,Extents vs DeepHull-original,112,1.1632291247967421
50,5000,gaussian,Extents vs DeepHull-original,113,0.7422307797355514
50,5000,gaussian,Extents vs DeepHull-original,114,1.128035170512682
50,5000,gaussian,Extents vs DeepHull-original,115,1.7213388812885828
50,5000,gaussian,Extents vs DeepHull-original,116,1.1117255228764387
50,5000,gaussian,Extents vs DeepHull-original,117,0.9708124866906453
50,5000,gaussian,Extents vs DeepHull-original,118,1.5102834745325069
50,5000,gaussian,Extents vs DeepHull-original,119,1.0556530355066427
50,5000,gaussian,Extents vs DeepHull-original,120,0.7057903534687586
50,5000,gaussian,Extents vs DeepHull-original,121,1.412050427136789
50,5000,gaussian,Extents vs DeepHull-original,122,0.3010063722878198
50,5000,gaussian,Extents vs DeepHull-original,123,1.117527303197876
50,5000,gaussian,Extents vs DeepHull-original,124,1.2865278957655033
50,5000,gaussian,Extents vs DeepHull-original,125,0.5390958006125439
50,5000,gaussian,Extents vs DeepHull-original,126,1.2614735397368382
50,5000,gaussian,Extents vs DeepHull-original,127,1.3691836316412538
50,5000,gaussian,Extents vs DeepHull-original,128,0.8295977445458553
50,5000,gaussian,Extents vs DeepHull-original,129,1.0649057085670905
50,5000,gaussian,Extents vs DeepHull-original,130,0.6170357695390649
50,5000,gaussian,Extents vs DeepHull-original,131,0.5313866330743291
50,5000,gaussian,Extents vs DeepHull-original,132,0.7153703257208783
50,5000,gaussian,Extents vs DeepHull-original,133,0.6427108433603208
50,5000,gaussian,Extents vs DeepHull-original,134,1.1134263846171235
50,5000,gaussian,Extents vs DeepHull-original,135,0.1244756638096769
50,5000,gaussian,Extents vs DeepHull-original,136,1.45433469268796
50,5000,gaussian,Extents vs DeepHull-original,137,1.387448504044633
50,5000,gaussian,Extents vs DeepHull-original,138,1.2842985737736043
50,5000,gaussian,Extents vs DeepHull-original,139,0.9668562129652218
50,5000,gaussian,Extents vs DeepHull-original,140,1.2416097159508666
50,5000,gaussian,Extents vs DeepHull-original,141,0.4728407566663506
50,5000,gaussian,Extents vs DeepHull-original,142,1.3645937088607343
50,5000,gaussian,Extents vs DeepHull-original,143,1.2515242314568251
50,5000,gaussian,Extents vs DeepHull-original,144,1.8003480838362478
50,5000,gaussian,Extents vs DeepHull-original,145,1.3770288597082687
50,5000,gaussian,Extents vs DeepHull-original,146,2.3339540340923457
50,5000,gaussian,Extents vs DeepHull-original,147,1.284015405625965
50,5000,gaussian,Extents vs DeepHull-original,148,1.1222105606878428
50,5000,gaussian,Extents vs DeepHull-original,149,0.6123289847933397
50,5000,gaussian,Extents vs DeepHull-original,150,0.15437954529801434
50,5000,gaussian,Extents vs DeepHull-original,151,0.9820717247592972
50,5000,gaussian,Extents vs DeepHull-original,152,0.7586859633349081
50,5000,gaussian,Extents vs DeepHull-original,153,1.491808476465876
50,5000,gaussian,Extents vs DeepHull-original,154,1.3133816494727066
50,5000,gaussian,Extents vs DeepHull-original,155,0.4509434554481804
50,5000,gaussian,Extents vs DeepHull-original,156,1.4157185320342374
50,5000,gaussian,Extents vs DeepHull-original,157,1.0633750290584305
50,5000,gaussian,Extents vs DeepHull-original,158,0.17885731365297253
50,5000,gaussian,Extents vs DeepHull-original,159,1.2578579314913865
50,5000,gaussian,Extents vs DeepHull-original,160,0.43884045847720143
50,5000,gaussian,Extents vs DeepHull-original,161,0.5070942011630741
50,5000,gaussian,Extents vs DeepHull-original,162,0.3856803385932357
50,5000,gaussian,Extents vs DeepHull-original,163,0.8501235766403943
50,5000,gaussian,Extents vs DeepHull-original,164,1.257982930108248
50,5000,gaussian,Extents vs DeepHull-original,165,1.0677158232361719
50,5000,gaussian,Extents vs DeepHull-original,166,0.5833372193511948
50,5000,gaussian,Extents vs DeepHull-original,167,0.8761793894031131
50,5000,gaussian,Extents vs DeepHull-original,168,0.8013849121205587
50,5000,gaussian,Extents vs DeepHull-original,169,1.8544170292364517
50,5000,gaussian,Extents vs DeepHull-original,170,1.074808009364245
50,5000,gaussian,Extents vs DeepHull-original,171,0.6543839265441935
50,5000,gaussian,Extents vs DeepHull-original,172,1.1285068582469426
50,5000,gaussian,Extents vs DeepHull-original,173,0.872524544362457
50,5000,gaussian,Extents vs DeepHull-original,174,1.2482124256188243
50,5000,gaussian,Extents vs DeepHull-original,175,1.5774621239509112
50,5000,gaussian,Extents vs DeepHull-original,176,0.9807142616630624
50,5000,gaussian,Extents vs DeepHull-original,177,1.1839608096442955
50,5000,gaussian,Extents vs DeepHull-original,178,1.250126210835198
50,5000,gaussian,Extents vs DeepHull-original,179,1.1521935602888242
50,5000,gaussian,Extents vs DeepHull-original,180,0.6714122191867848
50,5000,gaussian,Extents vs DeepHull-original,181,1.4210714893029062
50,5000,gaussian,Extents vs DeepHull-original,182,1.3647519727346271
50,5000,gaussian,Extents vs DeepHull-original,183,0.9931751251770089
50,5000,gaussian,Extents vs DeepHull-original,184,1.6914324176196183
50,5000,gaussian,Extents vs DeepHull-original,185,1.3474597900440513
50,5000,gaussian,Extents vs DeepHull-original,186,1.3363465404292376
50,5000,gaussian,Extents vs DeepHull-original,187,0.8199199196708138
50,5000,gaussian,Extents vs DeepHull-original,188,0.7875758873953451
50,5000,gaussian,Extents vs DeepHull-original,189,0.7059563466733056
50,5000,gaussian,Extents vs DeepHull-original,190,0.8245178045496615
50,5000,gaussian,Extents vs DeepHull-original,191,0.915154394473344
50,5000,gaussian,Extents vs DeepHull-original,192,1.3143113448492103
50,5000,gaussian,Extents vs DeepHull-original,193,0.5157000825185882
50,5000,gaussian,Extents vs DeepHull-original,194,0.8720987344702398
50,5000,gaussian,Extents vs DeepHull-original,195,1.8162438393268532
50,5000,gaussian,Extents vs DeepHull-original,196,0.6313138978233566
50,5000,gaussian,Extents vs DeepHull-original,197,0.664115387852324
50,5000,gaussian,Extents vs DeepHull-original,198,0.7988012168648464
50,5000,gaussian,Extents vs DeepHull-original,199,1.3380771246468592
50,5000,gaussian,Extents vs DeepHull-original,200,2.0794091660511764
50,5000,gaussian,Extents vs DeepHull-original,201,0.0
50,5000,gaussian,Extents vs DeepHull-original,202,1.1771572743446255
50,5000,gaussian,Extents vs DeepHull-original,203,0.6487253971882729
50,5000,gaussian,Extents vs DeepHull-original,204,1.1081974705210769
50,5000,gaussian,Extents vs DeepHull-original,205,0.10908746236296629
50,5000,gaussian,Extents vs DeepHull-original,206,1.1696715650171174
50,5000,gaussian,Extents vs DeepHull-original,207,1.6095532640956858
50,5000,gaussian,Extents vs DeepHull-original,208,0.7574936297646906
50,5000,gaussian,Extents vs DeepHull-original,209,1.047029995295774
50,5000,gaussian,Extents vs DeepHull-original,210,0.615047241967341
50,5000,gaussian,Extents vs DeepHull-original,211,1.0870922956338254
50,5000,gaussian,Extents vs DeepHull-original,212,0.0
50,5000,gaussian,Extents vs DeepHull-original,213,1.2085453524315293
50,5000,gaussian,Extents vs DeepHull-original,214,1.6476288492036963
50,5000,gaussian,Extents vs DeepHull-original,215,0.751612591550449
50,5000,gaussian,Extents vs DeepHull-original,216,1.0738940642301347
50,5000,gaussian,Extents vs DeepHull-original,217,0.8343704476256273
50,5000,gaussian,Extents vs DeepHull-original,218,0.1711766511127517
50,5000,gaussian,Extents vs DeepHull-original,219,0.7468629155944233
50,5000,gaussian,Extents vs DeepHull-original,220,1.3254805738367714
50,5000,gaussian,Extents vs DeepHull-original,221,0.2872712092931484
50,5000,gaussian,Extents vs DeepHull-original,222,0.6979776295750719
50,5000,gaussian,Extents vs DeepHull-original,223,0.7002968927297828
50,5000,gaussian,Extents vs DeepHull-original,224,1.1401972249279004
50,5000,gaussian,Extents vs DeepHull-original,225,0.7776760405359591
50,5000,gaussian,Extents vs DeepHull-original,226,0.2421840668068871
50,5000,gaussian,Extents vs DeepHull-original,227,0.03809566002645193
50,5000,gaussian,Extents vs DeepHull-original,228,0.6663340012468462
50,5000,gaussian,Extents vs DeepHull-original,229,0.7547920102881753
50,5000,gaussian,Extents vs DeepHull-original,230,0.7730643972995099
50,5000,gaussian,Extents vs DeepHull-original,231,0.9226493797493398
50,5000,gaussian,Extents vs DeepHull-original,232,0.857182231067575
50,5000,gaussian,Extents vs DeepHull-original,233,1.1237332087092917
50,5000,gaussian,Extents vs DeepHull-original,234,1.0512104092460077
50,5000,gaussian,Extents vs DeepHull-original,235,1.5222487534350806
50,5000,gaussian,Extents vs DeepHull-original,236,1.1894760685359418
50,5000,gaussian,Extents vs DeepHull-original,237,1.0428235220551318
50,5000,gaussian,Extents vs DeepHull-original,238,0.6826545463240956
50,5000,gaussian,Extents vs DeepHull-original,239,0.7844010886769928
50,5000,gaussian,Extents vs DeepHull-original,240,0.7010901936887499
50,5000,gaussian,Extents vs DeepHull-original,241,0.7337901507669948
50,5000,gaussian,Extents vs DeepHull-original,242,0.3486997078586891
50,5000,gaussian,Extents vs DeepHull-original,243,0.1131144534372448
50,5000,gaussian,Extents vs DeepHull-original,244,1.0191276052714284
50,5000,gaussian,Extents vs DeepHull-original,245,1.2561393473818525
50,5000,gaussian,Extents vs DeepHull-original,246,0.895479167668165
50,5000,gaussian,Extents vs DeepHull-original,247,1.5230133706890587
50,5000,gaussian,Extents vs DeepHull-original,248,0.7951166983657356
50,5000,gaussian,Extents vs DeepHull-original,249,1.5387036965339969
50,5000,gaussian,Extents vs DeepHull-original,250,1.1094512911291314
50,5000,gaussian,Extents vs DeepHull-original,251,0.4275921326743366
50,5000,gaussian,Extents vs DeepHull-original,252,0.7167559753350596
50,5000,gaussian,Extents vs DeepHull-original,253,0.8987235599534558
50,5000,gaussian,Extents vs DeepHull-original,254,1.0297764063785053
50,5000,gaussian,Extents vs DeepHull-original,255,0.5062440504529486
50,5000,gaussian,Extents vs DeepHull-convex,0,1.0178162928840404
50,5000,gaussian,Extents vs DeepHull-convex,1,0.0
50,5000,gaussian,Extents vs DeepHull-convex,2,0.5396010038242096
50,5000,gaussian,Extents vs DeepHull-convex,3,0.0
50,5000,gaussian,Extents vs DeepHull-convex,4,2.1242824469686594
50,5000,gaussian,Extents vs DeepHull-convex,5,0.8682559767915903
50,5000,gaussian,Extents vs DeepHull-convex,6,1.2315825150656334
50,5000,gaussian,Extents vs DeepHull-convex,7,0.6339789816671095
50,5000,gaussian,Extents vs DeepHull-convex,8,0.5739228256069202
50,5000,gaussian,Extents vs DeepHull-convex,9,0.8766366637452336
50,5000,gaussian,Extents vs DeepHull-convex,10,0.894889144348225
50,5000,gaussian,Extents vs DeepHull-convex,11,1.699894433590198
50,5000,gaussian,Extents vs DeepHull-convex,12,1.0415548758019282
50,5000,gaussian,Extents vs DeepHull-convex,13,1.5345570381156766
50,5000,gaussian,Extents vs DeepHull-convex,14,0.0
50,5000,gaussian,Extents vs DeepHull-convex,15,1.3466092988335785
50,5000,gaussian,Extents vs DeepHull-convex,16,1.078512672597253
50,5000,gaussian,Extents vs DeepHull-convex,17,0.878145408242393
50,5000,gaussian,Extents vs DeepHull-convex,18,0.48143519103456756
50,5000,gaussian,Extents vs DeepHull-convex,19,0.592267203911897
50,5000,gaussian,Extents vs DeepHull-convex,20,0.1425175405782788
50,5000,gaussian,Extents vs DeepHull-convex,21,1.6449981025116536
50,5000,gaussian,Extents vs DeepHull-convex,22,1.9414988895352
50,5000,gaussian,Extents vs DeepHull-convex,23,0.8896366789990358
50,5000,gaussian,Extents vs DeepHull-convex,24,0.7133855754232197
50,5000,gaussian,Extents vs DeepHull-convex,25,0.7219725962628705
50,5000,gaussian,Extents vs DeepHull-convex,26,1.7958882268819036
50,5000,gaussian,Extents vs DeepHull-convex,27,0.9202575154020474
50,5000,gaussian,Extents vs DeepHull-convex,28,1.1548673712907183
50,5000,gaussian,Extents vs DeepHull-convex,29,1.0658215711902825
50,5000,gaussian,Extents vs DeepHull-convex,30,0.7954891199423282
50,5000,gaussian,Extents vs DeepHull-convex,31,0.7945165336527
50,5000,gaussian,Extents vs DeepHull-convex,32,1.0849460357147023
50,5000,gaussian,Extents vs DeepHull-convex,33,0.5877827867427685
50,5000,gaussian,Extents vs DeepHull-convex,34,0.48868495154376523
50,5000,gaussian,Extents vs DeepHull-convex,35,0.19160915249831767
50,5000,gaussian,Extents vs DeepHull-convex,36,0.5181227954358176
50,5000,gaussian,Extents vs DeepHull-convex,37,1.3887758830949222
50,5000,gaussian,Extents vs DeepHull-convex,38,1.3647270549794133
50,5000,gaussian,Extents vs DeepHull-convex,39,0.9667701843424643
50,5000,gaussian,Extents vs DeepHull-convex,40,0.0
50,5000,gaussian,Extents vs DeepHull-convex,41,1.4751481385540572
50,5000,gaussian,Extents vs DeepHull-convex,42,1.1174281782510915
50,5000,gaussian,Extents vs DeepHull-convex,43,0.5708549951836386
50,5000,gaussian,Extents vs DeepHull-convex,44,0.9543858159581042
50,5000,gaussian,Extents vs DeepHull-convex,45,1.0386926487682315
50,5000,gaussian,Extents vs DeepHull-convex,46,1.6471116231364036
50,5000,gaussian,Extents vs DeepHull-convex,47,0.9110227685348917
50,5000,gaussian,Extents vs DeepHull-convex,48,1.0499217999789168
50,5000,gaussian,Extents vs DeepHull-convex,49,0.6273993742416082
50,5000,gaussian,Extents vs DeepHull-convex,50,0.18722068412748927
50,5000,gaussian,Extents vs DeepHull-convex,51,0.3783925988350525
50,5000,gaussian,Extents vs DeepHull-convex,52,1.0402989182439097
50,5000,gaussian,Extents vs DeepHull-convex,53,1.2221152832446864
50,5000,gaussian,Extents vs DeepHull-convex,54,0.37407989024257904
50,5000,gaussian,Extents vs DeepHull-convex,55,0.57945643368402
50,5000,gaussian,Extents vs DeepHull-convex,56,2.365984560911853
50,5000,gaussian,Extents vs DeepHull-convex,57,1.7487560992167952
50,5000,gaussian,Extents vs DeepHull-convex,58,0.4240450817234742
50,5000,gaussian,Extents vs DeepHull-convex,59,0.6192433474209182
50,5000,gaussian,Extents vs DeepHull-convex,60,0.32543679817759585
50,5000,gaussian,Extents vs DeepHull-convex,61,0.4026057240730536
50,5000,gaussian,Extents vs DeepHull-convex,62,0.41172171001454494
50,5000,gaussian,Extents vs DeepHull-convex,63,1.0012018776282952
50,5000,gaussian,Extents vs DeepHull-convex,64,0.3406399989402553
50,5000,gaussian,Extents vs DeepHull-convex,65,0.27464471514383915
50,5000,gaussian,Extents vs DeepHull-convex,66,0.46153654612959505
50,5000,gaussian,Extents vs DeepHull-convex,67,0.5818197842638846
50,5000,gaussian,Extents vs DeepHull-convex,68,1.2042360269714707
50,5000,gaussian,Extents vs DeepHull-convex,69,0.4326069303116862
50,5000,gaussian,Extents vs DeepHull-convex,70,0.9476949509872736
50,5000,gaussian,Extents vs DeepHull-convex,71,1.6180395602307662
50,5000,gaussian,Extents vs DeepHull-convex,72,1.8613724239512193
50,5000,gaussian,Extents vs DeepHull-convex,73,0.730905584014242
50,5000,gaussian,Extents vs DeepHull-convex,74,1.762142597477977
50,5000,gaussian,Extents vs DeepHull-convex,75,0.8601292240760599
50,5000,gaussian,Extents vs DeepHull-convex,76,0.39589699610395757
50,5000,gaussian,Extents vs DeepHull-convex,77,1.271557925709294
50,5000,gaussian,Extents vs DeepHull-convex,78,0.6944175330576607
50,5000,gaussian,Extents vs DeepHull-convex,79,1.2556005960743155
50,5000,gaussian,Extents vs DeepHull-convex,80,0.8336530334690826
50,5000,gaussian,Extents vs DeepHull-convex,81,0.885451664407801
50,5000,gaussian,Extents vs DeepHull-convex,82,0.5845147503767714
50,5000,gaussian,Extents vs DeepHull-convex,83,1.2590822911889699
50,5000,gaussian,Extents vs DeepHull-convex,84,0.8982960829511464
50,5000,gaussian,Extents vs DeepHull-convex,85,1.0386309732976369
50,5000,gaussian,Extents vs DeepHull-convex,86,1.4678319957767025
50,5000,gaussian,Extents vs DeepHull-convex,87,0.6116389896144887
50,5000,gaussian,Extents vs DeepHull-convex,88,1.572973964760282
50,5000,gaussian,Extents vs DeepHull-convex,89,0.8958850680320092
50,5000,gaussian,Extents vs DeepHull-convex,90,1.0483128926011163
50,5000,gaussian,Extents vs DeepHull-convex,91,0.8803467297173952
50,5000,gaussian,Extents vs DeepHull-convex,92,0.04645446903126782
50,5000,gaussian,Extents vs DeepHull-convex,93,0.6857012749608682
50,5000,gaussian,Extents vs DeepHull-convex,94,0.6727196987827921
50,5000,gaussian,Extents vs DeepHull-convex,95,0.5397573289389179
50,5000,gaussian,Extents vs DeepHull-convex,96,0.7646909192404472
50,5000,gaussian,Extents vs DeepHull-convex,97,0.5891505710479956
50,5000,gaussian,Extents vs DeepHull-convex,98,0.6468396961060852
50,5000,gaussian,Extents vs DeepHull-convex,99,1.8560987873184611
50,5000,gaussian,Extents vs DeepHull-convex,100,1.532254920449606
50,5000,gaussian,Extents vs DeepHull-convex,101,1.3053392516886242
50,5000,gaussian,Extents vs DeepHull-convex,102,0.6735624343351763
50,5000,gaussian,Extents vs DeepHull-convex,103,1.1263650770175258
50,5000,gaussian,Extents vs DeepHull-convex,104,0.6853618074798467
50,5000,gaussian,Extents vs DeepHull-convex,105,1.1038855205332145
50,5000,gaussian,Extents vs DeepHull-convex,106,1.521266826108301
50,5000,gaussian,Extents vs DeepHull-convex,107,1.0515685892710642
50,5000,gaussian,Extents vs DeepHull-convex,108,1.2025366060990719
50,5000,gaussian,Extents vs DeepHull-convex,109,0.8097357009939747
50,5000,gaussian,Extents vs DeepHull-convex,110,0.0
50,5000,gaussian,Extents vs DeepHull-convex,111,1.0437124398011073
50,5000,gaussian,Extents vs DeepHull-convex,112,0.31734957282526777
50,5000,gaussian,Extents vs DeepHull-convex,113,1.3505853424625769
50,5000,gaussian,Extents vs DeepHull-convex,114,0.26882216642839163
50,5000,gaussian,Extents vs DeepHull-convex,115,1.1814980668020045
50,5000,gaussian,Extents vs DeepHull-convex,116,0.4077292529488519
50,5000,gaussian,Extents vs DeepHull-convex,117,0.24502064957035596
50,5000,gaussian,Extents vs DeepHull-convex,118,1.4348997862604433
50,5000,gaussian,Extents vs DeepHull-convex,119,0.4268894954895923
50,5000,gaussian,Extents vs DeepHull-convex,120,0.6774487691417121
50,5000,gaussian,Extents vs DeepHull-convex,121,1.4767468084441855
50,5000,gaussian,Extents vs DeepHull-convex,122,0.07822834029635573
50,5000,gaussian,Extents vs DeepHull-convex,123,1.3671871279978254
50,5000,gaussian,Extents vs DeepHull-convex,124,0.5653114869664884
50,5000,gaussian,Extents vs DeepHull-convex,125,0.7569496160902034
50,5000,gaussian,Extents vs DeepHull-convex,126,0.0
50,5000,gaussian,Extents vs DeepHull-convex,127,1.2488874539457322
50,5000,gaussian,Extents vs DeepHull-convex,128,0.8163541793549665
50,5000,gaussian,Extents vs DeepHull-convex,129,0.4060276232124831
50,5000,gaussian,Extents vs DeepHull-convex,130,1.2082277759519306
50,5000,gaussian,Extents vs DeepHull-convex,131,0.17107758607981793
50,5000,gaussian,Extents vs DeepHull-convex,132,0.7391915894939647
50,5000,gaussian,Extents vs DeepHull-convex,133,0.02377095329660861
50,5000,gaussian,Extents vs DeepHull-convex,134,1.568486552471399
50,5000,gaussian,Extents vs DeepHull-convex,135,0.6214438708219425
50,5000,gaussian,Extents vs DeepHull-convex,136,1.2091592172424503
50,5000,gaussian,Extents vs DeepHull-convex,137,0.0
50,5000,gaussian,Extents vs DeepHull-convex,138,0.41673789440205233
50,5000,gaussian,Extents vs DeepHull-convex,139,0.9232712215791468
50,5000,gaussian,Extents vs DeepHull-convex,140,1.6096161561904498
50,5000,gaussian,Extents vs DeepHull-convex,141,0.6953707069316357
50,5000,gaussian,Extents vs DeepHull-convex,142,0.7135194480518687
50,5000,gaussian,Extents vs DeepHull-convex,143,1.246832443168677
50,5000,gaussian,Extents vs DeepHull-convex,144,2.092816739410307
50,5000,gaussian,Extents vs DeepHull-convex,145,0.3732064370141921
50,5000,gaussian,Extents vs DeepHull-convex,146,1.7330991309324346
50,5000,gaussian,Extents vs DeepHull-convex,147,1.210259934826087
50,5000,gaussian,Extents vs DeepHull-convex,148,0.19434534674496717
50,5000,gaussian,Extents vs DeepHull-convex,149,0.8168096179386892
50,5000,gaussian,Extents vs DeepHull-convex,150,0.6460302411879146
50,5000,gaussian,Extents vs DeepHull-convex,151,0.8340626262311832
50,5000,gaussian,Extents vs DeepHull-convex,152,1.5806836659303247
50,5000,gaussian,Extents vs DeepHull-convex,153,1.398329148911819
50,5000,gaussian,Extents vs DeepHull-convex,154,1.6167982261672624
50,5000,gaussian,Extents vs DeepHull-convex,155,1.0445298550166209
50,5000,gaussian,Extents vs DeepHull-convex,156,0.0
50,5000,gaussian,Extents vs DeepHull-convex,157,0.0
50,5000,gaussian,Extents vs DeepHull-convex,158,0.7485442251472949
50,5000,gaussian,Extents vs DeepHull-convex,159,0.49568106267914613
50,5000,gaussian,Extents vs DeepHull-convex,160,1.0446342586739348
50,5000,gaussian,Extents vs DeepHull-convex,161,0.2564184764011128
50,5000,gaussian,Extents vs DeepHull-convex,162,0.884805650589251
50,5000,gaussian,Extents vs DeepHull-convex,163,0.2783773066076509
50,5000,gaussian,Extents vs DeepHull-convex,164,0.8704368176017201
50,5000,gaussian,Extents vs DeepHull-convex,165,0.09279961522349822
50,5000,gaussian,Extents vs DeepHull-convex,166,1.2100117988121
50,5000,gaussian,Extents vs DeepHull-convex,167,0.05279050795585816
50,5000,gaussian,Extents vs DeepHull-convex,168,0.3963287694011164
50,5000,gaussian,Extents vs DeepHull-convex,169,0.7726048009517363
50,5000,gaussian,Extents vs DeepHull-convex,170,0.148452201122252
50,5000,gaussian,Extents vs DeepHull-convex,171,0.7097793126086238
50,5000,gaussian,Extents vs DeepHull-convex,172,0.2527597039188554
50,5000,gaussian,Extents vs DeepHull-convex,173,0.5671771150206419
50,5000,gaussian,Extents vs DeepHull-convex,174,1.8737130975037477
50,5000,gaussian,Extents vs DeepHull-convex,175,1.9936660304919296
50,5000,gaussian,Extents vs DeepHull-convex,176,0.14350379742624364
50,5000,gaussian,Extents vs DeepHull-convex,177,0.44363904568467927
50,5000,gaussian,Extents vs DeepHull-convex,178,1.1373294095623219
50,5000,gaussian,Extents vs DeepHull-convex,179,0.8426730036545655
50,5000,gaussian,Extents vs DeepHull-convex,180,1.0226366398203801
50,5000,gaussian,Extents vs DeepHull-convex,181,1.0695584200178794
50,5000,gaussian,Extents vs DeepHull-convex,182,0.016321905554348426
50,5000,gaussian,Extents vs DeepHull-convex,183,0.3476669770015004
50,5000,gaussian,Extents vs DeepHull-convex,184,1.1059888756289715
50,5000,gaussian,Extents vs DeepHull-convex,185,0.8889283991777013
50,5000,gaussian,Extents vs DeepHull-convex,186,1.20655027566541
50,5000,gaussian,Extents vs DeepHull-convex,187,1.12936075736225
50,5000,gaussian,Extents vs DeepHull-convex,188,0.8866320981406723
50,5000,gaussian,Extents vs DeepHull-convex,189,1.4780277651300773
50,5000,gaussian,Extents vs DeepHull-convex,190,0.8655953974114048
50,5000,gaussian,Extents vs DeepHull-convex,191,0.9878118926884973
50,5000,gaussian,Extents vs DeepHull-convex,192,0.9154505226031326
50,5000,gaussian,Extents vs DeepHull-convex,193,0.6691261649538893
50,5000,gaussian,Extents vs DeepHull-convex,194,8.881784197001252e-16
50,5000,gaussian,Extents vs DeepHull-convex,195,0.7719696162515004
50,5000,gaussian,Extents vs DeepHull-convex,196,1.3578519112144698
50,5000,gaussian,Extents vs DeepHull-convex,197,0.8390802554969159
50,5000,gaussian,Extents vs DeepHull-convex,198,1.3212966806921886
50,5000,gaussian,Extents vs DeepHull-convex,199,0.10085170762156359
50,5000,gaussian,Extents vs DeepHull-convex,200,0.0
50,5000,gaussian,Extents vs DeepHull-convex,201,1.2007592148963289
50,5000,gaussian,Extents vs DeepHull-convex,202,0.8043951696112153
50,5000,gaussian,Extents vs DeepHull-convex,203,0.9585685605660497
50,5000,gaussian,Extents vs DeepHull-convex,204,1.1641212084312806
50,5000,gaussian,Extents vs DeepHull-convex,205,0.28943067082858387
50,5000,gaussian,Extents vs DeepHull-convex,206,0.8195678379909574
50,5000,gaussian,Extents vs DeepHull-convex,207,2.1997121084933537
50,5000,gaussian,Extents vs DeepHull-convex,208,0.9003077663702268
50,5000,gaussian,Extents vs DeepHull-convex,209,0.5299731741388811
50,5000,gaussian,Extents vs DeepHull-convex,210,0.2657181288181625
50,5000,gaussian,Extents vs DeepHull-convex,211,0.5878492499764976
50,5000,gaussian,Extents vs DeepHull-convex,212,0.5571470321788694
50,5000,gaussian,Extents vs DeepHull-convex,213,1.6650981266146638
50,5000,gaussian,Extents vs DeepHull-convex,214,1.1087585811582596
50,5000,gaussian,Extents vs DeepHull-convex,215,0.7339569369118109
50,5000,gaussian,Extents vs DeepHull-convex,216,1.4801572440253652
50,5000,gaussian,Extents vs DeepHull-convex,217,0.5110704856403565
50,5000,gaussian,Extents vs DeepHull-convex,218,0.3058127883891515
50,5000,gaussian,Extents vs DeepHull-convex,219,0.5641283732781501
50,5000,gaussian,Extents vs DeepHull-convex,220,1.1425827029079278
50,5000,gaussian,Extents vs DeepHull-convex,221,0.25409914588401117
50,5000,gaussian,Extents vs DeepHull-convex,222,1.1208486069991244
50,5000,gaussian,Extents vs DeepHull-convex,223,1.1013013929379651
50,5000,gaussian,Extents vs DeepHull-convex,224,0.5788322005156412
50,5000,gaussian,Extents vs DeepHull-convex,225,1.1568679729180373
50,5000,gaussian,Extents vs DeepHull-convex,226,0.40458994871751464
50,5000,gaussian,Extents vs DeepHull-convex,227,0.4678511312210427
50,5000,gaussian,Extents vs DeepHull-convex,228,1.0934074681748194
50,5000,gaussian,Extents vs DeepHull-convex,229,0.943121619830867
50,5000,gaussian,Extents vs DeepHull-convex,230,0.9333773727923604
50,5000,gaussian,Extents vs DeepHull-convex,231,0.9551359902702108
50,5000,gaussian,Extents vs DeepHull-convex,232,0.5807508387376985
50,5000,gaussian,Extents vs DeepHull-convex,233,0.9546463852200398
50,5000,gaussian,Extents vs DeepHull-convex,234,0.0
50,5000,gaussian,Extents vs DeepHull-convex,235,0.8945104825914383
50,5000,gaussian,Extents vs DeepHull-convex,236,0.164133560904264
50,5000,gaussian,Extents vs DeepHull-convex,237,0.3429993525883659
50,5000,gaussian,Extents vs DeepHull-convex,238,0.572197126542564
50,5000,gaussian,Extents vs DeepHull-convex,239,0.532727734483027
50,5000,gaussian,Extents vs DeepHull-convex,240,0.935263286455571
50,5000,gaussian,Extents vs DeepHull-convex,241,1.0133427881434087
50,5000,gaussian,Extents vs DeepHull-convex,242,1.2805951650950131
50,5000,gaussian,Extents vs DeepHull-convex,243,0.12301643833058518
50,5000,gaussian,Extents vs DeepHull-convex,244,0.6150424442674538
50,5000,gaussian,Extents vs DeepHull-convex,245,1.066473189118484
50,5000,gaussian,Extents vs DeepHull-convex,246,0.05532972895075838
50,5000,gaussian,Extents vs DeepHull-convex,247,1.2630468542958972
50,5000,gaussian,Extents vs DeepHull-convex,248,1.487863002191624
50,5000,gaussian,Extents vs DeepHull-convex,249,0.9335799929329593
50,5000,gaussian,Extents vs DeepHull-convex,250,0.9833742016340741
50,5000,gaussian,Extents vs DeepHull-convex,251,1.0658849171656084
50,5000,gaussian,Extents vs DeepHull-convex,252,1.7415289940105687
50,5000,gaussian,Extents vs DeepHull-convex,253,1.0206808035905353
50,5000,gaussian,Extents vs DeepHull-convex,254,0.7113947892455519
50,5000,gaussian,Extents vs DeepHull-convex,255,0.774947965723396
50,5000,gaussian,MVEE vs DeepHull-original,0,1.2712055115088094
50,5000,gaussian,MVEE vs DeepHull-original,1,0.46390542388488964
50,5000,gaussian,MVEE vs DeepHull-original,2,0.7529606594266125
50,5000,gaussian,MVEE vs DeepHull-original,3,1.1088392026943183
50,5000,gaussian,MVEE vs DeepHull-original,4,1.6411837022807305
50,5000,gaussian,MVEE vs DeepHull-original,5,1.242008533602033
50,5000,gaussian,MVEE vs DeepHull-original,6,1.4182534689965538
50,5000,gaussian,MVEE vs DeepHull-original,7,1.1265410936249918
50,5000,gaussian,MVEE vs DeepHull-original,8,0.8991153255703508
50,5000,gaussian,MVEE vs DeepHull-original,9,0.8179047062326661
50,5000,gaussian,MVEE vs DeepHull-original,10,0.49338012237496853
50,5000,gaussian,MVEE vs DeepHull-original,11,1.126920565347024
50,5000,gaussian,MVEE vs DeepHull-original,12,0.6980381980154633
50,5000,gaussian,MVEE vs DeepHull-original,13,1.5701277193775272
50,5000,gaussian,MVEE vs DeepHull-original,14,1.1741816693956737
50,5000,gaussian,MVEE vs DeepHull-original,15,1.7924581476763577
50,5000,gaussian,MVEE vs DeepHull-original,16,1.191019050664485
50,5000,gaussian,MVEE vs DeepHull-original,17,0.765549328244971
50,5000,gaussian,MVEE vs DeepHull-original,18,1.2237898917392003
50,5000,gaussian,MVEE vs DeepHull-original,19,0.5190628768070171
50,5000,gaussian,MVEE vs DeepHull-original,20,0.9361970825971224
50,5000,gaussian,MVEE vs DeepHull-original,21,1.1187896763838454
50,5000,gaussian,MVEE vs DeepHull-original,22,2.5009911692750983
50,5000,gaussian,MVEE vs DeepHull-original,23,1.1396142248925623
50,5000,gaussian,MVEE vs DeepHull-original,24,0.8302240813566595
50,5000,gaussian,MVEE vs DeepHull-original,25,0.5080142306597248
50,5000,gaussian,MVEE vs DeepHull-original,26,1.7132534550857939
50,5000,gaussian,MVEE vs DeepHull-original,27,0.706787405244887
50,5000,gaussian,MVEE vs DeepHull-original,28,0.9815778946123124
50,5000,gaussian,MVEE vs DeepHull-original,29,1.2390275544482527
50,5000,gaussian,MVEE vs DeepHull-original,30,0.08565184020569827
50,5000,gaussian,MVEE vs DeepHull-original,31,0.6812197880675821
50,5000,gaussian,MVEE vs DeepHull-original,32,1.3111288522877145
50,5000,gaussian,MVEE vs DeepHull-original,33,1.2877929952492135
50,5000,gaussian,MVEE vs DeepHull-original,34,0.7326131164286447
50,5000,gaussian,MVEE vs DeepHull-original,35,0.8549952063978099
50,5000,gaussian,MVEE vs DeepHull-original,36,1.9080675900259225
50,5000,gaussian,MVEE vs DeepHull-original,37,1.2364315728602906
50,5000,gaussian,MVEE vs DeepHull-original,38,0.6441090083001355
50,5000,gaussian,MVEE vs DeepHull-original,39,1.5587387306142393
50,5000,gaussian,MVEE vs DeepHull-original,40,1.5414048907933755
50,5000,gaussian,MVEE vs DeepHull-original,41,0.0
50,5000,gaussian,MVEE vs DeepHull-original,42,0.3086821841412113
50,5000,gaussian,MVEE vs DeepHull-original,43,1.0042828525447929
50,5000,gaussian,MVEE vs DeepHull-original,44,0.9195057153778814
50,5000,gaussian,MVEE vs DeepHull-original,45,1.4015576671987418
50,5000,gaussian,MVEE vs DeepHull-original,46,0.844383388795287
50,5000,gaussian,MVEE vs DeepHull-original,47,1.452913590473886
50,5000,gaussian,MVEE vs DeepHull-original,48,1.2797543673551217
50,5000,gaussian,MVEE vs DeepHull-original,49,0.9346156025333034
50,5000,gaussian,MVEE vs DeepHull-original,50,0.8097927494378792
50,5000,gaussian,MVEE vs DeepHull-original,51,1.3575238269233438
50,5000,gaussian,MVEE vs DeepHull-original,52,1.0809891868369041
50,5000,gaussian,MVEE vs DeepHull-original,53,1.3923792650322913
50,5000,gaussian,MVEE vs DeepHull-original,54,1.1575886861165796
50,5000,gaussian,MVEE vs DeepHull-original,55,0.6928616493232669
50,5000,gaussian,MVEE vs DeepHull-original,56,2.85210666637872
50,5000,gaussian,MVEE vs DeepHull-original,57,1.192430188760794
50,5000,gaussian,MVEE vs DeepHull-original,58,1.2848303120889744
50,5000,gaussian,MVEE vs DeepHull-original,59,0.9401398719982048
50,5000,gaussian,MVEE vs DeepHull-original,60,1.1901232193964135
50,5000,gaussian,MVEE vs DeepHull-original,61,0.43170219735919746
50,5000,gaussian,MVEE vs DeepHull-original,62,0.9650645936050284
50,5000,gaussian,MVEE vs DeepHull-original,63,0.5070861257366
50,5000,gaussian,MVEE vs DeepHull-original,64,1.0706439880219554
50,5000,gaussian,MVEE vs DeepHull-original,65,0.9200359475645734
50,5000,gaussian,MVEE vs DeepHull-original,66,1.0572497618380226
50,5000,gaussian,MVEE vs DeepHull-original,67,0.7873184001916051
50,5000,gaussian,MVEE vs DeepHull-original,68,1.0386869293895822
50,5000,gaussian,MVEE vs DeepHull-original,69,1.334602923771483
50,5000,gaussian,MVEE vs DeepHull-original,70,1.59290266022461
50,5000,gaussian,MVEE vs DeepHull-original,71,2.0188382300795014
50,5000,gaussian,MVEE vs DeepHull-original,72,0.9014972218978412
50,5000,gaussian,MVEE vs DeepHull-original,73,0.8144202947040913
50,5000,gaussian,MVEE vs DeepHull-original,74,1.5380236755753414
50,5000,gaussian,MVEE vs DeepHull-original,75,1.1509624281201667
50,5000,gaussian,MVEE vs DeepHull-original,76,0.7408576966984579
50,5000,gaussian,MVEE vs DeepHull-original,77,0.6926404097973029
50,5000,gaussian,MVEE vs DeepHull-original,78,1.5966537154944493
50,5000,gaussian,MVEE vs DeepHull-original,79,1.3056905917142887
50,5000,gaussian,MVEE vs DeepHull-original,80,0.6879686472947126
50,5000,gaussian,MVEE vs DeepHull-original,81,1.5724551040604184
50,5000,gaussian,MVEE vs DeepHull-original,82,0.6725991664042361
50,5000,gaussian,MVEE vs DeepHull-original,83,1.3991417430923148
50,5000,gaussian,MVEE vs DeepHull-original,84,1.0652503005490717
50,5000,gaussian,MVEE vs DeepHull-original,85,1.731423933554413
50,5000,gaussian,MVEE vs DeepHull-original,86,0.39264040526915034
50,5000,gaussian,MVEE vs DeepHull-original,87,1.1273343102904092
50,5000,gaussian,MVEE vs DeepHull-original,88,1.1303358395160852
50,5000,gaussian,MVEE vs DeepHull-original,89,1.1221310832798403
50,5000,gaussian,MVEE vs DeepHull-original,90,0.3460449811864357
50,5000,gaussian,MVEE vs DeepHull-original,91,0.6351076221804897
50,5000,gaussian,MVEE vs DeepHull-original,92,1.5390566906742247
50,5000,gaussian,MVEE vs DeepHull-original,93,1.204599203459879
50,5000,gaussian,MVEE vs DeepHull-original,94,1.0310037706859003
50,5000,gaussian,MVEE vs DeepHull-original,95,0.9601617717344697
50,5000,gaussian,MVEE vs DeepHull-original,96,1.1912904070752448
50,5000,gaussian,MVEE vs DeepHull-original,97,0.7987410899798979
50,5000,gaussian,MVEE vs DeepHull-original,98,1.1705562318655922
50,5000,gaussian,MVEE vs DeepHull-original,99,2.067363141479638
50,5000,gaussian,MVEE vs DeepHull-original,100,1.2877775781492111
50,5000,gaussian,MVEE vs DeepHull-original,101,1.511784230828708
50,5000,gaussian,MVEE vs DeepHull-original,102,1.4206172447250323
50,5000,gaussian,MVEE vs DeepHull-original,103,0.0
50,5000,gaussian,MVEE vs DeepHull-original,104,0.45152296676118464
50,5000,gaussian,MVEE vs DeepHull-original,105,1.273874030640852
50,5000,gaussian,MVEE vs DeepHull-original,106,1.1208718260445605
50,5000,gaussian,MVEE vs DeepHull-original,107,0.9743418068722185
50,5000,gaussian,MVEE vs DeepHull-original,108,1.1584700031089132
50,5000,gaussian,MVEE vs DeepHull-original,109,1.0296698401949858
50,5000,gaussian,MVEE vs DeepHull-original,110,0.8647753412216188
50,5000,gaussian,MVEE vs DeepHull-original,111,0.5460458619135533
50,5000,gaussian,MVEE vs DeepHull-original,112,1.4805786976220099
50,5000,gaussian,MVEE vs DeepHull-original,113,1.0678288134658942
50,5000,gaussian,MVEE vs DeepHull-original,114,1.128035170512682
50,5000,gaussian,MVEE vs DeepHull-original,115,1.7213388812885828
50,5000,gaussian,MVEE vs DeepHull-original,116,1.1117255228764387
50,5000,gaussian,MVEE vs DeepHull-original,117,1.100905583823341
50,5000,gaussian,MVEE vs DeepHull-original,118,1.5102834745325069
50,5000,gaussian,MVEE vs DeepHull-original,119,1.0556530355066427
50,5000,gaussian,MVEE vs DeepHull-original,120,0.7057903534687586
50,5000,gaussian,MVEE vs DeepHull-original,121,1.412050427136789
50,5000,gaussian,MVEE vs DeepHull-original,122,0.6096749243861548
50,5000,gaussian,MVEE vs DeepHull-original,123,1.117527303197876
50,5000,gaussian,MVEE vs DeepHull-original,124,1.2865278957655033
50,5000,gaussian,MVEE vs DeepHull-original,125,0.7907440277513231
50,5000,gaussian,MVEE vs DeepHull-original,126,1.2614735397368382
50,5000,gaussian,MVEE vs DeepHull-original,127,1.4685919018096898
50,5000,gaussian,MVEE vs DeepHull-original,128,0.8295977445458553
50,5000,gaussian,MVEE vs DeepHull-original,129,1.5267187782898317
50,5000,gaussian,MVEE vs DeepHull-original,130,0.9965091421398404
50,5000,gaussian,MVEE vs DeepHull-original,131,0.8641423332057363
50,5000,gaussian,MVEE vs DeepHull-original,132,0.7153703257208783
50,5000,gaussian,MVEE vs DeepHull-original,133,0.6427108433603208
50,5000,gaussian,MVEE vs DeepHull-original,134,1.2886084012807562
50,5000,gaussian,MVEE vs DeepHull-original,135,0.274552239433024
50,5000,gaussian,MVEE vs DeepHull-original,136,1.45433469268796
50,5000,gaussian,MVEE vs DeepHull-original,137,1.387448504044633
50,5000,gaussian,MVEE vs DeepHull-original,138,1.2842985737736043
50,5000,gaussian,MVEE vs DeepHull-original,139,0.9668562129652218
50,5000,gaussian,MVEE vs DeepHull-original,140,1.2416097159508666
50,5000,gaussian,MVEE vs DeepHull-original,141,0.5460965437603744
50,5000,gaussian,MVEE vs DeepHull-original,142,1.3645937088607343
50,5000,gaussian,MVEE vs DeepHull-original,143,1.2515242314568251
50,5000,gaussian,MVEE vs DeepHull-original,144,1.8003480838362478
50,5000,gaussian,MVEE vs DeepHull-original,145,1.3770288597082687
50,5000,gaussian,MVEE vs DeepHull-original,146,2.3339540340923457
50,5000,gaussian,MVEE vs DeepHull-original,147,1.284015405625965
50,5000,gaussian,MVEE vs DeepHull-original,148,1.339381551384546
50,5000,gaussian,MVEE vs DeepHull-original,149,0.8009003818408591
50,5000,gaussian,MVEE vs DeepHull-original,150,0.15437954529801434
50,5000,gaussian,MVEE vs DeepHull-original,151,1.2483700853749486
50,5000,gaussian,MVEE vs DeepHull-original,152,0.7586859633349081
50,5000,gaussian,MVEE vs DeepHull-original,153,1.491808476465876
50,5000,gaussian,MVEE vs DeepHull-original,154,1.3133816494727066
50,5000,gaussian,MVEE vs DeepHull-original,155,0.6800081327494014
50,5000,gaussian,MVEE vs DeepHull-original,156,1.4157185320342374
50,5000,gaussian,MVEE vs DeepHull-original,157,1.0633750290584305
50,5000,gaussian,MVEE vs DeepHull-original,158,0.4563611985205205
50,5000,gaussian,MVEE vs DeepHull-original,159,1.5680580783724014
50,5000,gaussian,MVEE vs DeepHull-original,160,0.43884045847720143
50,5000,gaussian,MVEE vs DeepHull-original,161,0.9406923781464842
50,5000,gaussian,MVEE vs DeepHull-original,162,0.3856803385932357
50,5000,gaussian,MVEE vs DeepHull-original,163,1.0423785169010455
50,5000,gaussian,MVEE vs DeepHull-original,164,1.257982930108248
50,5000,gaussian,MVEE vs DeepHull-original,165,1.2852135495904284
50,5000,gaussian,MVEE vs DeepHull-original,166,0.5833372193511948
50,5000,gaussian,MVEE vs DeepHull-original,167,1.242627490106041
50,5000,gaussian,MVEE vs DeepHull-original,168,0.900204412138979
50,5000,gaussian,MVEE vs DeepHull-original,169,1.8544170292364517
50,5000,gaussian,MVEE vs DeepHull-original,170,1.074808009364245
50,5000,gaussian,MVEE vs DeepHull-original,171,0.6543839265441935
50,5000,gaussian,MVEE vs DeepHull-original,172,1.1285068582469426
50,5000,gaussian,MVEE vs DeepHull-original,173,0.872524544362457
50,5000,gaussian,MVEE vs DeepHull-original,174,1.4075644078824134
50,5000,gaussian,MVEE vs DeepHull-original,175,1.5811654167872964
50,5000,gaussian,MVEE vs DeepHull-original,176,0.9807142616630624
50,5000,gaussian,MVEE vs DeepHull-original,177,1.2504575462773757
50,5000,gaussian,MVEE vs DeepHull-original,178,1.250126210835198
50,5000,gaussian,MVEE vs DeepHull-original,179,1.2340618755139356
50,5000,gaussian,MVEE vs DeepHull-original,180,0.7169690007995291
50,5000,gaussian,MVEE vs DeepHull-original,181,1.4210714893029062
50,5000,gaussian,MVEE vs DeepHull-original,182,1.3750888510252164
50,5000,gaussian,MVEE vs DeepHull-original,183,0.9931751251770089
50,5000,gaussian,MVEE vs DeepHull-original,184,1.6914324176196183
50,5000,gaussian,MVEE vs DeepHull-original,185,1.3474597900440513
50,5000,gaussian,MVEE vs DeepHull-original,186,1.3363465404292376
50,5000,gaussian,MVEE vs DeepHull-original,187,0.8199199196708138
50,5000,gaussian,MVEE vs DeepHull-original,188,0.7875758873953451
50,5000,gaussian,MVEE vs DeepHull-original,189,0.7059563466733056
50,5000,gaussian,MVEE vs DeepHull-original,190,0.8245178045496615
50,5000,gaussian,MVEE vs DeepHull-original,191,0.915154394473344
50,5000,gaussian,MVEE vs DeepHull-original,192,1.3143113448492103
50,5000,gaussian,MVEE vs DeepHull-original,193,0.627022567002224
50,5000,gaussian,MVEE vs DeepHull-original,194,0.8720987344702398
50,5000,gaussian,MVEE vs DeepHull-original,195,1.8162438393268532
50,5000,gaussian,MVEE vs DeepHull-original,196,0.6313138978233566
50,5000,gaussian,MVEE vs DeepHull-original,197,0.9704662269846167
50,5000,gaussian,MVEE vs DeepHull-original,198,0.7988012168648464
50,5000,gaussian,MVEE vs DeepHull-original,199,1.3380771246468592
50,5000,gaussian,MVEE vs DeepHull-original,200,2.0794091660511764
50,5000,gaussian,MVEE vs DeepHull-original,201,0.1207461334551545
50,5000,gaussian,MVEE vs DeepHull-original,202,1.2266537107775264
50,5000,gaussian,MVEE vs DeepHull-original,203,0.7128083419526219
50,5000,gaussian,MVEE vs DeepHull-original,204,1.1081974705210769
50,5000,gaussian,MVEE vs DeepHull-original,205,0.7332842134421722
50,5000,gaussian,MVEE vs DeepHull-original,206,1.1696715650171174
50,5000,gaussian,MVEE vs DeepHull-original,207,1.6095532640956858
50,5000,gaussian,MVEE vs DeepHull-original,208,0.7837032936073907
50,5000,gaussian,MVEE vs DeepHull-original,209,1.092446593717765
50,5000,gaussian,MVEE vs DeepHull-original,210,0.615047241967341
50,5000,gaussian,MVEE vs DeepHull-original,211,1.0870922956338254
50,5000,gaussian,MVEE vs DeepHull-original,212,0.0
50,5000,gaussian,MVEE vs DeepHull-original,213,1.2085453524315293
50,5000,gaussian,MVEE vs DeepHull-original,214,1.6476288492036963
50,5000,gaussian,MVEE vs DeepHull-original,215,0.751612591550449
50,5000,gaussian,MVEE vs DeepHull-original,216,1.0738940642301347
50,5000,gaussian,MVEE vs DeepHull-original,217,0.8618950168172985
50,5000,gaussian,MVEE vs DeepHull-original,218,0.36263121412107235
50,5000,gaussian,MVEE vs DeepHull-original,219,0.7468629155944233
50,5000,gaussian,MVEE vs DeepHull-original,220,1.3254805738367714
50,5000,gaussian,MVEE vs DeepHull-original,221,0.7379633771374194
50,5000,gaussian,MVEE vs DeepHull-original,222,0.6979776295750719
50,5000,gaussian,MVEE vs DeepHull-original,223,0.7002968927297828
50,5000,gaussian,MVEE vs DeepHull-original,224,1.1401972249279004
50,5000,gaussian,MVEE vs DeepHull-original,225,0.7776760405359591
50,5000,gaussian,MVEE vs DeepHull-original,226,0.28053844240779613
50,5000,gaussian,MVEE vs DeepHull-original,227,0.10607726405175733
50,5000,gaussian,MVEE vs DeepHull-original,228,0.6663340012468462
50,5000,gaussian,MVEE vs DeepHull-original,229,0.7547920102881753
50,5000,gaussian,MVEE vs DeepHull-original,230,0.865538531060043
50,5000,gaussian,MVEE vs DeepHull-original,231,0.9226493797493398
50,5000,gaussian,MVEE vs DeepHull-original,232,1.0820827100854358
50,5000,gaussian,MVEE vs DeepHull-original,233,1.1237332087092917
50,5000,gaussian,MVEE vs DeepHull-original,234,1.0512104092460077
50,5000,gaussian,MVEE vs DeepHull-original,235,1.5222487534350806
50,5000,gaussian,MVEE vs DeepHull-original,236,1.1894760685359418
50,5000,gaussian,MVEE vs DeepHull-original,237,1.0428235220551318
50,5000,gaussian,MVEE vs DeepHull-original,238,0.6826545463240956
50,5000,gaussian,MVEE vs DeepHull-original,239,1.3512748616102552
50,5000,gaussian,MVEE vs DeepHull-original,240,0.7010901936887499
50,5000,gaussian,MVEE vs DeepHull-original,241,0.7337901507669948
50,5000,gaussian,MVEE vs DeepHull-original,242,0.3486997078586891
50,5000,gaussian,MVEE vs DeepHull-original,243,0.3566780422768956
50,5000,gaussian,MVEE vs DeepHull-original,244,1.0191276052714284
50,5000,gaussian,MVEE vs DeepHull-original,245,1.2561393473818525
50,5000,gaussian,MVEE vs DeepHull-original,246,1.0538894350333115
50,5000,gaussian,MVEE vs DeepHull-original,247,1.5230133706890587
50,5000,gaussian,MVEE vs DeepHull-original,248,0.7951166983657356
50,5000,gaussian,MVEE vs DeepHull-original,249,1.5387036965339969
50,5000,gaussian,MVEE vs DeepHull-original,250,1.1094512911291314
50,5000,gaussian,MVEE vs DeepHull-original,251,0.4275921326743366
50,5000,gaussian,MVEE vs DeepHull-original,252,0.7167559753350596
50,5000,gaussian,MVEE vs DeepHull-original,253,0.8987235599534558
50,5000,gaussian,MVEE vs DeepHull-original,254,1.2071727259295513
50,5000,gaussian,MVEE vs DeepHull-original,255,0.5062440504529486
50,5000,gaussian,MVEE vs DeepHull-convex,0,1.0216148930109918
50,5000,gaussian,MVEE vs DeepHull-convex,1,0.16278620160670387
50,5000,gaussian,MVEE vs DeepHull-convex,2,0.7552261016070614
50,5000,gaussian,MVEE vs DeepHull-convex,3,0.0
50,5000,gaussian,MVEE vs DeepHull-convex,4,2.1242824469686594
50,5000,gaussian,MVEE vs DeepHull-convex,5,0.8682559767915903
50,5000,gaussian,MVEE vs DeepHull-convex,6,1.2315825150656334
50,5000,gaussian,MVEE vs DeepHull-convex,7,0.6339789816671095
50,5000,gaussian,MVEE vs DeepHull-convex,8,0.8871151769189489
50,5000,gaussian,MVEE vs DeepHull-convex,9,0.8766366637452336
50,5000,gaussian,MVEE vs DeepHull-convex,10,1.0586835704997388
50,5000,gaussian,MVEE vs DeepHull-convex,11,1.699894433590198
50,5000,gaussian,MVEE vs DeepHull-convex,12,1.0415548758019282
50,5000,gaussian,MVEE vs DeepHull-convex,13,1.5890488618930634
50,5000,gaussian,MVEE vs DeepHull-convex,14,0.05068894749400643
50,5000,gaussian,MVEE vs DeepHull-convex,15,1.3755737388501676
50,5000,gaussian,MVEE vs DeepHull-convex,16,1.078512672597253
50,5000,gaussian,MVEE vs DeepHull-convex,17,0.937085968350843
50,5000,gaussian,MVEE vs DeepHull-convex,18,1.0482547682993513
50,5000,gaussian,MVEE vs DeepHull-convex,19,0.592267203911897
50,5000,gaussian,MVEE vs DeepHull-convex,20,0.36643428944873424
50,5000,gaussian,MVEE vs DeepHull-convex,21,1.6449981025116536
50,5000,gaussian,MVEE vs DeepHull-convex,22,1.9414988895352
50,5000,gaussian,MVEE vs DeepHull-convex,23,0.8896366789990358
50,5000,gaussian,MVEE vs DeepHull-convex,24,0.7681120631402807
50,5000,gaussian,MVEE vs DeepHull-convex,25,0.7735110074207443
50,5000,gaussian,MVEE vs DeepHull-convex,26,1.7958882268819036
50,5000,gaussian,MVEE vs DeepHull-convex,27,0.9202575154020474
50,5000,gaussian,MVEE vs DeepHull-convex,28,1.1548673712907183
50,5000,gaussian,MVEE vs DeepHull-convex,29,1.296349154682552
50,5000,gaussian,MVEE vs DeepHull-convex,30,0.8811409601480265
50,5000,gaussian,MVEE vs DeepHull-convex,31,0.7945165336527
50,5000,gaussian,MVEE vs DeepHull-convex,32,1.0849460357147023
50,5000,gaussian,MVEE vs DeepHull-convex,33,1.0008196690915394
50,5000,gaussian,MVEE vs DeepHull-convex,34,0.48868495154376523
50,5000,gaussian,MVEE vs DeepHull-convex,35,0.4512853268464876
50,5000,gaussian,MVEE vs DeepHull-convex,36,0.5181227954358176
50,5000,gaussian,MVEE vs DeepHull-convex,37,1.3887758830949222
50,5000,gaussian,MVEE vs DeepHull-convex,38,1.3647270549794133
50,5000,gaussian,MVEE vs DeepHull-convex,39,0.9667701843424643
50,5000,gaussian,MVEE vs DeepHull-convex,40,0.09985028360817827
50,5000,gaussian,MVEE vs DeepHull-convex,41,1.4751481385540572
50,5000,gaussian,MVEE vs DeepHull-convex,42,1.1174281782510915
50,5000,gaussian,MVEE vs DeepHull-convex,43,0.6141215726320561
50,5000,gaussian,MVEE vs DeepHull-convex,44,1.1288585398978965
50,5000,gaussian,MVEE vs DeepHull-convex,45,1.0386926487682315
50,5000,gaussian,MVEE vs DeepHull-convex,46,1.6471116231364036
50,5000,gaussian,MVEE vs DeepHull-convex,47,0.9110227685348917
50,5000,gaussian,MVEE vs DeepHull-convex,48,1.141170671229319
50,5000,gaussian,MVEE vs DeepHull-convex,49,0.6273993742416082
50,5000,gaussian,MVEE vs DeepHull-convex,50,0.2559216897527059
50,5000,gaussian,MVEE vs DeepHull-convex,51,0.3783925988350525
50,5000,gaussian,MVEE vs DeepHull-convex,52,1.0402989182439097
50,5000,gaussian,MVEE vs DeepHull-convex,53,1.2221152832446864
50,5000,gaussian,MVEE vs DeepHull-convex,54,0.45432908391506666
50,5000,gaussian,MVEE vs DeepHull-convex,55,0.57945643368402
50,5000,gaussian,MVEE vs DeepHull-convex,56,2.365984560911853
50,5000,gaussian,MVEE vs DeepHull-convex,57,1.7487560992167952
50,5000,gaussian,MVEE vs DeepHull-convex,58,0.4240450817234742
50,5000,gaussian,MVEE vs DeepHull-convex,59,0.6192433474209182
50,5000,gaussian,MVEE vs DeepHull-convex,60,0.32543679817759585
50,5000,gaussian,MVEE vs DeepHull-convex,61,0.5664709488172479
50,5000,gaussian,MVEE vs DeepHull-convex,62,0.41172171001454494
50,5000,gaussian,MVEE vs DeepHull-convex,63,1.0012018776282952
50,5000,gaussian,MVEE vs DeepHull-convex,64,0.38671009503315057
50,5000,gaussian,MVEE vs DeepHull-convex,65,0.3898330999726576
50,5000,gaussian,MVEE vs DeepHull-convex,66,0.5585989551544039
50,5000,gaussian,MVEE vs DeepHull-convex,67,0.8250053157284196
50,5000,gaussian,MVEE vs DeepHull-convex,68,1.2302281393441312
50,5000,gaussian,MVEE vs DeepHull-convex,69,0.4326069303116862
50,5000,gaussian,MVEE vs DeepHull-convex,70,0.9476949509872736
50,5000,gaussian,MVEE vs DeepHull-convex,71,1.6180395602307662
50,5000,gaussian,MVEE vs DeepHull-convex,72,1.8613724239512193
50,5000,gaussian,MVEE vs DeepHull-convex,73,0.730905584014242
50,5000,gaussian,MVEE vs DeepHull-convex,74,1.762142597477977
50,5000,gaussian,MVEE vs DeepHull-convex,75,0.8601292240760599
50,5000,gaussian,MVEE vs DeepHull-convex,76,0.39589699610395757
50,5000,gaussian,MVEE vs DeepHull-convex,77,1.271557925709294
50,5000,gaussian,MVEE vs DeepHull-convex,78,1.2009400605305043
50,5000,gaussian,MVEE vs DeepHull-convex,79,1.2556005960743155
50,5000,gaussian,MVEE vs DeepHull-convex,80,0.8336530334690826
50,5000,gaussian,MVEE vs DeepHull-convex,81,0.885451664407801
50,5000,gaussian,MVEE vs DeepHull-convex,82,0.5845147503767714
50,5000,gaussian,MVEE vs DeepHull-convex,83,1.2590822911889699
50,5000,gaussian,MVEE vs DeepHull-convex,84,0.8982960829511464
50,5000,gaussian,MVEE vs DeepHull-convex,85,1.0386309732976369
50,5000,gaussian,MVEE vs DeepHull-convex,86,1.4678319957767025
50,5000,gaussian,MVEE vs DeepHull-convex,87,0.8937300007200228
50,5000,gaussian,MVEE vs DeepHull-convex,88,1.572973964760282
50,5000,gaussian,MVEE vs DeepHull-convex,89,0.8958850680320092
50,5000,gaussian,MVEE vs DeepHull-convex,90,1.0483128926011163
50,5000,gaussian,MVEE vs DeepHull-convex,91,0.8803467297173952
50,5000,gaussian,MVEE vs DeepHull-convex,92,0.04645446903126782
50,5000,gaussian,MVEE vs DeepHull-convex,93,0.6857012749608682
50,5000,gaussian,MVEE vs DeepHull-convex,94,0.6727196987827921
50,5000,gaussian,MVEE vs DeepHull-convex,95,0.5397573289389179
50,5000,gaussian,MVEE vs DeepHull-convex,96,1.1945559113510567
50,5000,gaussian,MVEE vs DeepHull-convex,97,0.5891505710479956
50,5000,gaussian,MVEE vs DeepHull-convex,98,0.7546547916155042
50,5000,gaussian,MVEE vs DeepHull-convex,99,1.8560987873184611
50,5000,gaussian,MVEE vs DeepHull-convex,100,1.532254920449606
50,5000,gaussian,MVEE vs DeepHull-convex,101,1.3053392516886242
50,5000,gaussian,MVEE vs DeepHull-convex,102,0.8001186601481325
50,5000,gaussian,MVEE vs DeepHull-convex,103,1.1501076178247238
50,5000,gaussian,MVEE vs DeepHull-convex,104,0.8533073272413028
50,5000,gaussian,MVEE vs DeepHull-convex,105,1.3389778102678183
50,5000,gaussian,MVEE vs DeepHull-convex,106,1.521266826108301
50,5000,gaussian,MVEE vs DeepHull-convex,107,1.0515685892710642
50,5000,gaussian,MVEE vs DeepHull-convex,108,1.349153497330961
50,5000,gaussian,MVEE vs DeepHull-convex,109,0.8097357009939747
50,5000,gaussian,MVEE vs DeepHull-convex,110,0.17398764058097127
50,5000,gaussian,MVEE vs DeepHull-convex,111,1.0437124398011073
50,5000,gaussian,MVEE vs DeepHull-convex,112,0.0
50,5000,gaussian,MVEE vs DeepHull-convex,113,1.6761833761929197
50,5000,gaussian,MVEE vs DeepHull-convex,114,0.26882216642839163
50,5000,gaussian,MVEE vs DeepHull-convex,115,1.1814980668020045
50,5000,gaussian,MVEE vs DeepHull-convex,116,0.4077292529488519
50,5000,gaussian,MVEE vs DeepHull-convex,117,0.37511374670305164
50,5000,gaussian,MVEE vs DeepHull-convex,118,1.4348997862604433
50,5000,gaussian,MVEE vs DeepHull-convex,119,0.4268894954895923
50,5000,gaussian,MVEE vs DeepHull-convex,120,0.6774487691417121
50,5000,gaussian,MVEE vs DeepHull-convex,121,1.4767468084441855
50,5000,gaussian,MVEE vs DeepHull-convex,122,0.3868968923946907
50,5000,gaussian,MVEE vs DeepHull-convex,123,1.3671871279978254
50,5000,gaussian,MVEE vs DeepHull-convex,124,0.5653114869664884
50,5000,gaussian,MVEE vs DeepHull-convex,125,1.0085978432289826
50,5000,gaussian,MVEE vs DeepHull-convex,126,0.0
50,5000,gaussian,MVEE vs DeepHull-convex,127,1.3482957241141682
50,5000,gaussian,MVEE vs DeepHull-convex,128,0.8163541793549665
50,5000,gaussian,MVEE vs DeepHull-convex,129,0.8678406929352243
50,5000,gaussian,MVEE vs DeepHull-convex,130,1.5877011485527062
50,5000,gaussian,MVEE vs DeepHull-convex,131,0.5038332862112251
50,5000,gaussian,MVEE vs DeepHull-convex,132,0.7391915894939647
50,5000,gaussian,MVEE vs DeepHull-convex,133,0.02377095329660861
50,5000,gaussian,MVEE vs DeepHull-convex,134,1.7436685691350315
50,5000,gaussian,MVEE vs DeepHull-convex,135,0.7715204464452896
50,5000,gaussian,MVEE vs DeepHull-convex,136,1.2091592172424503
50,5000,gaussian,MVEE vs DeepHull-convex,137,0.0
50,5000,gaussian,MVEE vs DeepHull-convex,138,0.41673789440205233
50,5000,gaussian,MVEE vs DeepHull-convex,139,0.9232712215791468
50,5000,gaussian,MVEE vs DeepHull-convex,140,1.6096161561904498
50,5000,gaussian,MVEE vs DeepHull-convex,141,0.7686264940256595
50,5000,gaussian,MVEE vs DeepHull-convex,142,0.7135194480518687
50,5000,gaussian,MVEE vs DeepHull-convex,143,1.246832443168677
50,5000,gaussian,MVEE vs DeepHull-convex,144,2.092816739410307
50,5000,gaussian,MVEE vs DeepHull-convex,145,0.3732064370141921
50,5000,gaussian,MVEE vs DeepHull-convex,146,1.7330991309324346
50,5000,gaussian,MVEE vs DeepHull-convex,147,1.210259934826087
50,5000,gaussian,MVEE vs DeepHull-convex,148,0.4115163374416704
50,5000,gaussian,MVEE vs DeepHull-convex,149,1.0053810149862086
50,5000,gaussian,MVEE vs DeepHull-convex,150,0.6460302411879146
50,5000,gaussian,MVEE vs DeepHull-convex,151,1.1003609868468347
50,5000,gaussian,MVEE vs DeepHull-convex,152,1.5806836659303247
50,5000,gaussian,MVEE vs DeepHull-convex,153,1.398329148911819
50,5000,gaussian,MVEE vs DeepHull-convex,154,1.6167982261672624
50,5000,gaussian,MVEE vs DeepHull-convex,155,1.273594532317842
50,5000,gaussian,MVEE vs DeepHull-convex,156,0.0
50,5000,gaussian,MVEE vs DeepHull-convex,157,0.0
50,5000,gaussian,MVEE vs DeepHull-convex,158,1.0260481100148429
50,5000,gaussian,MVEE vs DeepHull-convex,159,0.8058812095601611
50,5000,gaussian,MVEE vs DeepHull-convex,160,1.0446342586739348
50,5000,gaussian,MVEE vs DeepHull-convex,161,0.6900166533845229
50,5000,gaussian,MVEE vs DeepHull-convex,162,0.884805650589251
50,5000,gaussian,MVEE vs DeepHull-convex,163,0.4706322468683022
50,5000,gaussian,MVEE vs DeepHull-convex,164,0.8704368176017201
50,5000,gaussian,MVEE vs DeepHull-convex,165,0.3102973415777548
50,5000,gaussian,MVEE vs DeepHull-convex,166,1.2100117988121
50,5000,gaussian,MVEE vs DeepHull-convex,167,0.41923860865878604
50,5000,gaussian,MVEE vs DeepHull-convex,168,0.4951482694195366
50,5000,gaussian,MVEE vs DeepHull-convex,169,0.7726048009517363
50,5000,gaussian,MVEE vs DeepHull-convex,170,0.148452201122252
50,5000,gaussian,MVEE vs DeepHull-convex,171,0.7097793126086238
50,5000,gaussian,MVEE vs DeepHull-convex,172,0.2527597039188554
50,5000,gaussian,MVEE vs DeepHull-convex,173,0.5671771150206419
50,5000,gaussian,MVEE vs DeepHull-convex,174,2.033065079767337
50,5000,gaussian,MVEE vs DeepHull-convex,175,1.9973693233283147
50,5000,gaussian,MVEE vs DeepHull-convex,176,0.14350379742624364
50,5000,gaussian,MVEE vs DeepHull-convex,177,0.5101357823177595
50,5000,gaussian,MVEE vs DeepHull-convex,178,1.1373294095623219
50,5000,gaussian,MVEE vs DeepHull-convex,179,0.9245413188796769
50,5000,gaussian,MVEE vs DeepHull-convex,180,1.0681934214331243
50,5000,gaussian,MVEE vs DeepHull-convex,181,1.0695584200178794
50,5000,gaussian,MVEE vs DeepHull-convex,182,0.026658783844937695
50,5000,gaussian,MVEE vs DeepHull-convex,183,0.3476669770015004
50,5000,gaussian,MVEE vs DeepHull-convex,184,1.1059888756289715
50,5000,gaussian,MVEE vs DeepHull-convex,185,0.8889283991777013
50,5000,gaussian,MVEE vs DeepHull-convex,186,1.20655027566541
50,5000,gaussian,MVEE vs DeepHull-convex,187,1.12936075736225
50,5000,gaussian,MVEE vs DeepHull-convex,188,0.8866320981406723
50,5000,gaussian,MVEE vs DeepHull-convex,189,1.4780277651300773
50,5000,gaussian,MVEE vs DeepHull-convex,190,0.8655953974114048
50,5000,gaussian,MVEE vs DeepHull-convex,191,0.9878118926884973
50,5000,gaussian,MVEE vs DeepHull-convex,192,0.9154505226031326
50,5000,gaussian,MVEE vs DeepHull-convex,193,0.7804486494375251
50,5000,gaussian,MVEE vs DeepHull-convex,194,8.881784197001252e-16
50,5000,gaussian,MVEE vs DeepHull-convex,195,0.7719696162515004
50,5000,gaussian,MVEE vs DeepHull-convex,196,1.3578519112144698
50,5000,gaussian,MVEE vs DeepHull-convex,197,1.1454310946292086
50,5000,gaussian,MVEE vs DeepHull-convex,198,1.3212966806921886
50,5000,gaussian,MVEE vs DeepHull-convex,199,0.10085170762156359
50,5000,gaussian,MVEE vs DeepHull-convex,200,0.0
50,5000,gaussian,MVEE vs DeepHull-convex,201,1.3215053483514834
50,5000,gaussian,MVEE vs DeepHull-convex,202,0.8538916060441162
50,5000,gaussian,MVEE vs DeepHull-convex,203,1.0226515053303986
50,5000,gaussian,MVEE vs DeepHull-convex,204,1.1641212084312806
50,5000,gaussian,MVEE vs DeepHull-convex,205,0.9136274219077898
50,5000,gaussian,MVEE vs DeepHull-convex,206,0.8195678379909574
50,5000,gaussian,MVEE vs DeepHull-convex,207,2.1997121084933537
50,5000,gaussian,MVEE vs DeepHull-convex,208,0.9265174302129269
50,5000,gaussian,MVEE vs DeepHull-convex,209,0.5753897725608721
50,5000,gaussian,MVEE vs DeepHull-convex,210,0.2657181288181625
50,5000,gaussian,MVEE vs DeepHull-convex,211,0.5878492499764976
50,5000,gaussian,MVEE vs DeepHull-convex,212,0.5571470321788694
50,5000,gaussian,MVEE vs DeepHull-convex,213,1.6650981266146638
50,5000,gaussian,MVEE vs DeepHull-convex,214,1.1087585811582596
50,5000,gaussian,MVEE vs DeepHull-convex,215,0.7339569369118109
50,5000,gaussian,MVEE vs DeepHull-convex,216,1.4801572440253652
50,5000,gaussian,MVEE vs DeepHull-convex,217,0.5385950548320277
50,5000,gaussian,MVEE vs DeepHull-convex,218,0.49726735139747213
50,5000,gaussian,MVEE vs DeepHull-convex,219,0.5641283732781501
50,5000,gaussian,MVEE vs DeepHull-convex,220,1.1425827029079278
50,5000,gaussian,MVEE vs DeepHull-convex,221,0.7047913137282822
50,5000,gaussian,MVEE vs DeepHull-convex,222,1.1208486069991244
50,5000,gaussian,MVEE vs DeepHull-convex,223,1.1013013929379651
50,5000,gaussian,MVEE vs DeepHull-convex,224,0.5788322005156412
50,5000,gaussian,MVEE vs DeepHull-convex,225,1.1568679729180373
50,5000,gaussian,MVEE vs DeepHull-convex,226,0.4429443243184237
50,5000,gaussian,MVEE vs DeepHull-convex,227,0.612024055299252
50,5000,gaussian,MVEE vs DeepHull-convex,228,1.0934074681748194
50,5000,gaussian,MVEE vs DeepHull-convex,229,0.943121619830867
50,5000,gaussian,MVEE vs DeepHull-convex,230,1.0258515065528935
50,5000,gaussian,MVEE vs DeepHull-convex,231,0.9551359902702108
50,5000,gaussian,MVEE vs DeepHull-convex,232,0.8056513177555593
50,5000,gaussian,MVEE vs DeepHull-convex,233,0.9546463852200398
50,5000,gaussian,MVEE vs DeepHull-convex,234,0.0
50,5000,gaussian,MVEE vs DeepHull-convex,235,0.8945104825914383
50,5000,gaussian,MVEE vs DeepHull-convex,236,0.164133560904264
50,5000,gaussian,MVEE vs DeepHull-convex,237,0.3429993525883659
50,5000,gaussian,MVEE vs DeepHull-convex,238,0.572197126542564
50,5000,gaussian,MVEE vs DeepHull-convex,239,1.0996015074162895
50,5000,gaussian,MVEE vs DeepHull-convex,240,0.935263286455571
50,5000,gaussian,MVEE vs DeepHull-convex,241,1.0133427881434087
50,5000,gaussian,MVEE vs DeepHull-convex,242,1.2805951650950131
50,5000,gaussian,MVEE vs DeepHull-convex,243,0.36658002717023597
50,5000,gaussian,MVEE vs DeepHull-convex,244,0.6150424442674538
50,5000,gaussian,MVEE vs DeepHull-convex,245,1.066473189118484
50,5000,gaussian,MVEE vs DeepHull-convex,246,0.2137399963159048
50,5000,gaussian,MVEE vs DeepHull-convex,247,1.2630468542958972
50,5000,gaussian,MVEE vs DeepHull-convex,248,1.487863002191624
50,5000,gaussian,MVEE vs DeepHull-convex,249,0.9335799929329593
50,5000,gaussian,MVEE vs DeepHull-convex,250,0.9833742016340741
50,5000,gaussian,MVEE vs DeepHull-convex,251,1.0658849171656084
50,5000,gaussian,MVEE vs DeepHull-convex,252,1.7415289940105687
50,5000,gaussian,MVEE vs DeepHull-convex,253,1.0206808035905353
50,5000,gaussian,MVEE vs DeepHull-convex,254,0.8887911087965978
50,5000,gaussian,MVEE vs DeepHull-convex,255,0.774947965723396
50,5000,gaussian,DeepHull-original vs DeepHull-convex,0,0.2495906184978176
50,5000,gaussian,DeepHull-original vs DeepHull-convex,1,0.30111922227818577
50,5000,gaussian,DeepHull-original vs DeepHull-convex,2,0.0022654421804488845
50,5000,gaussian,DeepHull-original vs DeepHull-convex,3,1.1088392026943183
50,5000,gaussian,DeepHull-original vs DeepHull-convex,4,0.4830987446879291
50,5000,gaussian,DeepHull-original vs DeepHull-convex,5,0.3737525568104427
50,5000,gaussian,DeepHull-original vs DeepHull-convex,6,0.18667095393092037
50,5000,gaussian,DeepHull-original vs DeepHull-convex,7,0.49256211195788224
50,5000,gaussian,DeepHull-original vs DeepHull-convex,8,0.012000148651401865
50,5000,gaussian,DeepHull-original vs DeepHull-convex,9,0.058731957512567545
50,5000,gaussian,DeepHull-original vs DeepHull-convex,10,0.5653034481247703
50,5000,gaussian,DeepHull-original vs DeepHull-convex,11,0.572973868243174
50,5000,gaussian,DeepHull-original vs DeepHull-convex,12,0.3435166777864649
50,5000,gaussian,DeepHull-original vs DeepHull-convex,13,0.018921142515536227
50,5000,gaussian,DeepHull-original vs DeepHull-convex,14,1.1234927219016673
50,5000,gaussian,DeepHull-original vs DeepHull-convex,15,0.41688440882619004
50,5000,gaussian,DeepHull-original vs DeepHull-convex,16,0.11250637806723218
50,5000,gaussian,DeepHull-original vs DeepHull-convex,17,0.171536640105872
50,5000,gaussian,DeepHull-original vs DeepHull-convex,18,0.175535123439849
50,5000,gaussian,DeepHull-original vs DeepHull-convex,19,0.0732043271048799
50,5000,gaussian,DeepHull-original vs DeepHull-convex,20,0.5697627931483882
50,5000,gaussian,DeepHull-original vs DeepHull-convex,21,0.5262084261278082
50,5000,gaussian,DeepHull-original vs DeepHull-convex,22,0.5594922797398985
50,5000,gaussian,DeepHull-original vs DeepHull-convex,23,0.2499775458935265
50,5000,gaussian,DeepHull-original vs DeepHull-convex,24,0.062112018216378795
50,5000,gaussian,DeepHull-original vs DeepHull-convex,25,0.26549677676101946
50,5000,gaussian,DeepHull-original vs DeepHull-convex,26,0.08263477179610978
50,5000,gaussian,DeepHull-original vs DeepHull-convex,27,0.21347011015716033
50,5000,gaussian,DeepHull-original vs DeepHull-convex,28,0.17328947667840588
50,5000,gaussian,DeepHull-original vs DeepHull-convex,29,0.05732160023429933
50,5000,gaussian,DeepHull-original vs DeepHull-convex,30,0.7954891199423282
50,5000,gaussian,DeepHull-original vs DeepHull-convex,31,0.11329674558511793
50,5000,gaussian,DeepHull-original vs DeepHull-convex,32,0.2261828165730122
50,5000,gaussian,DeepHull-original vs DeepHull-convex,33,0.2869733261576741
50,5000,gaussian,DeepHull-original vs DeepHull-convex,34,0.24392816488487945
50,5000,gaussian,DeepHull-original vs DeepHull-convex,35,0.4037098795513223
50,5000,gaussian,DeepHull-original vs DeepHull-convex,36,1.389944794590105
50,5000,gaussian,DeepHull-original vs DeepHull-convex,37,0.15234431023463157
50,5000,gaussian,DeepHull-original vs DeepHull-convex,38,0.7206180466792778
50,5000,gaussian,DeepHull-original vs DeepHull-convex,39,0.591968546271775
50,5000,gaussian,DeepHull-original vs DeepHull-convex,40,1.4415546071851972
50,5000,gaussian,DeepHull-original vs DeepHull-convex,41,1.4751481385540572
50,5000,gaussian,DeepHull-original vs DeepHull-convex,42,0.8087459941098802
50,5000,gaussian,DeepHull-original vs DeepHull-convex,43,0.39016127991273675
50,5000,gaussian,DeepHull-original vs DeepHull-convex,44,0.20935282452001513
50,5000,gaussian,DeepHull-original vs DeepHull-convex,45,0.3628650184305102
50,5000,gaussian,DeepHull-original vs DeepHull-convex,46,0.8027282343411166
50,5000,gaussian,DeepHull-original vs DeepHull-convex,47,0.5418908219389942
50,5000,gaussian,DeepHull-original vs DeepHull-convex,48,0.13858369612580268
50,5000,gaussian,DeepHull-original vs DeepHull-convex,49,0.30721622829169526
50,5000,gaussian,DeepHull-original vs DeepHull-convex,50,0.5538710596851733
50,5000,gaussian,DeepHull-original vs DeepHull-convex,51,0.9791312280882913
50,5000,gaussian,DeepHull-original vs DeepHull-convex,52,0.040690268592994405
50,5000,gaussian,DeepHull-original vs DeepHull-convex,53,0.17026398178760482
50,5000,gaussian,DeepHull-original vs DeepHull-convex,54,0.703259602201513
50,5000,gaussian,DeepHull-original vs DeepHull-convex,55,0.11340521563924688
50,5000,gaussian,DeepHull-original vs DeepHull-convex,56,0.48612210546686674
50,5000,gaussian,DeepHull-original vs DeepHull-convex,57,0.5563259104560012
50,5000,gaussian,DeepHull-original vs DeepHull-convex,58,0.8607852303655001
50,5000,gaussian,DeepHull-original vs DeepHull-convex,59,0.32089652457728657
50,5000,gaussian,DeepHull-original vs DeepHull-convex,60,0.8646864212188177
50,5000,gaussian,DeepHull-original vs DeepHull-convex,61,0.13476875145805045
50,5000,gaussian,DeepHull-original vs DeepHull-convex,62,0.5533428835904834
50,5000,gaussian,DeepHull-original vs DeepHull-convex,63,0.4941157518916952
50,5000,gaussian,DeepHull-original vs DeepHull-convex,64,0.6839338929888048
50,5000,gaussian,DeepHull-original vs DeepHull-convex,65,0.5302028475919158
50,5000,gaussian,DeepHull-original vs DeepHull-convex,66,0.4986508066836186
50,5000,gaussian,DeepHull-original vs DeepHull-convex,67,0.03768691553681447
50,5000,gaussian,DeepHull-original vs DeepHull-convex,68,0.19154120995454904
50,5000,gaussian,DeepHull-original vs DeepHull-convex,69,0.9019959934597968
50,5000,gaussian,DeepHull-original vs DeepHull-convex,70,0.6452077092373363
50,5000,gaussian,DeepHull-original vs DeepHull-convex,71,0.40079866984873513
50,5000,gaussian,DeepHull-original vs DeepHull-convex,72,0.9598752020533782
50,5000,gaussian,DeepHull-original vs DeepHull-convex,73,0.08351471068984928
50,5000,gaussian,DeepHull-original vs DeepHull-convex,74,0.2241189219026356
50,5000,gaussian,DeepHull-original vs DeepHull-convex,75,0.29083320404410684
50,5000,gaussian,DeepHull-original vs DeepHull-convex,76,0.34496070059450035
50,5000,gaussian,DeepHull-original vs DeepHull-convex,77,0.578917515911991
50,5000,gaussian,DeepHull-original vs DeepHull-convex,78,0.39571365496394506
50,5000,gaussian,DeepHull-original vs DeepHull-convex,79,0.050089995639973184
50,5000,gaussian,DeepHull-original vs DeepHull-convex,80,0.14568438617436996
50,5000,gaussian,DeepHull-original vs DeepHull-convex,81,0.6870034396526175
50,5000,gaussian,DeepHull-original vs DeepHull-convex,82,0.08808441602746475
50,5000,gaussian,DeepHull-original vs DeepHull-convex,83,0.1400594519033449
50,5000,gaussian,DeepHull-original vs DeepHull-convex,84,0.16695421759792528
50,5000,gaussian,DeepHull-original vs DeepHull-convex,85,0.6927929602567762
50,5000,gaussian,DeepHull-original vs DeepHull-convex,86,1.0751915905075522
50,5000,gaussian,DeepHull-original vs DeepHull-convex,87,0.23360430957038636
50,5000,gaussian,DeepHull-original vs DeepHull-convex,88,0.4426381252441969
50,5000,gaussian,DeepHull-original vs DeepHull-convex,89,0.22624601524783117
50,5000,gaussian,DeepHull-original vs DeepHull-convex,90,0.7022679114146806
50,5000,gaussian,DeepHull-original vs DeepHull-convex,91,0.2452391075369056
50,5000,gaussian,DeepHull-original vs DeepHull-convex,92,1.4926022216429569
50,5000,gaussian,DeepHull-original vs DeepHull-convex,93,0.5188979284990107
50,5000,gaussian,DeepHull-original vs DeepHull-convex,94,0.3582840719031082
50,5000,gaussian,DeepHull-original vs DeepHull-convex,95,0.4204044427955518
50,5000,gaussian,DeepHull-original vs DeepHull-convex,96,0.003265504275811848
50,5000,gaussian,DeepHull-original vs DeepHull-convex,97,0.20959051893190228
50,5000,gaussian,DeepHull-original vs DeepHull-convex,98,0.415901440250088
50,5000,gaussian,DeepHull-original vs DeepHull-convex,99,0.21126435416117717
50,5000,gaussian,DeepHull-original vs DeepHull-convex,100,0.24447734230039497
50,5000,gaussian,DeepHull-original vs DeepHull-convex,101,0.20644497914008375
50,5000,gaussian,DeepHull-original vs DeepHull-convex,102,0.6204985845768998
50,5000,gaussian,DeepHull-original vs DeepHull-convex,103,1.1501076178247238
50,5000,gaussian,DeepHull-original vs DeepHull-convex,104,0.4017843604801181
50,5000,gaussian,DeepHull-original vs DeepHull-convex,105,0.06510377962696623
50,5000,gaussian,DeepHull-original vs DeepHull-convex,106,0.4003950000637406
50,5000,gaussian,DeepHull-original vs DeepHull-convex,107,0.07722678239884573
50,5000,gaussian,DeepHull-original vs DeepHull-convex,108,0.19068349422204767
50,5000,gaussian,DeepHull-original vs DeepHull-convex,109,0.21993413920101101
50,5000,gaussian,DeepHull-original vs DeepHull-convex,110,0.6907877006406475
50,5000,gaussian,DeepHull-original vs DeepHull-convex,111,0.497666577887554
50,5000,gaussian,DeepHull-original vs DeepHull-convex,112,1.4805786976220099
50,5000,gaussian,DeepHull-original vs DeepHull-convex,113,0.6083545627270255
50,5000,gaussian,DeepHull-original vs DeepHull-convex,114,0.8592130040842905
50,5000,gaussian,DeepHull-original vs DeepHull-convex,115,0.5398408144865783
50,5000,gaussian,DeepHull-original vs DeepHull-convex,116,0.7039962699275868
50,5000,gaussian,DeepHull-original vs DeepHull-convex,117,0.7257918371202894
50,5000,gaussian,DeepHull-original vs DeepHull-convex,118,0.07538368827206354
50,5000,gaussian,DeepHull-original vs DeepHull-convex,119,0.6287635400170504
50,5000,gaussian,DeepHull-original vs DeepHull-convex,120,0.028341584327046476
50,5000,gaussian,DeepHull-original vs DeepHull-convex,121,0.06469638130739641
50,5000,gaussian,DeepHull-original vs DeepHull-convex,122,0.22277803199146406
50,5000,gaussian,DeepHull-original vs DeepHull-convex,123,0.2496598247999493
50,5000,gaussian,DeepHull-original vs DeepHull-convex,124,0.7212164087990149
50,5000,gaussian,DeepHull-original vs DeepHull-convex,125,0.21785381547765947
50,5000,gaussian,DeepHull-original vs DeepHull-convex,126,1.2614735397368382
50,5000,gaussian,DeepHull-original vs DeepHull-convex,127,0.12029617769552159
50,5000,gaussian,DeepHull-original vs DeepHull-convex,128,0.013243565190888873
50,5000,gaussian,DeepHull-original vs DeepHull-convex,129,0.6588780853546075
50,5000,gaussian,DeepHull-original vs DeepHull-convex,130,0.5911920064128657
50,5000,gaussian,DeepHull-original vs DeepHull-convex,131,0.36030904699451116
50,5000,gaussian,DeepHull-original vs DeepHull-convex,132,0.023821263773086354
50,5000,gaussian,DeepHull-original vs DeepHull-convex,133,0.6189398900637122
50,5000,gaussian,DeepHull-original vs DeepHull-convex,134,0.4550601678542754
50,5000,gaussian,DeepHull-original vs DeepHull-convex,135,0.49696820701226563
50,5000,gaussian,DeepHull-original vs DeepHull-convex,136,0.24517547544550955
50,5000,gaussian,DeepHull-original vs DeepHull-convex,137,1.387448504044633
50,5000,gaussian,DeepHull-original vs DeepHull-convex,138,0.867560679371552
50,5000,gaussian,DeepHull-original vs DeepHull-convex,139,0.04358499138607508
50,5000,gaussian,DeepHull-original vs DeepHull-convex,140,0.3680064402395833
50,5000,gaussian,DeepHull-original vs DeepHull-convex,141,0.2225299502652851
50,5000,gaussian,DeepHull-original vs DeepHull-convex,142,0.6510742608088655
50,5000,gaussian,DeepHull-original vs DeepHull-convex,143,0.004691788288148091
50,5000,gaussian,DeepHull-original vs DeepHull-convex,144,0.29246865557405943
50,5000,gaussian,DeepHull-original vs DeepHull-convex,145,1.0038224226940766
50,5000,gaussian,DeepHull-original vs DeepHull-convex,146,0.600854903159911
50,5000,gaussian,DeepHull-original vs DeepHull-convex,147,0.07375547079987799
50,5000,gaussian,DeepHull-original vs DeepHull-convex,148,0.9278652139428756
50,5000,gaussian,DeepHull-original vs DeepHull-convex,149,0.20448063314534948
50,5000,gaussian,DeepHull-original vs DeepHull-convex,150,0.4916506958899003
50,5000,gaussian,DeepHull-original vs DeepHull-convex,151,0.14800909852811395
50,5000,gaussian,DeepHull-original vs DeepHull-convex,152,0.8219977025954166
50,5000,gaussian,DeepHull-original vs DeepHull-convex,153,0.09347932755405708
50,5000,gaussian,DeepHull-original vs DeepHull-convex,154,0.3034165766945559
50,5000,gaussian,DeepHull-original vs DeepHull-convex,155,0.5935863995684405
50,5000,gaussian,DeepHull-original vs DeepHull-convex,156,1.4157185320342374
50,5000,gaussian,DeepHull-original vs DeepHull-convex,157,1.0633750290584305
50,5000,gaussian,DeepHull-original vs DeepHull-convex,158,0.5696869114943224
50,5000,gaussian,DeepHull-original vs DeepHull-convex,159,0.7621768688122403
50,5000,gaussian,DeepHull-original vs DeepHull-convex,160,0.6057938001967333
50,5000,gaussian,DeepHull-original vs DeepHull-convex,161,0.2506757247619613
50,5000,gaussian,DeepHull-original vs DeepHull-convex,162,0.4991253119960153
50,5000,gaussian,DeepHull-original vs DeepHull-convex,163,0.5717462700327434
50,5000,gaussian,DeepHull-original vs DeepHull-convex,164,0.3875461125065278
50,5000,gaussian,DeepHull-original vs DeepHull-convex,165,0.9749162080126736
50,5000,gaussian,DeepHull-original vs DeepHull-convex,166,0.6266745794609052
50,5000,gaussian,DeepHull-original vs DeepHull-convex,167,0.823388881447255
50,5000,gaussian,DeepHull-original vs DeepHull-convex,168,0.40505614271944235
50,5000,gaussian,DeepHull-original vs DeepHull-convex,169,1.0818122282847153
50,5000,gaussian,DeepHull-original vs DeepHull-convex,170,0.9263558082419929
50,5000,gaussian,DeepHull-original vs DeepHull-convex,171,0.055395386064430285
50,5000,gaussian,DeepHull-original vs DeepHull-convex,172,0.8757471543280873
50,5000,gaussian,DeepHull-original vs DeepHull-convex,173,0.305347429341815
50,5000,gaussian,DeepHull-original vs DeepHull-convex,174,0.6255006718849234
50,5000,gaussian,DeepHull-original vs DeepHull-convex,175,0.41620390654101835
50,5000,gaussian,DeepHull-original vs DeepHull-convex,176,0.8372104642368188
50,5000,gaussian,DeepHull-original vs DeepHull-convex,177,0.7403217639596162
50,5000,gaussian,DeepHull-original vs DeepHull-convex,178,0.11279680127287617
50,5000,gaussian,DeepHull-original vs DeepHull-convex,179,0.3095205566342587
50,5000,gaussian,DeepHull-original vs DeepHull-convex,180,0.35122442063359527
50,5000,gaussian,DeepHull-original vs DeepHull-convex,181,0.3515130692850268
50,5000,gaussian,DeepHull-original vs DeepHull-convex,182,1.3484300671802787
50,5000,gaussian,DeepHull-original vs DeepHull-convex,183,0.6455081481755085
50,5000,gaussian,DeepHull-original vs DeepHull-convex,184,0.5854435419906467
50,5000,gaussian,DeepHull-original vs DeepHull-convex,185,0.45853139086635
50,5000,gaussian,DeepHull-original vs DeepHull-convex,186,0.12979626476382755
50,5000,gaussian,DeepHull-original vs DeepHull-convex,187,0.30944083769143615
50,5000,gaussian,DeepHull-original vs DeepHull-convex,188,0.09905621074532722
50,5000,gaussian,DeepHull-original vs DeepHull-convex,189,0.7720714184567716
50,5000,gaussian,DeepHull-original vs DeepHull-convex,190,0.041077592861743284
50,5000,gaussian,DeepHull-original vs DeepHull-convex,191,0.07265749821515333
50,5000,gaussian,DeepHull-original vs DeepHull-convex,192,0.39886082224607766
50,5000,gaussian,DeepHull-original vs DeepHull-convex,193,0.1534260824353011
50,5000,gaussian,DeepHull-original vs DeepHull-convex,194,0.8720987344702389
50,5000,gaussian,DeepHull-original vs DeepHull-convex,195,1.0442742230753528
50,5000,gaussian,DeepHull-original vs DeepHull-convex,196,0.7265380133911131
50,5000,gaussian,DeepHull-original vs DeepHull-convex,197,0.17496486764459185
50,5000,gaussian,DeepHull-original vs DeepHull-convex,198,0.5224954638273422
50,5000,gaussian,DeepHull-original vs DeepHull-convex,199,1.2372254170252956
50,5000,gaussian,DeepHull-original vs DeepHull-convex,200,2.0794091660511764
50,5000,gaussian,DeepHull-original vs DeepHull-convex,201,1.2007592148963289
50,5000,gaussian,DeepHull-original vs DeepHull-convex,202,0.3727621047334102
50,5000,gaussian,DeepHull-original vs DeepHull-convex,203,0.30984316337777673
50,5000,gaussian,DeepHull-original vs DeepHull-convex,204,0.055923737910203775
50,5000,gaussian,DeepHull-original vs DeepHull-convex,205,0.18034320846561758
50,5000,gaussian,DeepHull-original vs DeepHull-convex,206,0.35010372702616
50,5000,gaussian,DeepHull-original vs DeepHull-convex,207,0.5901588443976682
50,5000,gaussian,DeepHull-original vs DeepHull-convex,208,0.1428141366055362
50,5000,gaussian,DeepHull-original vs DeepHull-convex,209,0.5170568211568929
50,5000,gaussian,DeepHull-original vs DeepHull-convex,210,0.34932911314917847
50,5000,gaussian,DeepHull-original vs DeepHull-convex,211,0.4992430456573278
50,5000,gaussian,DeepHull-original vs DeepHull-convex,212,0.5571470321788694
50,5000,gaussian,DeepHull-original vs DeepHull-convex,213,0.45655277418313456
50,5000,gaussian,DeepHull-original vs DeepHull-convex,214,0.5388702680454367
50,5000,gaussian,DeepHull-original vs DeepHull-convex,215,0.017655654638638163
50,5000,gaussian,DeepHull-original vs DeepHull-convex,216,0.4062631797952305
50,5000,gaussian,DeepHull-original vs DeepHull-convex,217,0.3232999619852708
50,5000,gaussian,DeepHull-original vs DeepHull-convex,218,0.13463613727639978
50,5000,gaussian,DeepHull-original vs DeepHull-convex,219,0.18273454231627317
50,5000,gaussian,DeepHull-original vs DeepHull-convex,220,0.18289787092884358
50,5000,gaussian,DeepHull-original vs DeepHull-convex,221,0.033172063409137253
50,5000,gaussian,DeepHull-original vs DeepHull-convex,222,0.42287097742405244
50,5000,gaussian,DeepHull-original vs DeepHull-convex,223,0.40100450020818235
50,5000,gaussian,DeepHull-original vs DeepHull-convex,224,0.5613650244122592
50,5000,gaussian,DeepHull-original vs DeepHull-convex,225,0.37919193238207827
50,5000,gaussian,DeepHull-original vs DeepHull-convex,226,0.16240588191062755
50,5000,gaussian,DeepHull-original vs DeepHull-convex,227,0.5059467912474946
50,5000,gaussian,DeepHull-original vs DeepHull-convex,228,0.4270734669279732
50,5000,gaussian,DeepHull-original vs DeepHull-convex,229,0.18832960954269162
50,5000,gaussian,DeepHull-original vs DeepHull-convex,230,0.1603129754928505
50,5000,gaussian,DeepHull-original vs DeepHull-convex,231,0.032486610520870984
50,5000,gaussian,DeepHull-original vs DeepHull-convex,232,0.27643139232987646
50,5000,gaussian,DeepHull-original vs DeepHull-convex,233,0.16908682348925197
50,5000,gaussian,DeepHull-original vs DeepHull-convex,234,1.0512104092460077
50,5000,gaussian,DeepHull-original vs DeepHull-convex,235,0.6277382708436423
50,5000,gaussian,DeepHull-original vs DeepHull-convex,236,1.0253425076316778
50,5000,gaussian,DeepHull-original vs DeepHull-convex,237,0.699824169466766
50,5000,gaussian,DeepHull-original vs DeepHull-convex,238,0.11045741978153156
50,5000,gaussian,DeepHull-original vs DeepHull-convex,239,0.25167335419396575
50,5000,gaussian,DeepHull-original vs DeepHull-convex,240,0.23417309276682108
50,5000,gaussian,DeepHull-original vs DeepHull-convex,241,0.2795526373764139
50,5000,gaussian,DeepHull-original vs DeepHull-convex,242,0.931895457236324
50,5000,gaussian,DeepHull-original vs DeepHull-convex,243,0.009901984893340376
50,5000,gaussian,DeepHull-original vs DeepHull-convex,244,0.4040851610039746
50,5000,gaussian,DeepHull-original vs DeepHull-convex,245,0.18966615826336852
50,5000,gaussian,DeepHull-original vs DeepHull-convex,246,0.8401494387174067
50,5000,gaussian,DeepHull-original vs DeepHull-convex,247,0.2599665163931615
50,5000,gaussian,DeepHull-original vs DeepHull-convex,248,0.6927463038258883
50,5000,gaussian,DeepHull-original vs DeepHull-convex,249,0.6051237036010375
50,5000,gaussian,DeepHull-original vs DeepHull-convex,250,0.12607708949505736
50,5000,gaussian,DeepHull-original vs DeepHull-convex,251,0.6382927844912718
50,5000,gaussian,DeepHull-original vs DeepHull-convex,252,1.0247730186755089
50,5000,gaussian,DeepHull-original vs DeepHull-convex,253,0.1219572436370795
50,5000,gaussian,DeepHull-original vs DeepHull-convex,254,0.31838161713295343
50,5000,gaussian,DeepHull-original vs DeepHull-convex,255,0.26870391527044735
50,5000,uniform_cube,Extents vs MVEE,0,0.04855629588753785
50,5000,uniform_cube,Extents vs MVEE,1,0.171239442496395
50,5000,uniform_cube,Extents vs MVEE,2,0.26955600325879603
50,5000,uniform_cube,Extents vs MVEE,3,0.0
50,5000,uniform_cube,Extents vs MVEE,4,0.0
50,5000,uniform_cube,Extents vs MVEE,5,0.07292742127153495
50,5000,uniform_cube,Extents vs MVEE,6,0.0
50,5000,uniform_cube,Extents vs MVEE,7,0.0
50,5000,uniform_cube,Extents vs MVEE,8,0.09349704083089239
50,5000,uniform_cube,Extents vs MVEE,9,0.0
50,5000,uniform_cube,Extents vs MVEE,10,0.0
50,5000,uniform_cube,Extents vs MVEE,11,0.0
50,5000,uniform_cube,Extents vs MVEE,12,0.0
50,5000,uniform_cube,Extents vs MVEE,13,0.0
50,5000,uniform_cube,Extents vs MVEE,14,0.0
50,5000,uniform_cube,Extents vs MVEE,15,1.0571048886704089
50,5000,uniform_cube,Extents vs MVEE,16,0.0
50,5000,uniform_cube,Extents vs MVEE,17,0.04934893928851447
50,5000,uniform_cube,Extents vs MVEE,18,0.12979877543075524
50,5000,uniform_cube,Extents vs MVEE,19,0.020924568071162497
50,5000,uniform_cube,Extents vs MVEE,20,0.237783663830758
50,5000,uniform_cube,Extents vs MVEE,21,0.1291162152124199
50,5000,uniform_cube,Extents vs MVEE,22,0.705541201756972
50,5000,uniform_cube,Extents vs MVEE,23,0.28144899047805727
50,5000,uniform_cube,Extents vs MVEE,24,0.10454251066799314
50,5000,uniform_cube,Extents vs MVEE,25,0.0
50,5000,uniform_cube,Extents vs MVEE,26,0.0
50,5000,uniform_cube,Extents vs MVEE,27,0.0
50,5000,uniform_cube,Extents vs MVEE,28,0.08724894284017837
50,5000,uniform_cube,Extents vs MVEE,29,0.2475974151190199
50,5000,uniform_cube,Extents vs MVEE,30,0.0
50,5000,uniform_cube,Extents vs MVEE,31,0.49280057233113994
50,5000,uniform_cube,Extents vs MVEE,32,0.0
50,5000,uniform_cube,Extents vs MVEE,33,0.04440578772511827
50,5000,uniform_cube,Extents vs MVEE,34,0.0
50,5000,uniform_cube,Extents vs MVEE,35,0.12827495126445476
50,5000,uniform_cube,Extents vs MVEE,36,0.23908599828092125
50,5000,uniform_cube,Extents vs MVEE,37,0.0
50,5000,uniform_cube,Extents vs MVEE,38,0.0
50,5000,uniform_cube,Extents vs MVEE,39,0.49823634242400194
50,5000,uniform_cube,Extents vs MVEE,40,0.0
50,5000,uniform_cube,Extents vs MVEE,41,0.0
50,5000,uniform_cube,Extents vs MVEE,42,0.07723400220100252
50,5000,uniform_cube,Extents vs MVEE,43,0.060923445800269205
50,5000,uniform_cube,Extents vs MVEE,44,0.4392505387499983
50,5000,uniform_cube,Extents vs MVEE,45,0.0
50,5000,uniform_cube,Extents vs MVEE,46,0.0
50,5000,uniform_cube,Extents vs MVEE,47,0.0
50,5000,uniform_cube,Extents vs MVEE,48,0.13026077910087475
50,5000,uniform_cube,Extents vs MVEE,49,0.24482476146403265
50,5000,uniform_cube,Extents vs MVEE,50,0.33920368898636677
50,5000,uniform_cube,Extents vs MVEE,51,0.49284587544281355
50,5000,uniform_cube,Extents vs MVEE,52,0.0
50,5000,uniform_cube,Extents vs MVEE,53,0.0
50,5000,uniform_cube,Extents vs MVEE,54,0.31461467806843246
50,5000,uniform_cube,Extents vs MVEE,55,0.0
50,5000,uniform_cube,Extents vs MVEE,56,0.011487367903716184
50,5000,uniform_cube,Extents vs MVEE,57,0.04519856054355942
50,5000,uniform_cube,Extents vs MVEE,58,0.17438940821626137
50,5000,uniform_cube,Extents vs MVEE,59,0.4444493338493447
50,5000,uniform_cube,Extents vs MVEE,60,0.08531120126800307
50,5000,uniform_cube,Extents vs MVEE,61,0.0
50,5000,uniform_cube,Extents vs MVEE,62,0.1565701416140617
50,5000,uniform_cube,Extents vs MVEE,63,0.0
50,5000,uniform_cube,Extents vs MVEE,64,0.16931148332185697
50,5000,uniform_cube,Extents vs MVEE,65,0.03521733148287853
50,5000,uniform_cube,Extents vs MVEE,66,0.07110699539860676
50,5000,uniform_cube,Extents vs MVEE,67,0.11137623575201516
50,5000,uniform_cube,Extents vs MVEE,68,0.1056206166038065
50,5000,uniform_cube,Extents vs MVEE,69,0.5398157485527735
50,5000,uniform_cube,Extents vs MVEE,70,0.0
50,5000,uniform_cube,Extents vs MVEE,71,0.0
50,5000,uniform_cube,Extents vs MVEE,72,0.010191346378554123
50,5000,uniform_cube,Extents vs MVEE,73,0.0
50,5000,uniform_cube,Extents vs MVEE,74,0.0
50,5000,uniform_cube,Extents vs MVEE,75,0.0
50,5000,uniform_cube,Extents vs MVEE,76,0.025110524346747543
50,5000,uniform_cube,Extents vs MVEE,77,0.0
50,5000,uniform_cube,Extents vs MVEE,78,0.2829085297432914
50,5000,uniform_cube,Extents vs MVEE,79,0.05761617593445556
50,5000,uniform_cube,Extents vs MVEE,80,0.0
50,5000,uniform_cube,Extents vs MVEE,81,0.36285155759847565
50,5000,uniform_cube,Extents vs MVEE,82,0.25070396318794685
50,5000,uniform_cube,Extents vs MVEE,83,0.0
50,5000,uniform_cube,Extents vs MVEE,84,0.0
50,5000,uniform_cube,Extents vs MVEE,85,0.0
50,5000,uniform_cube,Extents vs MVEE,86,0.33753395719214274
50,5000,uniform_cube,Extents vs MVEE,87,0.0
50,5000,uniform_cube,Extents vs MVEE,88,0.0
50,5000,uniform_cube,Extents vs MVEE,89,0.04293261137485915
50,5000,uniform_cube,Extents vs MVEE,90,0.0
50,5000,uniform_cube,Extents vs MVEE,91,0.07416990271203727
50,5000,uniform_cube,Extents vs MVEE,92,0.0
50,5000,uniform_cube,Extents vs MVEE,93,0.0
50,5000,uniform_cube,Extents vs MVEE,94,0.07019986672914036
50,5000,uniform_cube,Extents vs MVEE,95,0.3279935933930245
50,5000,uniform_cube,Extents vs MVEE,96,0.13651983911585086
50,5000,uniform_cube,Extents vs MVEE,97,0.0
50,5000,uniform_cube,Extents vs MVEE,98,0.0
50,5000,uniform_cube,Extents vs MVEE,99,0.0
50,5000,uniform_cube,Extents vs MVEE,100,0.16231609523261525
50,5000,uniform_cube,Extents vs MVEE,101,0.0
50,5000,uniform_cube,Extents vs MVEE,102,0.0
50,5000,uniform_cube,Extents vs MVEE,103,0.34871105198646135
50,5000,uniform_cube,Extents vs MVEE,104,0.20849165896944388
50,5000,uniform_cube,Extents vs MVEE,105,0.44079930474172646
50,5000,uniform_cube,Extents vs MVEE,106,0.11913905497383048
50,5000,uniform_cube,Extents vs MVEE,107,0.0
50,5000,uniform_cube,Extents vs MVEE,108,0.18662949498865022
50,5000,uniform_cube,Extents vs MVEE,109,0.0
50,5000,uniform_cube,Extents vs MVEE,110,0.12123566607655167
50,5000,uniform_cube,Extents vs MVEE,111,0.24503559878750436
50,5000,uniform_cube,Extents vs MVEE,112,0.0
50,5000,uniform_cube,Extents vs MVEE,113,0.0678294365513259
50,5000,uniform_cube,Extents vs MVEE,114,0.0
50,5000,uniform_cube,Extents vs MVEE,115,0.007853965235635751
50,5000,uniform_cube,Extents vs MVEE,116,0.0
50,5000,uniform_cube,Extents vs MVEE,117,0.0
50,5000,uniform_cube,Extents vs MVEE,118,0.29469483438311395
50,5000,uniform_cube,Extents vs MVEE,119,0.08225733861544926
50,5000,uniform_cube,Extents vs MVEE,120,0.0
50,5000,uniform_cube,Extents vs MVEE,121,0.0
50,5000,uniform_cube,Extents vs MVEE,122,0.08492320387388297
50,5000,uniform_cube,Extents vs MVEE,123,0.0
50,5000,uniform_cube,Extents vs MVEE,124,0.13418921855511834
50,5000,uniform_cube,Extents vs MVEE,125,0.0
50,5000,uniform_cube,Extents vs MVEE,126,0.0
50,5000,uniform_cube,Extents vs MVEE,127,0.0
50,5000,uniform_cube,Extents vs MVEE,128,0.09160082722504193
50,5000,uniform_cube,Extents vs MVEE,129,0.0
50,5000,uniform_cube,Extents vs MVEE,130,0.394517521276599
50,5000,uniform_cube,Extents vs MVEE,131,0.1285428149245771
50,5000,uniform_cube,Extents vs MVEE,132,0.0
50,5000,uniform_cube,Extents vs MVEE,133,0.12740269381136837
50,5000,uniform_cube,Extents vs MVEE,134,0.0
50,5000,uniform_cube,Extents vs MVEE,135,0.0
50,5000,uniform_cube,Extents vs MVEE,136,0.13794671750516807
50,5000,uniform_cube,Extents vs MVEE,137,0.0
50,5000,uniform_cube,Extents vs MVEE,138,0.43682175406205803
50,5000,uniform_cube,Extents vs MVEE,139,0.24152925153171823
50,5000,uniform_cube,Extents vs MVEE,140,0.0
50,5000,uniform_cube,Extents vs MVEE,141,0.12801871707816814
50,5000,uniform_cube,Extents vs MVEE,142,0.0
50,5000,uniform_cube,Extents vs MVEE,143,0.0
50,5000,uniform_cube,Extents vs MVEE,144,0.0
50,5000,uniform_cube,Extents vs MVEE,145,0.4123587207242425
50,5000,uniform_cube,Extents vs MVEE,146,0.0
50,5000,uniform_cube,Extents vs MVEE,147,0.0
50,5000,uniform_cube,Extents vs MVEE,148,0.0
50,5000,uniform_cube,Extents vs MVEE,149,0.050922750600711275
50,5000,uniform_cube,Extents vs MVEE,150,0.0006604222320034658
50,5000,uniform_cube,Extents vs MVEE,151,0.0
50,5000,uniform_cube,Extents vs MVEE,152,0.0
50,5000,uniform_cube,Extents vs MVEE,153,0.0
50,5000,uniform_cube,Extents vs MVEE,154,0.29549017478961015
50,5000,uniform_cube,Extents vs MVEE,155,0.32055281252617407
50,5000,uniform_cube,Extents vs MVEE,156,0.0
50,5000,uniform_cube,Extents vs MVEE,157,0.14143765860189284
50,5000,uniform_cube,Extents vs MVEE,158,0.1339762883987503
50,5000,uniform_cube,Extents vs MVEE,159,0.0
50,5000,uniform_cube,Extents vs MVEE,160,0.15242473185422267
50,5000,uniform_cube,Extents vs MVEE,161,0.0
50,5000,uniform_cube,Extents vs MVEE,162,0.022350693681520095
50,5000,uniform_cube,Extents vs MVEE,163,0.11083109132115276
50,5000,uniform_cube,Extents vs MVEE,164,0.0
50,5000,uniform_cube,Extents vs MVEE,165,0.0
50,5000,uniform_cube,Extents vs MVEE,166,0.0
50,5000,uniform_cube,Extents vs MVEE,167,0.01716510496915946
50,5000,uniform_cube,Extents vs MVEE,168,0.12248467889104275
50,5000,uniform_cube,Extents vs MVEE,169,0.0
50,5000,uniform_cube,Extents vs MVEE,170,0.0
50,5000,uniform_cube,Extents vs MVEE,171,0.0
50,5000,uniform_cube,Extents vs MVEE,172,0.0
50,5000,uniform_cube,Extents vs MVEE,173,0.09346312790655498
50,5000,uniform_cube,Extents vs MVEE,174,0.0
50,5000,uniform_cube,Extents vs MVEE,175,0.14955462897377414
50,5000,uniform_cube,Extents vs MVEE,176,0.0
50,5000,uniform_cube,Extents vs MVEE,177,0.0
50,5000,uniform_cube,Extents vs MVEE,178,0.10329431755901197
50,5000,uniform_cube,Extents vs MVEE,179,0.0
50,5000,uniform_cube,Extents vs MVEE,180,0.0
50,5000,uniform_cube,Extents vs MVEE,181,0.08013939433705386
50,5000,uniform_cube,Extents vs MVEE,182,0.0
50,5000,uniform_cube,Extents vs MVEE,183,0.0
50,5000,uniform_cube,Extents vs MVEE,184,0.0
50,5000,uniform_cube,Extents vs MVEE,185,0.10134454407641957
50,5000,uniform_cube,Extents vs MVEE,186,0.0
50,5000,uniform_cube,Extents vs MVEE,187,0.0
50,5000,uniform_cube,Extents vs MVEE,188,0.09286282063085816
50,5000,uniform_cube,Extents vs MVEE,189,0.0
50,5000,uniform_cube,Extents vs MVEE,190,0.53073562192483
50,5000,uniform_cube,Extents vs MVEE,191,0.0
50,5000,uniform_cube,Extents vs MVEE,192,0.23155349649303525
50,5000,uniform_cube,Extents vs MVEE,193,0.39487657642821317
50,5000,uniform_cube,Extents vs MVEE,194,0.22074730587306446
50,5000,uniform_cube,Extents vs MVEE,195,0.051449637796876946
50,5000,uniform_cube,Extents vs MVEE,196,0.11438837375289101
50,5000,uniform_cube,Extents vs MVEE,197,0.019710598470238594
50,5000,uniform_cube,Extents vs MVEE,198,0.0
50,5000,uniform_cube,Extents vs MVEE,199,0.11956641708668125
50,5000,uniform_cube,Extents vs MVEE,200,0.0
50,5000,uniform_cube,Extents vs MVEE,201,0.15099595112462905
50,5000,uniform_cube,Extents vs MVEE,202,0.0
50,5000,uniform_cube,Extents vs MVEE,203,0.33872048742722316
50,5000,uniform_cube,Extents vs MVEE,204,0.0
50,5000,uniform_cube,Extents vs MVEE,205,0.251035496547078
50,5000,uniform_cube,Extents vs MVEE,206,0.18737252515575453
50,5000,uniform_cube,Extents vs MVEE,207,0.1574623303205709
50,5000,uniform_cube,Extents vs MVEE,208,0.0
50,5000,uniform_cube,Extents vs MVEE,209,0.0
50,5000,uniform_cube,Extents vs MVEE,210,0.0
50,5000,uniform_cube,Extents vs MVEE,211,0.0
50,5000,uniform_cube,Extents vs MVEE,212,0.008943190376827115
50,5000,uniform_cube,Extents vs MVEE,213,0.0985221160476284
50,5000,uniform_cube,Extents vs MVEE,214,0.0
50,5000,uniform_cube,Extents vs MVEE,215,0.07052664525236207
50,5000,uniform_cube,Extents vs MVEE,216,0.0034984380176750207
50,5000,uniform_cube,Extents vs MVEE,217,0.06215680300373316
50,5000,uniform_cube,Extents vs MVEE,218,0.18611094786007865
50,5000,uniform_cube,Extents vs MVEE,219,0.0
50,5000,uniform_cube,Extents vs MVEE,220,0.0
50,5000,uniform_cube,Extents vs MVEE,221,0.5728927228924408
50,5000,uniform_cube,Extents vs MVEE,222,0.19788744394210167
50,5000,uniform_cube,Extents vs MVEE,223,0.008757642325857296
50,5000,uniform_cube,Extents vs MVEE,224,0.0
50,5000,uniform_cube,Extents vs MVEE,225,0.0
50,5000,uniform_cube,Extents vs MVEE,226,0.0
50,5000,uniform_cube,Extents vs MVEE,227,0.0
50,5000,uniform_cube,Extents vs MVEE,228,0.0
50,5000,uniform_cube,Extents vs MVEE,229,0.010235808985362027
50,5000,uniform_cube,Extents vs MVEE,230,0.15081218514859018
50,5000,uniform_cube,Extents vs MVEE,231,0.0
50,5000,uniform_cube,Extents vs MVEE,232,0.49480166038920315
50,5000,uniform_cube,Extents vs MVEE,233,0.3148541463772556
50,5000,uniform_cube,Extents vs MVEE,234,0.04529213101641738
50,5000,uniform_cube,Extents vs MVEE,235,0.4984494640045243
50,5000,uniform_cube,Extents vs MVEE,236,0.21674719614299165
50,5000,uniform_cube,Extents vs MVEE,237,0.0
50,5000,uniform_cube,Extents vs MVEE,238,0.17057369819019108
50,5000,uniform_cube,Extents vs MVEE,239,0.3470601862909497
50,5000,uniform_cube,Extents vs MVEE,240,0.0
50,5000,uniform_cube,Extents vs MVEE,241,0.1207098639848323
50,5000,uniform_cube,Extents vs MVEE,242,0.0
50,5000,uniform_cube,Extents vs MVEE,243,0.0
50,5000,uniform_cube,Extents vs MVEE,244,0.38828282595803154
50,5000,uniform_cube,Extents vs MVEE,245,0.38466915787636236
50,5000,uniform_cube,Extents vs MVEE,246,0.2599383272307696
50,5000,uniform_cube,Extents vs MVEE,247,0.41797128950862605
50,5000,uniform_cube,Extents vs MVEE,248,0.37337489136131774
50,5000,uniform_cube,Extents vs MVEE,249,0.23914166298046835
50,5000,uniform_cube,Extents vs MVEE,250,0.0
50,5000,uniform_cube,Extents vs MVEE,251,0.03453998035007966
50,5000,uniform_cube,Extents vs MVEE,252,0.0
50,5000,uniform_cube,Extents vs MVEE,253,0.1678014351678747
50,5000,uniform_cube,Extents vs MVEE,254,0.0
50,5000,uniform_cube,Extents vs MVEE,255,0.0
50,5000,uniform_cube,Extents vs DeepHull-original,0,0.7940129973846699
50,5000,uniform_cube,Extents vs DeepHull-original,1,0.40290193441067745
50,5000,uniform_cube,Extents vs DeepHull-original,2,0.5383655454714675
50,5000,uniform_cube,Extents vs DeepHull-original,3,0.7099503871130215
50,5000,uniform_cube,Extents vs DeepHull-original,4,1.003708421667982
50,5000,uniform_cube,Extents vs DeepHull-original,5,1.1015381253815986
50,5000,uniform_cube,Extents vs DeepHull-original,6,0.8973706059657891
50,5000,uniform_cube,Extents vs DeepHull-original,7,0.7138303993618356
50,5000,uniform_cube,Extents vs DeepHull-original,8,1.2185055623510572
50,5000,uniform_cube,Extents vs DeepHull-original,9,0.7882716347049972
50,5000,uniform_cube,Extents vs DeepHull-original,10,0.8451398904498306
50,5000,uniform_cube,Extents vs DeepHull-original,11,1.2111246945394927
50,5000,uniform_cube,Extents vs DeepHull-original,12,0.8623844149201993
50,5000,uniform_cube,Extents vs DeepHull-original,13,0.9916539587788378
50,5000,uniform_cube,Extents vs DeepHull-original,14,0.7756787262216089
50,5000,uniform_cube,Extents vs DeepHull-original,15,1.1090183328442327
50,5000,uniform_cube,Extents vs DeepHull-original,16,0.5715385288042487
50,5000,uniform_cube,Extents vs DeepHull-original,17,0.7434991963892936
50,5000,uniform_cube,Extents vs DeepHull-original,18,0.5547790083297548
50,5000,uniform_cube,Extents vs DeepHull-original,19,0.18253683337252857
50,5000,uniform_cube,Extents vs DeepHull-original,20,0.7488901640253103
50,5000,uniform_cube,Extents vs DeepHull-original,21,0.5645171694895452
50,5000,uniform_cube,Extents vs DeepHull-original,22,0.7226414809427592
50,5000,uniform_cube,Extents vs DeepHull-original,23,0.25855941196232535
50,5000,uniform_cube,Extents vs DeepHull-original,24,0.5715246066468949
50,5000,uniform_cube,Extents vs DeepHull-original,25,0.6623798613832172
50,5000,uniform_cube,Extents vs DeepHull-original,26,1.0119314749514356
50,5000,uniform_cube,Extents vs DeepHull-original,27,0.6038627956088889
50,5000,uniform_cube,Extents vs DeepHull-original,28,0.23393771765805949
50,5000,uniform_cube,Extents vs DeepHull-original,29,1.0447654495463254
50,5000,uniform_cube,Extents vs DeepHull-original,30,0.57289532738959
50,5000,uniform_cube,Extents vs DeepHull-original,31,0.44079345489457356
50,5000,uniform_cube,Extents vs DeepHull-original,32,0.04691710926454262
50,5000,uniform_cube,Extents vs DeepHull-original,33,0.7709771791044442
50,5000,uniform_cube,Extents vs DeepHull-original,34,0.9213746985389621
50,5000,uniform_cube,Extents vs DeepHull-original,35,0.9812756033935862
50,5000,uniform_cube,Extents vs DeepHull-original,36,0.4990527414600008
50,5000,uniform_cube,Extents vs DeepHull-original,37,1.2285474684175666
50,5000,uniform_cube,Extents vs DeepHull-original,38,0.4221597890223563
50,5000,uniform_cube,Extents vs DeepHull-original,39,0.6604810948232618
50,5000,uniform_cube,Extents vs DeepHull-original,40,0.5964118427511029
50,5000,uniform_cube,Extents vs DeepHull-original,41,1.0598635894532968
50,5000,uniform_cube,Extents vs DeepHull-original,42,0.11214569174013844
50,5000,uniform_cube,Extents vs DeepHull-original,43,0.3869895653193698
50,5000,uniform_cube,Extents vs DeepHull-original,44,0.0008827098222650154
50,5000,uniform_cube,Extents vs DeepHull-original,45,0.0
50,5000,uniform_cube,Extents vs DeepHull-original,46,0.5880417902964272
50,5000,uniform_cube,Extents vs DeepHull-original,47,1.2090425973402938
50,5000,uniform_cube,Extents vs DeepHull-original,48,1.3609080002727505
50,5000,uniform_cube,Extents vs DeepHull-original,49,0.8807820220008147
50,5000,uniform_cube,Extents vs DeepHull-original,50,0.0
50,5000,uniform_cube,Extents vs DeepHull-original,51,0.8154095277795265
50,5000,uniform_cube,Extents vs DeepHull-original,52,0.6983424004137933
50,5000,uniform_cube,Extents vs DeepHull-original,53,0.5942527781482143
50,5000,uniform_cube,Extents vs DeepHull-original,54,0.44396844424341486
50,5000,uniform_cube,Extents vs DeepHull-original,55,0.29084281330686523
50,5000,uniform_cube,Extents vs DeepHull-original,56,0.5053658526562887
50,5000,uniform_cube,Extents vs DeepHull-original,57,0.6007604414760859
50,5000,uniform_cube,Extents vs DeepHull-original,58,0.642800831903982
50,5000,uniform_cube,Extents vs DeepHull-original,59,0.24386712551575873
50,5000,uniform_cube,Extents vs DeepHull-original,60,0.0
50,5000,uniform_cube,Extents vs DeepHull-original,61,0.4409371220241898
50,5000,uniform_cube,Extents vs DeepHull-original,62,0.5196268270423514
50,5000,uniform_cube,Extents vs DeepHull-original,63,0.9989845082227953
50,5000,uniform_cube,Extents vs DeepHull-original,64,0.9171476618616609
50,5000,uniform_cube,Extents vs DeepHull-original,65,0.6628049686749728
50,5000,uniform_cube,Extents vs DeepHull-original,66,0.844780823837834
50,5000,uniform_cube,Extents vs DeepHull-original,67,0.47681183192456866
50,5000,uniform_cube,Extents vs DeepHull-original,68,0.7828274464741096
50,5000,uniform_cube,Extents vs DeepHull-original,69,0.7492316003323307
50,5000,uniform_cube,Extents vs DeepHull-original,70,0.4871976662311037
50,5000,uniform_cube,Extents vs DeepHull-original,71,0.8617229715478354
50,5000,uniform_cube,Extents vs DeepHull-original,72,0.8150890031618251
50,5000,uniform_cube,Extents vs DeepHull-original,73,0.5823388437310872
50,5000,uniform_cube,Extents vs DeepHull-original,74,1.2573435809498987
50,5000,uniform_cube,Extents vs DeepHull-original,75,0.8803570568333454
50,5000,uniform_cube,Extents vs DeepHull-original,76,1.2239916828516904
50,5000,uniform_cube,Extents vs DeepHull-original,77,0.5815334537092214
50,5000,uniform_cube,Extents vs DeepHull-original,78,0.5627950625687808
50,5000,uniform_cube,Extents vs DeepHull-original,79,0.6281635347953918
50,5000,uniform_cube,Extents vs DeepHull-original,80,0.011866942572947181
50,5000,uniform_cube,Extents vs DeepHull-original,81,0.8675299286126462
50,5000,uniform_cube,Extents vs DeepHull-original,82,0.7605977536416377
50,5000,uniform_cube,Extents vs DeepHull-original,83,0.8242091014373434
50,5000,uniform_cube,Extents vs DeepHull-original,84,0.7622559653294503
50,5000,uniform_cube,Extents vs DeepHull-original,85,0.5733595501675006
50,5000,uniform_cube,Extents vs DeepHull-original,86,0.34529819649719706
50,5000,uniform_cube,Extents vs DeepHull-original,87,0.8177293134955048
50,5000,uniform_cube,Extents vs DeepHull-original,88,0.6883603646965186
50,5000,uniform_cube,Extents vs DeepHull-original,89,0.6599951706639686
50,5000,uniform_cube,Extents vs DeepHull-original,90,0.36485191556452445
50,5000,uniform_cube,Extents vs DeepHull-original,91,0.8132524807308835
50,5000,uniform_cube,Extents vs DeepHull-original,92,0.6968150354796065
50,5000,uniform_cube,Extents vs DeepHull-original,93,1.1404855015907331
50,5000,uniform_cube,Extents vs DeepHull-original,94,0.3741809992641123
50,5000,uniform_cube,Extents vs DeepHull-original,95,0.3966375925212835
50,5000,uniform_cube,Extents vs DeepHull-original,96,0.767291593917968
50,5000,uniform_cube,Extents vs DeepHull-original,97,1.1471104660332814
50,5000,uniform_cube,Extents vs DeepHull-original,98,0.47319742307251533
50,5000,uniform_cube,Extents vs DeepHull-original,99,0.5382472155451126
50,5000,uniform_cube,Extents vs DeepHull-original,100,0.2487323146983369
50,5000,uniform_cube,Extents vs DeepHull-original,101,0.5780840523474318
50,5000,uniform_cube,Extents vs DeepHull-original,102,0.8910706356290539
50,5000,uniform_cube,Extents vs DeepHull-original,103,0.23473739931298
50,5000,uniform_cube,Extents vs DeepHull-original,104,1.0484560191792411
50,5000,uniform_cube,Extents vs DeepHull-original,105,0.15371388905987282
50,5000,uniform_cube,Extents vs DeepHull-original,106,0.45341563688870123
50,5000,uniform_cube,Extents vs DeepHull-original,107,0.862145849128999
50,5000,uniform_cube,Extents vs DeepHull-original,108,0.6484203576829817
50,5000,uniform_cube,Extents vs DeepHull-original,109,0.7655926109407003
50,5000,uniform_cube,Extents vs DeepHull-original,110,0.5932407655278005
50,5000,uniform_cube,Extents vs DeepHull-original,111,0.7128351048511199
50,5000,uniform_cube,Extents vs DeepHull-original,112,0.5739600037856045
50,5000,uniform_cube,Extents vs DeepHull-original,113,0.7970100391993238
50,5000,uniform_cube,Extents vs DeepHull-original,114,0.7221139526066704
50,5000,uniform_cube,Extents vs DeepHull-original,115,0.390148871322338
50,5000,uniform_cube,Extents vs DeepHull-original,116,1.3947975788572164
50,5000,uniform_cube,Extents vs DeepHull-original,117,0.07402674433953904
50,5000,uniform_cube,Extents vs DeepHull-original,118,0.5680282288363385
50,5000,uniform_cube,Extents vs DeepHull-original,119,0.37062350239005304
50,5000,uniform_cube,Extents vs DeepHull-original,120,0.8811187487662939
50,5000,uniform_cube,Extents vs DeepHull-original,121,0.6690765219987733
50,5000,uniform_cube,Extents vs DeepHull-original,122,0.36433055451286633
50,5000,uniform_cube,Extents vs DeepHull-original,123,1.429467532444579
50,5000,uniform_cube,Extents vs DeepHull-original,124,0.4664037333714879
50,5000,uniform_cube,Extents vs DeepHull-original,125,0.5978273992243275
50,5000,uniform_cube,Extents vs DeepHull-original,126,0.6464825381454684
50,5000,uniform_cube,Extents vs DeepHull-original,127,0.5205566432166895
50,5000,uniform_cube,Extents vs DeepHull-original,128,0.9144944692194215
50,5000,uniform_cube,Extents vs DeepHull-original,129,0.7582734000189653
50,5000,uniform_cube,Extents vs DeepHull-original,130,0.6160910158449031
50,5000,uniform_cube,Extents vs DeepHull-original,131,0.40737945766049966
50,5000,uniform_cube,Extents vs DeepHull-original,132,1.0344796645243126
50,5000,uniform_cube,Extents vs DeepHull-original,133,0.6000789353431444
50,5000,uniform_cube,Extents vs DeepHull-original,134,0.7182405470746778
50,5000,uniform_cube,Extents vs DeepHull-original,135,0.860914347228853
50,5000,uniform_cube,Extents vs DeepHull-original,136,0.7549434132641768
50,5000,uniform_cube,Extents vs DeepHull-original,137,1.0509341820079148
50,5000,uniform_cube,Extents vs DeepHull-original,138,0.39847724020967723
50,5000,uniform_cube,Extents vs DeepHull-original,139,0.5291905177442886
50,5000,uniform_cube,Extents vs DeepHull-original,140,1.5942592170586454
50,5000,uniform_cube,Extents vs DeepHull-original,141,0.1889984677987555
50,5000,uniform_cube,Extents vs DeepHull-original,142,1.1959209254201566
50,5000,uniform_cube,Extents vs DeepHull-original,143,0.788334804723577
50,5000,uniform_cube,Extents vs DeepHull-original,144,0.0
50,5000,uniform_cube,Extents vs DeepHull-original,145,0.6820249564389649
50,5000,uniform_cube,Extents vs DeepHull-original,146,0.8603064097171338
50,5000,uniform_cube,Extents vs DeepHull-original,147,0.5188182256027378
50,5000,uniform_cube,Extents vs DeepHull-original,148,0.672697838213197
50,5000,uniform_cube,Extents vs DeepHull-original,149,0.6660284792181237
50,5000,uniform_cube,Extents vs DeepHull-original,150,0.077935261295629
50,5000,uniform_cube,Extents vs DeepHull-original,151,0.22467824049769414
50,5000,uniform_cube,Extents vs DeepHull-original,152,0.8215088156813335
50,5000,uniform_cube,Extents vs DeepHull-original,153,1.5571605236163868
50,5000,uniform_cube,Extents vs DeepHull-original,154,0.9616795702487172
50,5000,uniform_cube,Extents vs DeepHull-original,155,0.3299426266688783
50,5000,uniform_cube,Extents vs DeepHull-original,156,0.6397321531519271
50,5000,uniform_cube,Extents vs DeepHull-original,157,0.45793526541914087
50,5000,uniform_cube,Extents vs DeepHull-original,158,0.6357875632589811
50,5000,uniform_cube,Extents vs DeepHull-original,159,1.2857008256459554
50,5000,uniform_cube,Extents vs DeepHull-original,160,0.7912271388929284
50,5000,uniform_cube,Extents vs DeepHull-original,161,0.687650815175834
50,5000,uniform_cube,Extents vs DeepHull-original,162,1.0105829946610023
50,5000,uniform_cube,Extents vs DeepHull-original,163,0.18358163358473512
50,5000,uniform_cube,Extents vs DeepHull-original,164,1.3917309237592679
50,5000,uniform_cube,Extents vs DeepHull-original,165,0.14383955776686452
50,5000,uniform_cube,Extents vs DeepHull-original,166,1.0387092034045244
50,5000,uniform_cube,Extents vs DeepHull-original,167,0.5975260276199725
50,5000,uniform_cube,Extents vs DeepHull-original,168,0.7853435476102426
50,5000,uniform_cube,Extents vs DeepHull-original,169,0.5916517071382597
50,5000,uniform_cube,Extents vs DeepHull-original,170,0.9554934221616103
50,5000,uniform_cube,Extents vs DeepHull-original,171,0.10369497882980228
50,5000,uniform_cube,Extents vs DeepHull-original,172,0.982268985518683
50,5000,uniform_cube,Extents vs DeepHull-original,173,0.3459277748188172
50,5000,uniform_cube,Extents vs DeepHull-original,174,1.26069830889315
50,5000,uniform_cube,Extents vs DeepHull-original,175,0.43045321203448195
50,5000,uniform_cube,Extents vs DeepHull-original,176,1.2616213672742869
50,5000,uniform_cube,Extents vs DeepHull-original,177,1.3666445529401265
50,5000,uniform_cube,Extents vs DeepHull-original,178,0.9474260578888479
50,5000,uniform_cube,Extents vs DeepHull-original,179,0.3725707599967025
50,5000,uniform_cube,Extents vs DeepHull-original,180,1.455125612161269
50,5000,uniform_cube,Extents vs DeepHull-original,181,0.3916238347695715
50,5000,uniform_cube,Extents vs DeepHull-original,182,0.4228180682650353
50,5000,uniform_cube,Extents vs DeepHull-original,183,0.6544811529685939
50,5000,uniform_cube,Extents vs DeepHull-original,184,0.6836580225680537
50,5000,uniform_cube,Extents vs DeepHull-original,185,1.0356399347682341
50,5000,uniform_cube,Extents vs DeepHull-original,186,1.2448190993511992
50,5000,uniform_cube,Extents vs DeepHull-original,187,0.8807687017225179
50,5000,uniform_cube,Extents vs DeepHull-original,188,0.0548387464751412
50,5000,uniform_cube,Extents vs DeepHull-original,189,0.7088157948521194
50,5000,uniform_cube,Extents vs DeepHull-original,190,1.1781938906592366
50,5000,uniform_cube,Extents vs DeepHull-original,191,0.7227131922625594
50,5000,uniform_cube,Extents vs DeepHull-original,192,0.7155319332055643
50,5000,uniform_cube,Extents vs DeepHull-original,193,0.683698251733015
50,5000,uniform_cube,Extents vs DeepHull-original,194,0.07715787144789266
50,5000,uniform_cube,Extents vs DeepHull-original,195,0.20341864199262893
50,5000,uniform_cube,Extents vs DeepHull-original,196,0.44370716703602153
50,5000,uniform_cube,Extents vs DeepHull-original,197,0.7792395277611373
50,5000,uniform_cube,Extents vs DeepHull-original,198,0.29425448083642647
50,5000,uniform_cube,Extents vs DeepHull-original,199,0.4234879390448376
50,5000,uniform_cube,Extents vs DeepHull-original,200,0.6230033034320452
50,5000,uniform_cube,Extents vs DeepHull-original,201,1.0314564772000732
50,5000,uniform_cube,Extents vs DeepHull-original,202,0.47249922473732187
50,5000,uniform_cube,Extents vs DeepHull-original,203,0.6317571196508946
50,5000,uniform_cube,Extents vs DeepHull-original,204,0.4263402071706992
50,5000,uniform_cube,Extents vs DeepHull-original,205,0.3504926018083301
50,5000,uniform_cube,Extents vs DeepHull-original,206,0.14283939772488274
50,5000,uniform_cube,Extents vs DeepHull-original,207,0.12785888348842667
50,5000,uniform_cube,Extents vs DeepHull-original,208,0.0
50,5000,uniform_cube,Extents vs DeepHull-original,209,0.7337863157669009
50,5000,uniform_cube,Extents vs DeepHull-original,210,0.5589495010054808
50,5000,uniform_cube,Extents vs DeepHull-original,211,0.15930446386259955
50,5000,uniform_cube,Extents vs DeepHull-original,212,0.680529685082242
50,5000,uniform_cube,Extents vs DeepHull-original,213,0.6150318747588939
50,5000,uniform_cube,Extents vs DeepHull-original,214,0.61228026778321
50,5000,uniform_cube,Extents vs DeepHull-original,215,0.6156290780620257
50,5000,uniform_cube,Extents vs DeepHull-original,216,0.296392036986173
50,5000,uniform_cube,Extents vs DeepHull-original,217,0.6781707925227767
50,5000,uniform_cube,Extents vs DeepHull-original,218,0.44674499284269387
50,5000,uniform_cube,Extents vs DeepHull-original,219,1.450868762510395
50,5000,uniform_cube,Extents vs DeepHull-original,220,0.5374594260179422
50,5000,uniform_cube,Extents vs DeepHull-original,221,0.41269172470345894
50,5000,uniform_cube,Extents vs DeepHull-original,222,0.7068219130039985
50,5000,uniform_cube,Extents vs DeepHull-original,223,0.8026479083663056
50,5000,uniform_cube,Extents vs DeepHull-original,224,0.056130907674646124
50,5000,uniform_cube,Extents vs DeepHull-original,225,1.6193918155316436
50,5000,uniform_cube,Extents vs DeepHull-original,226,0.9382788172465415
50,5000,uniform_cube,Extents vs DeepHull-original,227,1.0383381264037297
50,5000,uniform_cube,Extents vs DeepHull-original,228,0.5425613039650468
50,5000,uniform_cube,Extents vs DeepHull-original,229,0.010235808985362027
50,5000,uniform_cube,Extents vs DeepHull-original,230,0.15081218514859018
50,5000,uniform_cube,Extents vs DeepHull-original,231,0.5294957133205753
50,5000,uniform_cube,Extents vs DeepHull-original,232,0.8114467589176227
50,5000,uniform_cube,Extents vs DeepHull-original,233,0.4477261930256966
50,5000,uniform_cube,Extents vs DeepHull-original,234,0.07071878462495595
50,5000,uniform_cube,Extents vs DeepHull-original,235,0.7792643789043704
50,5000,uniform_cube,Extents vs DeepHull-original,236,0.8463451865325038
50,5000,uniform_cube,Extents vs DeepHull-original,237,0.9672292037289278
50,5000,uniform_cube,Extents vs DeepHull-original,238,0.8462991439982427
50,5000,uniform_cube,Extents vs DeepHull-original,239,0.7718153413144946
50,5000,uniform_cube,Extents vs DeepHull-original,240,0.3996698534763674
50,5000,uniform_cube,Extents vs DeepHull-original,241,0.642500510041687
50,5000,uniform_cube,Extents vs DeepHull-original,242,0.4053554737446621
50,5000,uniform_cube,Extents vs DeepHull-original,243,1.0251978682966314
50,5000,uniform_cube,Extents vs DeepHull-original,244,0.8035915684745578
50,5000,uniform_cube,Extents vs DeepHull-original,245,0.10751799636141168
50,5000,uniform_cube,Extents vs DeepHull-original,246,1.325212446994564
50,5000,uniform_cube,Extents vs DeepHull-original,247,1.208339403331251
50,5000,uniform_cube,Extents vs DeepHull-original,248,0.2662393350813266
50,5000,uniform_cube,Extents vs DeepHull-original,249,0.4451077735101783
50,5000,uniform_cube,Extents vs DeepHull-original,250,0.9255879733944379
50,5000,uniform_cube,Extents vs DeepHull-original,251,1.0612500381110888
50,5000,uniform_cube,Extents vs DeepHull-original,252,0.8207159116602838
50,5000,uniform_cube,Extents vs DeepHull-original,253,0.38353004272706603
50,5000,uniform_cube,Extents vs DeepHull-original,254,1.3358038404459625
50,5000,uniform_cube,Extents vs DeepHull-original,255,0.523631863156133
50,5000,uniform_cube,Extents vs DeepHull-convex,0,0.30278959969678554
50,5000,uniform_cube,Extents vs DeepHull-convex,1,0.046718739831942635
50,5000,uniform_cube,Extents vs DeepHull-convex,2,0.6112232030045002
50,5000,uniform_cube,Extents vs DeepHull-convex,3,0.1897249819774396
50,5000,uniform_cube,Extents vs DeepHull-convex,4,1.0287591690408675
50,5000,uniform_cube,Extents vs DeepHull-convex,5,0.6406548144624102
50,5000,uniform_cube,Extents vs DeepHull-convex,6,0.5955463151045159
50,5000,uniform_cube,Extents vs DeepHull-convex,7,0.7075813553675163
50,5000,uniform_cube,Extents vs DeepHull-convex,8,0.027769288150240934
50,5000,uniform_cube,Extents vs DeepHull-convex,9,0.746754920101359
50,5000,uniform_cube,Extents vs DeepHull-convex,10,0.22195149496662592
50,5000,uniform_cube,Extents vs DeepHull-convex,11,0.882012527658695
50,5000,uniform_cube,Extents vs DeepHull-convex,12,0.7972351786971608
50,5000,uniform_cube,Extents vs DeepHull-convex,13,0.3544201644486782
50,5000,uniform_cube,Extents vs DeepHull-convex,14,0.9487169013221772
50,5000,uniform_cube,Extents vs DeepHull-convex,15,0.42035858888264377
50,5000,uniform_cube,Extents vs DeepHull-convex,16,0.8244876156987588
50,5000,uniform_cube,Extents vs DeepHull-convex,17,1.008722583067825
50,5000,uniform_cube,Extents vs DeepHull-convex,18,0.7232019121064739
50,5000,uniform_cube,Extents vs DeepHull-convex,19,0.5031988109313728
50,5000,uniform_cube,Extents vs DeepHull-convex,20,0.2888439966903964
50,5000,uniform_cube,Extents vs DeepHull-convex,21,0.7943200234016852
50,5000,uniform_cube,Extents vs DeepHull-convex,22,0.37074209103046774
50,5000,uniform_cube,Extents vs DeepHull-convex,23,0.15416124181746493
50,5000,uniform_cube,Extents vs DeepHull-convex,24,0.5967194147971078
50,5000,uniform_cube,Extents vs DeepHull-convex,25,0.6686690802410655
50,5000,uniform_cube,Extents vs DeepHull-convex,26,0.4461532434636364
50,5000,uniform_cube,Extents vs DeepHull-convex,27,0.28727583481699703
50,5000,uniform_cube,Extents vs DeepHull-convex,28,0.5810131085303007
50,5000,uniform_cube,Extents vs DeepHull-convex,29,0.9124371807523172
50,5000,uniform_cube,Extents vs DeepHull-convex,30,0.5918971308553345
50,5000,uniform_cube,Extents vs DeepHull-convex,31,0.25325099045337574
50,5000,uniform_cube,Extents vs DeepHull-convex,32,0.865306615060504
50,5000,uniform_cube,Extents vs DeepHull-convex,33,0.9334420346912882
50,5000,uniform_cube,Extents vs DeepHull-convex,34,1.1912115861371073
50,5000,uniform_cube,Extents vs DeepHull-convex,35,0.7384574869284124
50,5000,uniform_cube,Extents vs DeepHull-convex,36,0.3130661948140836
50,5000,uniform_cube,Extents vs DeepHull-convex,37,0.7982329291654187
50,5000,uniform_cube,Extents vs DeepHull-convex,38,0.7174242757695899
50,5000,uniform_cube,Extents vs DeepHull-convex,39,0.006407815867339073
50,5000,uniform_cube,Extents vs DeepHull-convex,40,0.8482893353089715
50,5000,uniform_cube,Extents vs DeepHull-convex,41,1.14825731042466
50,5000,uniform_cube,Extents vs DeepHull-convex,42,0.312973519310803
50,5000,uniform_cube,Extents vs DeepHull-convex,43,0.348854619673846
50,5000,uniform_cube,Extents vs DeepHull-convex,44,0.5008709158153515
50,5000,uniform_cube,Extents vs DeepHull-convex,45,0.7302693683149701
50,5000,uniform_cube,Extents vs DeepHull-convex,46,0.47694907491575855
50,5000,uniform_cube,Extents vs DeepHull-convex,47,0.33955771754160424
50,5000,uniform_cube,Extents vs DeepHull-convex,48,0.7942113809788376
50,5000,uniform_cube,Extents vs DeepHull-convex,49,0.4337071996976869
50,5000,uniform_cube,Extents vs DeepHull-convex,50,0.18899090016720543
50,5000,uniform_cube,Extents vs DeepHull-convex,51,0.6462887078347916
50,5000,uniform_cube,Extents vs DeepHull-convex,52,0.0
50,5000,uniform_cube,Extents vs DeepHull-convex,53,1.0948962709942995
50,5000,uniform_cube,Extents vs DeepHull-convex,54,0.7584337941592665
50,5000,uniform_cube,Extents vs DeepHull-convex,55,0.6605255250007
50,5000,uniform_cube,Extents vs DeepHull-convex,56,0.32215842732111133
50,5000,uniform_cube,Extents vs DeepHull-convex,57,0.44631643229322826
50,5000,uniform_cube,Extents vs DeepHull-convex,58,0.2923061067862107
50,5000,uniform_cube,Extents vs DeepHull-convex,59,0.9217302338879614
50,5000,uniform_cube,Extents vs DeepHull-convex,60,0.5555195413584211
50,5000,uniform_cube,Extents vs DeepHull-convex,61,0.20864852412713653
50,5000,uniform_cube,Extents vs DeepHull-convex,62,0.4614326643772253
50,5000,uniform_cube,Extents vs DeepHull-convex,63,0.9274087437582232
50,5000,uniform_cube,Extents vs DeepHull-convex,64,0.5434348407342136
50,5000,uniform_cube,Extents vs DeepHull-convex,65,0.8890400155073832
50,5000,uniform_cube,Extents vs DeepHull-convex,66,0.9153871141099177
50,5000,uniform_cube,Extents vs DeepHull-convex,67,0.6712087356153571
50,5000,uniform_cube,Extents vs DeepHull-convex,68,0.6328332168301989
50,5000,uniform_cube,Extents vs DeepHull-convex,69,0.15500084811403703
50,5000,uniform_cube,Extents vs DeepHull-convex,70,0.33228108526490985
50,5000,uniform_cube,Extents vs DeepHull-convex,71,0.6743185146555912
50,5000,uniform_cube,Extents vs DeepHull-convex,72,0.06498357933306087
50,5000,uniform_cube,Extents vs DeepHull-convex,73,0.9402564453052213
50,5000,uniform_cube,Extents vs DeepHull-convex,74,0.9109341808393665
50,5000,uniform_cube,Extents vs DeepHull-convex,75,0.0
50,5000,uniform_cube,Extents vs DeepHull-convex,76,0.5831048848468641
50,5000,uniform_cube,Extents vs DeepHull-convex,77,0.1943237038920882
50,5000,uniform_cube,Extents vs DeepHull-convex,78,0.7136619382731453
50,5000,uniform_cube,Extents vs DeepHull-convex,79,0.6573421199755318
50,5000,uniform_cube,Extents vs DeepHull-convex,80,0.5328789533869098
50,5000,uniform_cube,Extents vs DeepHull-convex,81,0.05522588602927314
50,5000,uniform_cube,Extents vs DeepHull-convex,82,0.574072498709961
50,5000,uniform_cube,Extents vs DeepHull-convex,83,1.2092109398724669
50,5000,uniform_cube,Extents vs DeepHull-convex,84,0.8640697052953865
50,5000,uniform_cube,Extents vs DeepHull-convex,85,0.44554468295846106
50,5000,uniform_cube,Extents vs DeepHull-convex,86,1.0128895879960478
50,5000,uniform_cube,Extents vs DeepHull-convex,87,0.7181153615144802
50,5000,uniform_cube,Extents vs DeepHull-convex,88,0.9084607262641693
50,5000,uniform_cube,Extents vs DeepHull-convex,89,0.8588810649887384
50,5000,uniform_cube,Extents vs DeepHull-convex,90,1.151630943989123
50,5000,uniform_cube,Extents vs DeepHull-convex,91,0.7412368237573754
50,5000,uniform_cube,Extents vs DeepHull-convex,92,0.7271411765850956
50,5000,uniform_cube,Extents vs DeepHull-convex,93,0.9397032991623542
50,5000,uniform_cube,Extents vs DeepHull-convex,94,0.8093255589639363
50,5000,uniform_cube,Extents vs DeepHull-convex,95,0.04574234584543868
50,5000,uniform_cube,Extents vs DeepHull-convex,96,0.7467647177466443
50,5000,uniform_cube,Extents vs DeepHull-convex,97,1.1203441591921663
50,5000,uniform_cube,Extents vs DeepHull-convex,98,0.30558255122144207
50,5000,uniform_cube,Extents vs DeepHull-convex,99,1.0512644985095858
50,5000,uniform_cube,Extents vs DeepHull-convex,100,0.26201358053836965
50,5000,uniform_cube,Extents vs DeepHull-convex,101,0.5091812860489968
50,5000,uniform_cube,Extents vs DeepHull-convex,102,0.5485159438708327
50,5000,uniform_cube,Extents vs DeepHull-convex,103,0.32974991801095843
50,5000,uniform_cube,Extents vs DeepHull-convex,104,0.6838587493923469
50,5000,uniform_cube,Extents vs DeepHull-convex,105,0.38265276395234604
50,5000,uniform_cube,Extents vs DeepHull-convex,106,0.418469758049993
50,5000,uniform_cube,Extents vs DeepHull-convex,107,0.7418277022796216
50,5000,uniform_cube,Extents vs DeepHull-convex,108,0.4194048160966175
50,5000,uniform_cube,Extents vs DeepHull-convex,109,0.0
50,5000,uniform_cube,Extents vs DeepHull-convex,110,1.060948374911542
50,5000,uniform_cube,Extents vs DeepHull-convex,111,0.2713819959398516
50,5000,uniform_cube,Extents vs DeepHull-convex,112,1.037720200284181
50,5000,uniform_cube,Extents vs DeepHull-convex,113,0.8445860618745665
50,5000,uniform_cube,Extents vs DeepHull-convex,114,0.9081533930006687
50,5000,uniform_cube,Extents vs DeepHull-convex,115,0.5939994299692568
50,5000,uniform_cube,Extents vs DeepHull-convex,116,0.8226807688698416
50,5000,uniform_cube,Extents vs DeepHull-convex,117,0.10425652049086676
50,5000,uniform_cube,Extents vs DeepHull-convex,118,0.29774112801097674
50,5000,uniform_cube,Extents vs DeepHull-convex,119,0.8892743261947824
50,5000,uniform_cube,Extents vs DeepHull-convex,120,0.39075892900807285
50,5000,uniform_cube,Extents vs DeepHull-convex,121,0.6179889487772521
50,5000,uniform_cube,Extents vs DeepHull-convex,122,0.41343050373041756
50,5000,uniform_cube,Extents vs DeepHull-convex,123,0.5491259534777242
50,5000,uniform_cube,Extents vs DeepHull-convex,124,0.24396306107280608
50,5000,uniform_cube,Extents vs DeepHull-convex,125,0.3003090760262235
50,5000,uniform_cube,Extents vs DeepHull-convex,126,1.0470271473221915
50,5000,uniform_cube,Extents vs DeepHull-convex,127,0.7186110439488085
50,5000,uniform_cube,Extents vs DeepHull-convex,128,0.09160082722504193
50,5000,uniform_cube,Extents vs DeepHull-convex,129,0.5646244160571605
50,5000,uniform_cube,Extents vs DeepHull-convex,130,0.5021139018560203
50,5000,uniform_cube,Extents vs DeepHull-convex,131,0.811079351456587
50,5000,uniform_cube,Extents vs DeepHull-convex,132,1.1091912285415386
50,5000,uniform_cube,Extents vs DeepHull-convex,133,0.7586136292634662
50,5000,uniform_cube,Extents vs DeepHull-convex,134,0.7490657468267736
50,5000,uniform_cube,Extents vs DeepHull-convex,135,0.805621301951547
50,5000,uniform_cube,Extents vs DeepHull-convex,136,1.2382935530707084
50,5000,uniform_cube,Extents vs DeepHull-convex,137,1.1241622511853167
50,5000,uniform_cube,Extents vs DeepHull-convex,138,0.31705624580805725
50,5000,uniform_cube,Extents vs DeepHull-convex,139,0.6683806710788481
50,5000,uniform_cube,Extents vs DeepHull-convex,140,0.8505196682912965
50,5000,uniform_cube,Extents vs DeepHull-convex,141,0.6912293181329978
50,5000,uniform_cube,Extents vs DeepHull-convex,142,1.0161153458707106
50,5000,uniform_cube,Extents vs DeepHull-convex,143,0.9944693764119557
50,5000,uniform_cube,Extents vs DeepHull-convex,144,0.5500734679886283
50,5000,uniform_cube,Extents vs DeepHull-convex,145,0.7400515054994246
50,5000,uniform_cube,Extents vs DeepHull-convex,146,1.0286049240330717
50,5000,uniform_cube,Extents vs DeepHull-convex,147,0.5041137341586426
50,5000,uniform_cube,Extents vs DeepHull-convex,148,0.5874181522507169
50,5000,uniform_cube,Extents vs DeepHull-convex,149,1.1423340772221513
50,5000,uniform_cube,Extents vs DeepHull-convex,150,0.48907380696546987
50,5000,uniform_cube,Extents vs DeepHull-convex,151,0.5104309248539165
50,5000,uniform_cube,Extents vs DeepHull-convex,152,0.15337608236966416
50,5000,uniform_cube,Extents vs DeepHull-convex,153,1.2788968995751877
50,5000,uniform_cube,Extents vs DeepHull-convex,154,0.4796428952421543
50,5000,uniform_cube,Extents vs DeepHull-convex,155,0.31101351227037255
50,5000,uniform_cube,Extents vs DeepHull-convex,156,1.302739206206072
50,5000,uniform_cube,Extents vs DeepHull-convex,157,1.0847325542023678
50,5000,uniform_cube,Extents vs DeepHull-convex,158,0.45151441302037343
50,5000,uniform_cube,Extents vs DeepHull-convex,159,0.5274456815653605
50,5000,uniform_cube,Extents vs DeepHull-convex,160,0.5474464495624962
50,5000,uniform_cube,Extents vs DeepHull-convex,161,0.9489035859059947
50,5000,uniform_cube,Extents vs DeepHull-convex,162,0.929307802734602
50,5000,uniform_cube,Extents vs DeepHull-convex,163,0.26737166949532676
50,5000,uniform_cube,Extents vs DeepHull-convex,164,0.8809369643742453
50,5000,uniform_cube,Extents vs DeepHull-convex,165,0.5113854458803238
50,5000,uniform_cube,Extents vs DeepHull-convex,166,0.4893314839375933
50,5000,uniform_cube,Extents vs DeepHull-convex,167,0.6004560858603234
50,5000,uniform_cube,Extents vs DeepHull-convex,168,0.38263076531742657
50,5000,uniform_cube,Extents vs DeepHull-convex,169,0.8538623995699912
50,5000,uniform_cube,Extents vs DeepHull-convex,170,0.43981316837111084
50,5000,uniform_cube,Extents vs DeepHull-convex,171,1.029269496109876
50,5000,uniform_cube,Extents vs DeepHull-convex,172,0.9896584767245351
50,5000,uniform_cube,Extents vs DeepHull-convex,173,0.05824887657248268
50,5000,uniform_cube,Extents vs DeepHull-convex,174,1.0578452299035637
50,5000,uniform_cube,Extents vs DeepHull-convex,175,0.407784476195981
50,5000,uniform_cube,Extents vs DeepHull-convex,176,1.0231020084409759
50,5000,uniform_cube,Extents vs DeepHull-convex,177,1.4747602206251218
50,5000,uniform_cube,Extents vs DeepHull-convex,178,0.9257676790004253
50,5000,uniform_cube,Extents vs DeepHull-convex,179,0.6625710182130797
50,5000,uniform_cube,Extents vs DeepHull-convex,180,1.282680984195328
50,5000,uniform_cube,Extents vs DeepHull-convex,181,0.8190070669811909
50,5000,uniform_cube,Extents vs DeepHull-convex,182,0.8476938896468749
50,5000,uniform_cube,Extents vs DeepHull-convex,183,0.5881370980855192
50,5000,uniform_cube,Extents vs DeepHull-convex,184,0.9181849807820112
50,5000,uniform_cube,Extents vs DeepHull-convex,185,0.3682366906070482
50,5000,uniform_cube,Extents vs DeepHull-convex,186,1.0740905183114102
50,5000,uniform_cube,Extents vs DeepHull-convex,187,0.7889068511260589
50,5000,uniform_cube,Extents vs DeepHull-convex,188,0.5459512016754475
50,5000,uniform_cube,Extents vs DeepHull-convex,189,0.20900884900715777
50,5000,uniform_cube,Extents vs DeepHull-convex,190,0.8067037020579335
50,5000,uniform_cube,Extents vs DeepHull-convex,191,0.862625321409789
50,5000,uniform_cube,Extents vs DeepHull-convex,192,0.7159339223763834
50,5000,uniform_cube,Extents vs DeepHull-convex,193,0.6103326350633265
50,5000,uniform_cube,Extents vs DeepHull-convex,194,0.0
50,5000,uniform_cube,Extents vs DeepHull-convex,195,0.8750453123278463
50,5000,uniform_cube,Extents vs DeepHull-convex,196,0.23735643433776055
50,5000,uniform_cube,Extents vs DeepHull-convex,197,1.2291383506422882
50,5000,uniform_cube,Extents vs DeepHull-convex,198,0.782142300888767
50,5000,uniform_cube,Extents vs DeepHull-convex,199,0.4988747084842131
50,5000,uniform_cube,Extents vs DeepHull-convex,200,0.5979799888698991
50,5000,uniform_cube,Extents vs DeepHull-convex,201,0.6213335920160739
50,5000,uniform_cube,Extents vs DeepHull-convex,202,0.7511551609091665
50,5000,uniform_cube,Extents vs DeepHull-convex,203,0.251427314410654
50,5000,uniform_cube,Extents vs DeepHull-convex,204,0.33450645794265
50,5000,uniform_cube,Extents vs DeepHull-convex,205,0.04835541419472711
50,5000,uniform_cube,Extents vs DeepHull-convex,206,0.6493509580177803
50,5000,uniform_cube,Extents vs DeepHull-convex,207,0.5342880876429541
50,5000,uniform_cube,Extents vs DeepHull-convex,208,0.5919569341982944
50,5000,uniform_cube,Extents vs DeepHull-convex,209,0.39905155919532254
50,5000,uniform_cube,Extents vs DeepHull-convex,210,0.9938189493465215
50,5000,uniform_cube,Extents vs DeepHull-convex,211,0.6815237235364222
50,5000,uniform_cube,Extents vs DeepHull-convex,212,0.862303471307637
50,5000,uniform_cube,Extents vs DeepHull-convex,213,0.9777394803423318
50,5000,uniform_cube,Extents vs DeepHull-convex,214,1.1134112263116578
50,5000,uniform_cube,Extents vs DeepHull-convex,215,0.9079218549320389
50,5000,uniform_cube,Extents vs DeepHull-convex,216,0.9767526583401749
50,5000,uniform_cube,Extents vs DeepHull-convex,217,1.1018089096465438
50,5000,uniform_cube,Extents vs DeepHull-convex,218,0.5015838038996399
50,5000,uniform_cube,Extents vs DeepHull-convex,219,0.7259552772834377
50,5000,uniform_cube,Extents vs DeepHull-convex,220,1.0914013157278655
50,5000,uniform_cube,Extents vs DeepHull-convex,221,0.5552670546481784
50,5000,uniform_cube,Extents vs DeepHull-convex,222,0.42140643804901323
50,5000,uniform_cube,Extents vs DeepHull-convex,223,1.0708105509654229
50,5000,uniform_cube,Extents vs DeepHull-convex,224,0.6404575273318045
50,5000,uniform_cube,Extents vs DeepHull-convex,225,1.0139171127880333
50,5000,uniform_cube,Extents vs DeepHull-convex,226,0.541479696635859
50,5000,uniform_cube,Extents vs DeepHull-convex,227,0.930951289761853
50,5000,uniform_cube,Extents vs DeepHull-convex,228,0.7540225576156327
50,5000,uniform_cube,Extents vs DeepHull-convex,229,0.7393066735000295
50,5000,uniform_cube,Extents vs DeepHull-convex,230,0.9411910467587277
50,5000,uniform_cube,Extents vs DeepHull-convex,231,1.1195223231280942
50,5000,uniform_cube,Extents vs DeepHull-convex,232,0.09021685449846806
50,5000,uniform_cube,Extents vs DeepHull-convex,233,0.3972679715033667
50,5000,uniform_cube,Extents vs DeepHull-convex,234,0.36487610643729407
50,5000,uniform_cube,Extents vs DeepHull-convex,235,0.7309970094982587
50,5000,uniform_cube,Extents vs DeepHull-convex,236,0.5556855299166616
50,5000,uniform_cube,Extents vs DeepHull-convex,237,0.9772749508629801
50,5000,uniform_cube,Extents vs DeepHull-convex,238,0.5041530229561997
50,5000,uniform_cube,Extents vs DeepHull-convex,239,0.3752394222267088
50,5000,uniform_cube,Extents vs DeepHull-convex,240,0.573538863546657
50,5000,uniform_cube,Extents vs DeepHull-convex,241,0.4242271249952634
50,5000,uniform_cube,Extents vs DeepHull-convex,242,0.7651437519501019
50,5000,uniform_cube,Extents vs DeepHull-convex,243,0.4370043839345845
50,5000,uniform_cube,Extents vs DeepHull-convex,244,0.12185988335587417
50,5000,uniform_cube,Extents vs DeepHull-convex,245,0.27387964108321583
50,5000,uniform_cube,Extents vs DeepHull-convex,246,0.4176733575438756
50,5000,uniform_cube,Extents vs DeepHull-convex,247,0.6789324215907133
50,5000,uniform_cube,Extents vs DeepHull-convex,248,0.29007888483807287
50,5000,uniform_cube,Extents vs DeepHull-convex,249,0.5165560205385786
50,5000,uniform_cube,Extents vs DeepHull-convex,250,1.181866544560843
50,5000,uniform_cube,Extents vs DeepHull-convex,251,0.2755377852941707
50,5000,uniform_cube,Extents vs DeepHull-convex,252,0.8332396005328104
50,5000,uniform_cube,Extents vs DeepHull-convex,253,0.9439123264769769
50,5000,uniform_cube,Extents vs DeepHull-convex,254,1.2147395754937234
50,5000,uniform_cube,Extents vs DeepHull-convex,255,0.06960322620795245
50,5000,uniform_cube,MVEE vs DeepHull-original,0,0.8425692932722078
50,5000,uniform_cube,MVEE vs DeepHull-original,1,0.5741413769070725
50,5000,uniform_cube,MVEE vs DeepHull-original,2,0.8079215487302636
50,5000,uniform_cube,MVEE vs DeepHull-original,3,0.7099503871130215
50,5000,uniform_cube,MVEE vs DeepHull-original,4,1.003708421667982
50,5000,uniform_cube,MVEE vs DeepHull-original,5,1.1744655466531335
50,5000,uniform_cube,MVEE vs DeepHull-original,6,0.8973706059657891
50,5000,uniform_cube,MVEE vs DeepHull-original,7,0.7138303993618356
50,5000,uniform_cube,MVEE vs DeepHull-original,8,1.3120026031819498
50,5000,uniform_cube,MVEE vs DeepHull-original,9,0.7882716347049972
50,5000,uniform_cube,MVEE vs DeepHull-original,10,0.8451398904498306
50,5000,uniform_cube,MVEE vs DeepHull-original,11,1.2111246945394927
50,5000,uniform_cube,MVEE vs DeepHull-original,12,0.8623844149201993
50,5000,uniform_cube,MVEE vs DeepHull-original,13,0.9916539587788378
50,5000,uniform_cube,MVEE vs DeepHull-original,14,0.7756787262216089
50,5000,uniform_cube,MVEE vs DeepHull-original,15,2.1661232215146415
50,5000,uniform_cube,MVEE vs DeepHull-original,16,0.5715385288042487
50,5000,uniform_cube,MVEE vs DeepHull-original,17,0.7928481356778081
50,5000,uniform_cube,MVEE vs DeepHull-original,18,0.68457778376051
50,5000,uniform_cube,MVEE vs DeepHull-original,19,0.20346140144369107
50,5000,uniform_cube,MVEE vs DeepHull-original,20,0.9866738278560683
50,5000,uniform_cube,MVEE vs DeepHull-original,21,0.6936333847019651
50,5000,uniform_cube,MVEE vs DeepHull-original,22,1.428182682699731
50,5000,uniform_cube,MVEE vs DeepHull-original,23,0.5400084024403826
50,5000,uniform_cube,MVEE vs DeepHull-original,24,0.676067117314888
50,5000,uniform_cube,MVEE vs DeepHull-original,25,0.6623798613832172
50,5000,uniform_cube,MVEE vs DeepHull-original,26,1.0119314749514356
50,5000,uniform_cube,MVEE vs DeepHull-original,27,0.6038627956088889
50,5000,uniform_cube,MVEE vs DeepHull-original,28,0.32118666049823785
50,5000,uniform_cube,MVEE vs DeepHull-original,29,1.2923628646653453
50,5000,uniform_cube,MVEE vs DeepHull-original,30,0.57289532738959
50,5000,uniform_cube,MVEE vs DeepHull-original,31,0.9335940272257135
50,5000,uniform_cube,MVEE vs DeepHull-original,32,0.04691710926454262
50,5000,uniform_cube,MVEE vs DeepHull-original,33,0.8153829668295625
50,5000,uniform_cube,MVEE vs DeepHull-original,34,0.9213746985389621
50,5000,uniform_cube,MVEE vs DeepHull-original,35,1.1095505546580409
50,5000,uniform_cube,MVEE vs DeepHull-original,36,0.738138739740922
50,5000,uniform_cube,MVEE vs DeepHull-original,37,1.2285474684175666
50,5000,uniform_cube,MVEE vs DeepHull-original,38,0.4221597890223563
50,5000,uniform_cube,MVEE vs DeepHull-original,39,1.1587174372472637
50,5000,uniform_cube,MVEE vs DeepHull-original,40,0.5964118427511029
50,5000,uniform_cube,MVEE vs DeepHull-original,41,1.0598635894532968
50,5000,uniform_cube,MVEE vs DeepHull-original,42,0.18937969394114096
50,5000,uniform_cube,MVEE vs DeepHull-original,43,0.447913011119639
50,5000,uniform_cube,MVEE vs DeepHull-original,44,0.4401332485722633
50,5000,uniform_cube,MVEE vs DeepHull-original,45,0.0
50,5000,uniform_cube,MVEE vs DeepHull-original,46,0.5880417902964272
50,5000,uniform_cube,MVEE vs DeepHull-original,47,1.2090425973402938
50,5000,uniform_cube,MVEE vs DeepHull-original,48,1.4911687793736252
50,5000,uniform_cube,MVEE vs DeepHull-original,49,1.1256067834648473
50,5000,uniform_cube,MVEE vs DeepHull-original,50,0.33920368898636677
50,5000,uniform_cube,MVEE vs DeepHull-original,51,1.30825540322234
50,5000,uniform_cube,MVEE vs DeepHull-original,52,0.6983424004137933
50,5000,uniform_cube,MVEE vs DeepHull-original,53,0.5942527781482143
50,5000,uniform_cube,MVEE vs DeepHull-original,54,0.7585831223118473
50,5000,uniform_cube,MVEE vs DeepHull-original,55,0.29084281330686523
50,5000,uniform_cube,MVEE vs DeepHull-original,56,0.5168532205600049
50,5000,uniform_cube,MVEE vs DeepHull-original,57,0.6459590020196453
50,5000,uniform_cube,MVEE vs DeepHull-original,58,0.8171902401202433
50,5000,uniform_cube,MVEE vs DeepHull-original,59,0.6883164593651034
50,5000,uniform_cube,MVEE vs DeepHull-original,60,0.08531120126800307
50,5000,uniform_cube,MVEE vs DeepHull-original,61,0.4409371220241898
50,5000,uniform_cube,MVEE vs DeepHull-original,62,0.6761969686564131
50,5000,uniform_cube,MVEE vs DeepHull-original,63,0.9989845082227953
50,5000,uniform_cube,MVEE vs DeepHull-original,64,1.0864591451835177
50,5000,uniform_cube,MVEE vs DeepHull-original,65,0.6980223001578514
50,5000,uniform_cube,MVEE vs DeepHull-original,66,0.9158878192364408
50,5000,uniform_cube,MVEE vs DeepHull-original,67,0.5881880676765838
50,5000,uniform_cube,MVEE vs DeepHull-original,68,0.8884480630779161
50,5000,uniform_cube,MVEE vs DeepHull-original,69,1.2890473488851042
50,5000,uniform_cube,MVEE vs DeepHull-original,70,0.4871976662311037
50,5000,uniform_cube,MVEE vs DeepHull-original,71,0.8617229715478354
50,5000,uniform_cube,MVEE vs DeepHull-original,72,0.8252803495403792
50,5000,uniform_cube,MVEE vs DeepHull-original,73,0.5823388437310872
50,5000,uniform_cube,MVEE vs DeepHull-original,74,1.2573435809498987
50,5000,uniform_cube,MVEE vs DeepHull-original,75,0.8803570568333454
50,5000,uniform_cube,MVEE vs DeepHull-original,76,1.249102207198438
50,5000,uniform_cube,MVEE vs DeepHull-original,77,0.5815334537092214
50,5000,uniform_cube,MVEE vs DeepHull-original,78,0.8457035923120721
50,5000,uniform_cube,MVEE vs DeepHull-original,79,0.6857797107298473
50,5000,uniform_cube,MVEE vs DeepHull-original,80,0.011866942572947181
50,5000,uniform_cube,MVEE vs DeepHull-original,81,1.230381486211122
50,5000,uniform_cube,MVEE vs DeepHull-original,82,1.0113017168295846
50,5000,uniform_cube,MVEE vs DeepHull-original,83,0.8242091014373434
50,5000,uniform_cube,MVEE vs DeepHull-original,84,0.7622559653294503
50,5000,uniform_cube,MVEE vs DeepHull-original,85,0.5733595501675006
50,5000,uniform_cube,MVEE vs DeepHull-original,86,0.6828321536893398
50,5000,uniform_cube,MVEE vs DeepHull-original,87,0.8177293134955048
50,5000,uniform_cube,MVEE vs DeepHull-original,88,0.6883603646965186
50,5000,uniform_cube,MVEE vs DeepHull-original,89,0.7029277820388278
50,5000,uniform_cube,MVEE vs DeepHull-original,90,0.36485191556452445
50,5000,uniform_cube,MVEE vs DeepHull-original,91,0.8874223834429208
50,5000,uniform_cube,MVEE vs DeepHull-original,92,0.6968150354796065
50,5000,uniform_cube,MVEE vs DeepHull-original,93,1.1404855015907331
50,5000,uniform_cube,MVEE vs DeepHull-original,94,0.44438086599325266
50,5000,uniform_cube,MVEE vs DeepHull-original,95,0.724631185914308
50,5000,uniform_cube,MVEE vs DeepHull-original,96,0.9038114330338188
50,5000,uniform_cube,MVEE vs DeepHull-original,97,1.1471104660332814
50,5000,uniform_cube,MVEE vs DeepHull-original,98,0.47319742307251533
50,5000,uniform_cube,MVEE vs DeepHull-original,99,0.5382472155451126
50,5000,uniform_cube,MVEE vs DeepHull-original,100,0.41104840993095215
50,5000,uniform_cube,MVEE vs DeepHull-original,101,0.5780840523474318
50,5000,uniform_cube,MVEE vs DeepHull-original,102,0.8910706356290539
50,5000,uniform_cube,MVEE vs DeepHull-original,103,0.5834484512994413
50,5000,uniform_cube,MVEE vs DeepHull-original,104,1.256947678148685
50,5000,uniform_cube,MVEE vs DeepHull-original,105,0.5945131938015993
50,5000,uniform_cube,MVEE vs DeepHull-original,106,0.5725546918625317
50,5000,uniform_cube,MVEE vs DeepHull-original,107,0.862145849128999
50,5000,uniform_cube,MVEE vs DeepHull-original,108,0.8350498526716319
50,5000,uniform_cube,MVEE vs DeepHull-original,109,0.7655926109407003
50,5000,uniform_cube,MVEE vs DeepHull-original,110,0.7144764316043521
50,5000,uniform_cube,MVEE vs DeepHull-original,111,0.9578707036386243
50,5000,uniform_cube,MVEE vs DeepHull-original,112,0.5739600037856045
50,5000,uniform_cube,MVEE vs DeepHull-original,113,0.8648394757506497
50,5000,uniform_cube,MVEE vs DeepHull-original,114,0.7221139526066704
50,5000,uniform_cube,MVEE vs DeepHull-original,115,0.39800283655797375
50,5000,uniform_cube,MVEE vs DeepHull-original,116,1.3947975788572164
50,5000,uniform_cube,MVEE vs DeepHull-original,117,0.07402674433953904
50,5000,uniform_cube,MVEE vs DeepHull-original,118,0.8627230632194525
50,5000,uniform_cube,MVEE vs DeepHull-original,119,0.4528808410055023
50,5000,uniform_cube,MVEE vs DeepHull-original,120,0.8811187487662939
50,5000,uniform_cube,MVEE vs DeepHull-original,121,0.6690765219987733
50,5000,uniform_cube,MVEE vs DeepHull-original,122,0.4492537583867493
50,5000,uniform_cube,MVEE vs DeepHull-original,123,1.429467532444579
50,5000,uniform_cube,MVEE vs DeepHull-original,124,0.6005929519266062
50,5000,uniform_cube,MVEE vs DeepHull-original,125,0.5978273992243275
50,5000,uniform_cube,MVEE vs DeepHull-original,126,0.6464825381454684
50,5000,uniform_cube,MVEE vs DeepHull-original,127,0.5205566432166895
50,5000,uniform_cube,MVEE vs DeepHull-original,128,1.0060952964444634
50,5000,uniform_cube,MVEE vs DeepHull-original,129,0.7582734000189653
50,5000,uniform_cube,MVEE vs DeepHull-original,130,1.0106085371215021
50,5000,uniform_cube,MVEE vs DeepHull-original,131,0.5359222725850767
50,5000,uniform_cube,MVEE vs DeepHull-original,132,1.0344796645243126
50,5000,uniform_cube,MVEE vs DeepHull-original,133,0.7274816291545128
50,5000,uniform_cube,MVEE vs DeepHull-original,134,0.7182405470746778
50,5000,uniform_cube,MVEE vs DeepHull-original,135,0.860914347228853
50,5000,uniform_cube,MVEE vs DeepHull-original,136,0.8928901307693449
50,5000,uniform_cube,MVEE vs DeepHull-original,137,1.0509341820079148
50,5000,uniform_cube,MVEE vs DeepHull-original,138,0.8352989942717353
50,5000,uniform_cube,MVEE vs DeepHull-original,139,0.7707197692760068
50,5000,uniform_cube,MVEE vs DeepHull-original,140,1.5942592170586454
50,5000,uniform_cube,MVEE vs DeepHull-original,141,0.31701718487692365
50,5000,uniform_cube,MVEE vs DeepHull-original,142,1.1959209254201566
50,5000,uniform_cube,MVEE vs DeepHull-original,143,0.788334804723577
50,5000,uniform_cube,MVEE vs DeepHull-original,144,0.0
50,5000,uniform_cube,MVEE vs DeepHull-original,145,1.0943836771632074
50,5000,uniform_cube,MVEE vs DeepHull-original,146,0.8603064097171338
50,5000,uniform_cube,MVEE vs DeepHull-original,147,0.5188182256027378
50,5000,uniform_cube,MVEE vs DeepHull-original,148,0.672697838213197
50,5000,uniform_cube,MVEE vs DeepHull-original,149,0.716951229818835
50,5000,uniform_cube,MVEE vs DeepHull-original,150,0.07859568352763247
50,5000,uniform_cube,MVEE vs DeepHull-original,151,0.22467824049769414
50,5000,uniform_cube,MVEE vs DeepHull-original,152,0.8215088156813335
50,5000,uniform_cube,MVEE vs DeepHull-original,153,1.5571605236163868
50,5000,uniform_cube,MVEE vs DeepHull-original,154,1.2571697450383272
50,5000,uniform_cube,MVEE vs DeepHull-original,155,0.6504954391950524
50,5000,uniform_cube,MVEE vs DeepHull-original,156,0.6397321531519271
50,5000,uniform_cube,MVEE vs DeepHull-original,157,0.5993729240210337
50,5000,uniform_cube,MVEE vs DeepHull-original,158,0.7697638516577314
50,5000,uniform_cube,MVEE vs DeepHull-original,159,1.2857008256459554
50,5000,uniform_cube,MVEE vs DeepHull-original,160,0.9436518707471511
50,5000,uniform_cube,MVEE vs DeepHull-original,161,0.687650815175834
50,5000,uniform_cube,MVEE vs DeepHull-original,162,1.0329336883425224
50,5000,uniform_cube,MVEE vs DeepHull-original,163,0.2944127249058879
50,5000,uniform_cube,MVEE vs DeepHull-original,164,1.3917309237592679
50,5000,uniform_cube,MVEE vs DeepHull-original,165,0.14383955776686452
50,5000,uniform_cube,MVEE vs DeepHull-original,166,1.0387092034045244
50,5000,uniform_cube,MVEE vs DeepHull-original,167,0.614691132589132
50,5000,uniform_cube,MVEE vs DeepHull-original,168,0.9078282265012854
50,5000,uniform_cube,MVEE vs DeepHull-original,169,0.5916517071382597
50,5000,uniform_cube,MVEE vs DeepHull-original,170,0.9554934221616103
50,5000,uniform_cube,MVEE vs DeepHull-original,171,0.10369497882980228
50,5000,uniform_cube,MVEE vs DeepHull-original,172,0.982268985518683
50,5000,uniform_cube,MVEE vs DeepHull-original,173,0.4393909027253722
50,5000,uniform_cube,MVEE vs DeepHull-original,174,1.26069830889315
50,5000,uniform_cube,MVEE vs DeepHull-original,175,0.5800078410082561
50,5000,uniform_cube,MVEE vs DeepHull-original,176,1.2616213672742869
50,5000,uniform_cube,MVEE vs DeepHull-original,177,1.3666445529401265
50,5000,uniform_cube,MVEE vs DeepHull-original,178,1.05072037544786
50,5000,uniform_cube,MVEE vs DeepHull-original,179,0.3725707599967025
50,5000,uniform_cube,MVEE vs DeepHull-original,180,1.455125612161269
50,5000,uniform_cube,MVEE vs DeepHull-original,181,0.4717632291066254
50,5000,uniform_cube,MVEE vs DeepHull-original,182,0.4228180682650353
50,5000,uniform_cube,MVEE vs DeepHull-original,183,0.6544811529685939
50,5000,uniform_cube,MVEE vs DeepHull-original,184,0.6836580225680537
50,5000,uniform_cube,MVEE vs DeepHull-original,185,1.1369844788446537
50,5000,uniform_cube,MVEE vs DeepHull-original,186,1.2448190993511992
50,5000,uniform_cube,MVEE vs DeepHull-original,187,0.8807687017225179
50,5000,uniform_cube,MVEE vs DeepHull-original,188,0.14770156710599935
50,5000,uniform_cube,MVEE vs DeepHull-original,189,0.7088157948521194
50,5000,uniform_cube,MVEE vs DeepHull-original,190,1.7089295125840667
50,5000,uniform_cube,MVEE vs DeepHull-original,191,0.7227131922625594
50,5000,uniform_cube,MVEE vs DeepHull-original,192,0.9470854296985995
50,5000,uniform_cube,MVEE vs DeepHull-original,193,1.0785748281612282
50,5000,uniform_cube,MVEE vs DeepHull-original,194,0.2979051773209571
50,5000,uniform_cube,MVEE vs DeepHull-original,195,0.2548682797895059
50,5000,uniform_cube,MVEE vs DeepHull-original,196,0.5580955407889125
50,5000,uniform_cube,MVEE vs DeepHull-original,197,0.7989501262313758
50,5000,uniform_cube,MVEE vs DeepHull-original,198,0.29425448083642647
50,5000,uniform_cube,MVEE vs DeepHull-original,199,0.5430543561315189
50,5000,uniform_cube,MVEE vs DeepHull-original,200,0.6230033034320452
50,5000,uniform_cube,MVEE vs DeepHull-original,201,1.182452428324702
50,5000,uniform_cube,MVEE vs DeepHull-original,202,0.47249922473732187
50,5000,uniform_cube,MVEE vs DeepHull-original,203,0.9704776070781178
50,5000,uniform_cube,MVEE vs DeepHull-original,204,0.4263402071706992
50,5000,uniform_cube,MVEE vs DeepHull-original,205,0.6015280983554081
50,5000,uniform_cube,MVEE vs DeepHull-original,206,0.3302119228806373
50,5000,uniform_cube,MVEE vs DeepHull-original,207,0.28532121380899755
50,5000,uniform_cube,MVEE vs DeepHull-original,208,0.0
50,5000,uniform_cube,MVEE vs DeepHull-original,209,0.7337863157669009
50,5000,uniform_cube,MVEE vs DeepHull-original,210,0.5589495010054808
50,5000,uniform_cube,MVEE vs DeepHull-original,211,0.15930446386259955
50,5000,uniform_cube,MVEE vs DeepHull-original,212,0.6894728754590691
50,5000,uniform_cube,MVEE vs DeepHull-original,213,0.7135539908065223
50,5000,uniform_cube,MVEE vs DeepHull-original,214,0.61228026778321
50,5000,uniform_cube,MVEE vs DeepHull-original,215,0.6861557233143878
50,5000,uniform_cube,MVEE vs DeepHull-original,216,0.299890475003848
50,5000,uniform_cube,MVEE vs DeepHull-original,217,0.7403275955265098
50,5000,uniform_cube,MVEE vs DeepHull-original,218,0.6328559407027725
50,5000,uniform_cube,MVEE vs DeepHull-original,219,1.450868762510395
50,5000,uniform_cube,MVEE vs DeepHull-original,220,0.5374594260179422
50,5000,uniform_cube,MVEE vs DeepHull-original,221,0.9855844475958997
50,5000,uniform_cube,MVEE vs DeepHull-original,222,0.9047093569461002
50,5000,uniform_cube,MVEE vs DeepHull-original,223,0.8114055506921629
50,5000,uniform_cube,MVEE vs DeepHull-original,224,0.056130907674646124
50,5000,uniform_cube,MVEE vs DeepHull-original,225,1.6193918155316436
50,5000,uniform_cube,MVEE vs DeepHull-original,226,0.9382788172465415
50,5000,uniform_cube,MVEE vs DeepHull-original,227,1.0383381264037297
50,5000,uniform_cube,MVEE vs DeepHull-original,228,0.5425613039650468
50,5000,uniform_cube,MVEE vs DeepHull-original,229,0.0
50,5000,uniform_cube,MVEE vs DeepHull-original,230,0.0
50,5000,uniform_cube,MVEE vs DeepHull-original,231,0.5294957133205753
50,5000,uniform_cube,MVEE vs DeepHull-original,232,1.3062484193068258
50,5000,uniform_cube,MVEE vs DeepHull-original,233,0.7625803394029522
50,5000,uniform_cube,MVEE vs DeepHull-original,234,0.11601091564137334
50,5000,uniform_cube,MVEE vs DeepHull-original,235,1.2777138429088946
50,5000,uniform_cube,MVEE vs DeepHull-original,236,1.0630923826754954
50,5000,uniform_cube,MVEE vs DeepHull-original,237,0.9672292037289278
50,5000,uniform_cube,MVEE vs DeepHull-original,238,1.0168728421884339
50,5000,uniform_cube,MVEE vs DeepHull-original,239,1.1188755276054443
50,5000,uniform_cube,MVEE vs DeepHull-original,240,0.3996698534763674
50,5000,uniform_cube,MVEE vs DeepHull-original,241,0.7632103740265193
50,5000,uniform_cube,MVEE vs DeepHull-original,242,0.4053554737446621
50,5000,uniform_cube,MVEE vs DeepHull-original,243,1.0251978682966314
50,5000,uniform_cube,MVEE vs DeepHull-original,244,1.1918743944325894
50,5000,uniform_cube,MVEE vs DeepHull-original,245,0.2771511615149507
50,5000,uniform_cube,MVEE vs DeepHull-original,246,1.5851507742253337
50,5000,uniform_cube,MVEE vs DeepHull-original,247,1.626310692839877
50,5000,uniform_cube,MVEE vs DeepHull-original,248,0.6396142264426443
50,5000,uniform_cube,MVEE vs DeepHull-original,249,0.6842494364906466
50,5000,uniform_cube,MVEE vs DeepHull-original,250,0.9255879733944379
50,5000,uniform_cube,MVEE vs DeepHull-original,251,1.0957900184611684
50,5000,uniform_cube,MVEE vs DeepHull-original,252,0.8207159116602838
50,5000,uniform_cube,MVEE vs DeepHull-original,253,0.5513314778949407
50,5000,uniform_cube,MVEE vs DeepHull-original,254,1.3358038404459625
50,5000,uniform_cube,MVEE vs DeepHull-original,255,0.523631863156133
50,5000,uniform_cube,MVEE vs DeepHull-convex,0,0.3513458955843234
50,5000,uniform_cube,MVEE vs DeepHull-convex,1,0.12452070266445237
50,5000,uniform_cube,MVEE vs DeepHull-convex,2,0.8807792062632962
50,5000,uniform_cube,MVEE vs DeepHull-convex,3,0.1897249819774396
50,5000,uniform_cube,MVEE vs DeepHull-convex,4,1.0287591690408675
50,5000,uniform_cube,MVEE vs DeepHull-convex,5,0.7135822357339452
50,5000,uniform_cube,MVEE vs DeepHull-convex,6,0.5955463151045159
50,5000,uniform_cube,MVEE vs DeepHull-convex,7,0.7075813553675163
50,5000,uniform_cube,MVEE vs DeepHull-convex,8,0.12126632898113332
50,5000,uniform_cube,MVEE vs DeepHull-convex,9,0.746754920101359
50,5000,uniform_cube,MVEE vs DeepHull-convex,10,0.22195149496662592
50,5000,uniform_cube,MVEE vs DeepHull-convex,11,0.882012527658695
50,5000,uniform_cube,MVEE vs DeepHull-convex,12,0.7972351786971608
50,5000,uniform_cube,MVEE vs DeepHull-convex,13,0.3544201644486782
50,5000,uniform_cube,MVEE vs DeepHull-convex,14,0.9487169013221772
50,5000,uniform_cube,MVEE vs DeepHull-convex,15,1.4774634775530526
50,5000,uniform_cube,MVEE vs DeepHull-convex,16,0.8244876156987588
50,5000,uniform_cube,MVEE vs DeepHull-convex,17,1.0580715223563395
50,5000,uniform_cube,MVEE vs DeepHull-convex,18,0.8530006875372291
50,5000,uniform_cube,MVEE vs DeepHull-convex,19,0.5241233790025353
50,5000,uniform_cube,MVEE vs DeepHull-convex,20,0.5266276605211544
50,5000,uniform_cube,MVEE vs DeepHull-convex,21,0.9234362386141051
50,5000,uniform_cube,MVEE vs DeepHull-convex,22,1.0762832927874397
50,5000,uniform_cube,MVEE vs DeepHull-convex,23,0.4356102322955222
50,5000,uniform_cube,MVEE vs DeepHull-convex,24,0.7012619254651009
50,5000,uniform_cube,MVEE vs DeepHull-convex,25,0.6686690802410655
50,5000,uniform_cube,MVEE vs DeepHull-convex,26,0.4461532434636364
50,5000,uniform_cube,MVEE vs DeepHull-convex,27,0.28727583481699703
50,5000,uniform_cube,MVEE vs DeepHull-convex,28,0.6682620513704791
50,5000,uniform_cube,MVEE vs DeepHull-convex,29,1.1600345958713372
50,5000,uniform_cube,MVEE vs DeepHull-convex,30,0.5918971308553345
50,5000,uniform_cube,MVEE vs DeepHull-convex,31,0.7460515627845157
50,5000,uniform_cube,MVEE vs DeepHull-convex,32,0.865306615060504
50,5000,uniform_cube,MVEE vs DeepHull-convex,33,0.9778478224164064
50,5000,uniform_cube,MVEE vs DeepHull-convex,34,1.1912115861371073
50,5000,uniform_cube,MVEE vs DeepHull-convex,35,0.8667324381928672
50,5000,uniform_cube,MVEE vs DeepHull-convex,36,0.5521521930950049
50,5000,uniform_cube,MVEE vs DeepHull-convex,37,0.7982329291654187
50,5000,uniform_cube,MVEE vs DeepHull-convex,38,0.7174242757695899
50,5000,uniform_cube,MVEE vs DeepHull-convex,39,0.49182852655666287
50,5000,uniform_cube,MVEE vs DeepHull-convex,40,0.8482893353089715
50,5000,uniform_cube,MVEE vs DeepHull-convex,41,1.14825731042466
50,5000,uniform_cube,MVEE vs DeepHull-convex,42,0.3902075215118055
50,5000,uniform_cube,MVEE vs DeepHull-convex,43,0.4097780654741152
50,5000,uniform_cube,MVEE vs DeepHull-convex,44,0.9401214545653498
50,5000,uniform_cube,MVEE vs DeepHull-convex,45,0.7302693683149701
50,5000,uniform_cube,MVEE vs DeepHull-convex,46,0.47694907491575855
50,5000,uniform_cube,MVEE vs DeepHull-convex,47,0.33955771754160424
50,5000,uniform_cube,MVEE vs DeepHull-convex,48,0.9244721600797123
50,5000,uniform_cube,MVEE vs DeepHull-convex,49,0.6785319611617195
50,5000,uniform_cube,MVEE vs DeepHull-convex,50,0.15021278881916134
50,5000,uniform_cube,MVEE vs DeepHull-convex,51,1.1391345832776052
50,5000,uniform_cube,MVEE vs DeepHull-convex,52,0.0
50,5000,uniform_cube,MVEE vs DeepHull-convex,53,1.0948962709942995
50,5000,uniform_cube,MVEE vs DeepHull-convex,54,1.073048472227699
50,5000,uniform_cube,MVEE vs DeepHull-convex,55,0.6605255250007
50,5000,uniform_cube,MVEE vs DeepHull-convex,56,0.3336457952248275
50,5000,uniform_cube,MVEE vs DeepHull-convex,57,0.4915149928367877
50,5000,uniform_cube,MVEE vs DeepHull-convex,58,0.4666955150024721
50,5000,uniform_cube,MVEE vs DeepHull-convex,59,1.366179567737306
50,5000,uniform_cube,MVEE vs DeepHull-convex,60,0.6408307426264241
50,5000,uniform_cube,MVEE vs DeepHull-convex,61,0.20864852412713653
50,5000,uniform_cube,MVEE vs DeepHull-convex,62,0.618002805991287
50,5000,uniform_cube,MVEE vs DeepHull-convex,63,0.9274087437582232
50,5000,uniform_cube,MVEE vs DeepHull-convex,64,0.7127463240560705
50,5000,uniform_cube,MVEE vs DeepHull-convex,65,0.9242573469902617
50,5000,uniform_cube,MVEE vs DeepHull-convex,66,0.9864941095085245
50,5000,uniform_cube,MVEE vs DeepHull-convex,67,0.7825849713673723
50,5000,uniform_cube,MVEE vs DeepHull-convex,68,0.7384538334340054
50,5000,uniform_cube,MVEE vs DeepHull-convex,69,0.6948165966668105
50,5000,uniform_cube,MVEE vs DeepHull-convex,70,0.33228108526490985
50,5000,uniform_cube,MVEE vs DeepHull-convex,71,0.6743185146555912
50,5000,uniform_cube,MVEE vs DeepHull-convex,72,0.07517492571161499
50,5000,uniform_cube,MVEE vs DeepHull-convex,73,0.9402564453052213
50,5000,uniform_cube,MVEE vs DeepHull-convex,74,0.9109341808393665
50,5000,uniform_cube,MVEE vs DeepHull-convex,75,0.0
50,5000,uniform_cube,MVEE vs DeepHull-convex,76,0.6082154091936116
50,5000,uniform_cube,MVEE vs DeepHull-convex,77,0.1943237038920882
50,5000,uniform_cube,MVEE vs DeepHull-convex,78,0.9965704680164367
50,5000,uniform_cube,MVEE vs DeepHull-convex,79,0.7149582959099874
50,5000,uniform_cube,MVEE vs DeepHull-convex,80,0.5328789533869098
50,5000,uniform_cube,MVEE vs DeepHull-convex,81,0.4180774436277488
50,5000,uniform_cube,MVEE vs DeepHull-convex,82,0.8247764618979079
50,5000,uniform_cube,MVEE vs DeepHull-convex,83,1.2092109398724669
50,5000,uniform_cube,MVEE vs DeepHull-convex,84,0.8640697052953865
50,5000,uniform_cube,MVEE vs DeepHull-convex,85,0.44554468295846106
50,5000,uniform_cube,MVEE vs DeepHull-convex,86,1.3504235451881905
50,5000,uniform_cube,MVEE vs DeepHull-convex,87,0.7181153615144802
50,5000,uniform_cube,MVEE vs DeepHull-convex,88,0.9084607262641693
50,5000,uniform_cube,MVEE vs DeepHull-convex,89,0.9018136763635975
50,5000,uniform_cube,MVEE vs DeepHull-convex,90,1.151630943989123
50,5000,uniform_cube,MVEE vs DeepHull-convex,91,0.8154067264694127
50,5000,uniform_cube,MVEE vs DeepHull-convex,92,0.7271411765850956
50,5000,uniform_cube,MVEE vs DeepHull-convex,93,0.9397032991623542
50,5000,uniform_cube,MVEE vs DeepHull-convex,94,0.8795254256930767
50,5000,uniform_cube,MVEE vs DeepHull-convex,95,0.37373593923846316
50,5000,uniform_cube,MVEE vs DeepHull-convex,96,0.8832845568624952
50,5000,uniform_cube,MVEE vs DeepHull-convex,97,1.1203441591921663
50,5000,uniform_cube,MVEE vs DeepHull-convex,98,0.30558255122144207
50,5000,uniform_cube,MVEE vs DeepHull-convex,99,1.0512644985095858
50,5000,uniform_cube,MVEE vs DeepHull-convex,100,0.4243296757709849
50,5000,uniform_cube,MVEE vs DeepHull-convex,101,0.5091812860489968
50,5000,uniform_cube,MVEE vs DeepHull-convex,102,0.5485159438708327
50,5000,uniform_cube,MVEE vs DeepHull-convex,103,0.6784609699974198
50,5000,uniform_cube,MVEE vs DeepHull-convex,104,0.8923504083617908
50,5000,uniform_cube,MVEE vs DeepHull-convex,105,0.8234520686940725
50,5000,uniform_cube,MVEE vs DeepHull-convex,106,0.5376088130238235
50,5000,uniform_cube,MVEE vs DeepHull-convex,107,0.7418277022796216
50,5000,uniform_cube,MVEE vs DeepHull-convex,108,0.6060343110852677
50,5000,uniform_cube,MVEE vs DeepHull-convex,109,0.0
50,5000,uniform_cube,MVEE vs DeepHull-convex,110,1.1821840409880937
50,5000,uniform_cube,MVEE vs DeepHull-convex,111,0.5164175947273559
50,5000,uniform_cube,MVEE vs DeepHull-convex,112,1.037720200284181
50,5000,uniform_cube,MVEE vs DeepHull-convex,113,0.9124154984258924
50,5000,uniform_cube,MVEE vs DeepHull-convex,114,0.9081533930006687
50,5000,uniform_cube,MVEE vs DeepHull-convex,115,0.6018533952048926
50,5000,uniform_cube,MVEE vs DeepHull-convex,116,0.8226807688698416
50,5000,uniform_cube,MVEE vs DeepHull-convex,117,0.10425652049086676
50,5000,uniform_cube,MVEE vs DeepHull-convex,118,0.5924359623940907
50,5000,uniform_cube,MVEE vs DeepHull-convex,119,0.9715316648102317
50,5000,uniform_cube,MVEE vs DeepHull-convex,120,0.39075892900807285
50,5000,uniform_cube,MVEE vs DeepHull-convex,121,0.6179889487772521
50,5000,uniform_cube,MVEE vs DeepHull-convex,122,0.49835370760430053
50,5000,uniform_cube,MVEE vs DeepHull-convex,123,0.5491259534777242
50,5000,uniform_cube,MVEE vs DeepHull-convex,124,0.3781522796279244
50,5000,uniform_cube,MVEE vs DeepHull-convex,125,0.3003090760262235
50,5000,uniform_cube,MVEE vs DeepHull-convex,126,1.0470271473221915
50,5000,uniform_cube,MVEE vs DeepHull-convex,127,0.7186110439488085
50,5000,uniform_cube,MVEE vs DeepHull-convex,128,0.0
50,5000,uniform_cube,MVEE vs DeepHull-convex,129,0.5646244160571605
50,5000,uniform_cube,MVEE vs DeepHull-convex,130,0.8966314231326193
50,5000,uniform_cube,MVEE vs DeepHull-convex,131,0.9396221663811641
50,5000,uniform_cube,MVEE vs DeepHull-convex,132,1.1091912285415386
50,5000,uniform_cube,MVEE vs DeepHull-convex,133,0.8860163230748346
50,5000,uniform_cube,MVEE vs DeepHull-convex,134,0.7490657468267736
50,5000,uniform_cube,MVEE vs DeepHull-convex,135,0.805621301951547
50,5000,uniform_cube,MVEE vs DeepHull-convex,136,1.3762402705758765
50,5000,uniform_cube,MVEE vs DeepHull-convex,137,1.1241622511853167
50,5000,uniform_cube,MVEE vs DeepHull-convex,138,0.7538779998701153
50,5000,uniform_cube,MVEE vs DeepHull-convex,139,0.9099099226105664
50,5000,uniform_cube,MVEE vs DeepHull-convex,140,0.8505196682912965
50,5000,uniform_cube,MVEE vs DeepHull-convex,141,0.819248035211166
50,5000,uniform_cube,MVEE vs DeepHull-convex,142,1.0161153458707106
50,5000,uniform_cube,MVEE vs DeepHull-convex,143,0.9944693764119557
50,5000,uniform_cube,MVEE vs DeepHull-convex,144,0.5500734679886283
50,5000,uniform_cube,MVEE vs DeepHull-convex,145,1.152410226223667
50,5000,uniform_cube,MVEE vs DeepHull-convex,146,1.0286049240330717
50,5000,uniform_cube,MVEE vs DeepHull-convex,147,0.5041137341586426
50,5000,uniform_cube,MVEE vs DeepHull-convex,148,0.5874181522507169
50,5000,uniform_cube,MVEE vs DeepHull-convex,149,1.1932568278228626
50,5000,uniform_cube,MVEE vs DeepHull-convex,150,0.48973422919747334
50,5000,uniform_cube,MVEE vs DeepHull-convex,151,0.5104309248539165
50,5000,uniform_cube,MVEE vs DeepHull-convex,152,0.15337608236966416
50,5000,uniform_cube,MVEE vs DeepHull-convex,153,1.2788968995751877
50,5000,uniform_cube,MVEE vs DeepHull-convex,154,0.7751330700317645
50,5000,uniform_cube,MVEE vs DeepHull-convex,155,0.6315663247965466
50,5000,uniform_cube,MVEE vs DeepHull-convex,156,1.302739206206072
50,5000,uniform_cube,MVEE vs DeepHull-convex,157,1.2261702128042606
50,5000,uniform_cube,MVEE vs DeepHull-convex,158,0.5854907014191237
50,5000,uniform_cube,MVEE vs DeepHull-convex,159,0.5274456815653605
50,5000,uniform_cube,MVEE vs DeepHull-convex,160,0.6998711814167189
50,5000,uniform_cube,MVEE vs DeepHull-convex,161,0.9489035859059947
50,5000,uniform_cube,MVEE vs DeepHull-convex,162,0.9516584964161221
50,5000,uniform_cube,MVEE vs DeepHull-convex,163,0.3782027608164795
50,5000,uniform_cube,MVEE vs DeepHull-convex,164,0.8809369643742453
50,5000,uniform_cube,MVEE vs DeepHull-convex,165,0.5113854458803238
50,5000,uniform_cube,MVEE vs DeepHull-convex,166,0.4893314839375933
50,5000,uniform_cube,MVEE vs DeepHull-convex,167,0.6176211908294829
50,5000,uniform_cube,MVEE vs DeepHull-convex,168,0.5051154442084693
50,5000,uniform_cube,MVEE vs DeepHull-convex,169,0.8538623995699912
50,5000,uniform_cube,MVEE vs DeepHull-convex,170,0.43981316837111084
50,5000,uniform_cube,MVEE vs DeepHull-convex,171,1.029269496109876
50,5000,uniform_cube,MVEE vs DeepHull-convex,172,0.9896584767245351
50,5000,uniform_cube,MVEE vs DeepHull-convex,173,0.15171200447903765
50,5000,uniform_cube,MVEE vs DeepHull-convex,174,1.0578452299035637
50,5000,uniform_cube,MVEE vs DeepHull-convex,175,0.5573391051697552
50,5000,uniform_cube,MVEE vs DeepHull-convex,176,1.0231020084409759
50,5000,uniform_cube,MVEE vs DeepHull-convex,177,1.4747602206251218
50,5000,uniform_cube,MVEE vs DeepHull-convex,178,1.0290619965594372
50,5000,uniform_cube,MVEE vs DeepHull-convex,179,0.6625710182130797
50,5000,uniform_cube,MVEE vs DeepHull-convex,180,1.282680984195328
50,5000,uniform_cube,MVEE vs DeepHull-convex,181,0.8991464613182447
50,5000,uniform_cube,MVEE vs DeepHull-convex,182,0.8476938896468749
50,5000,uniform_cube,MVEE vs DeepHull-convex,183,0.5881370980855192
50,5000,uniform_cube,MVEE vs DeepHull-convex,184,0.9181849807820112
50,5000,uniform_cube,MVEE vs DeepHull-convex,185,0.4695812346834678
50,5000,uniform_cube,MVEE vs DeepHull-convex,186,1.0740905183114102
50,5000,uniform_cube,MVEE vs DeepHull-convex,187,0.7889068511260589
50,5000,uniform_cube,MVEE vs DeepHull-convex,188,0.6388140223063057
50,5000,uniform_cube,MVEE vs DeepHull-convex,189,0.20900884900715777
50,5000,uniform_cube,MVEE vs DeepHull-convex,190,1.3374393239827636
50,5000,uniform_cube,MVEE vs DeepHull-convex,191,0.862625321409789
50,5000,uniform_cube,MVEE vs DeepHull-convex,192,0.9474874188694187
50,5000,uniform_cube,MVEE vs DeepHull-convex,193,1.0052092114915396
50,5000,uniform_cube,MVEE vs DeepHull-convex,194,0.22074730587306446
50,5000,uniform_cube,MVEE vs DeepHull-convex,195,0.9264949501247233
50,5000,uniform_cube,MVEE vs DeepHull-convex,196,0.35174480809065156
50,5000,uniform_cube,MVEE vs DeepHull-convex,197,1.2488489491125268
50,5000,uniform_cube,MVEE vs DeepHull-convex,198,0.782142300888767
50,5000,uniform_cube,MVEE vs DeepHull-convex,199,0.6184411255708944
50,5000,uniform_cube,MVEE vs DeepHull-convex,200,0.5979799888698991
50,5000,uniform_cube,MVEE vs DeepHull-convex,201,0.7723295431407029
50,5000,uniform_cube,MVEE vs DeepHull-convex,202,0.7511551609091665
50,5000,uniform_cube,MVEE vs DeepHull-convex,203,0.5901478018378772
50,5000,uniform_cube,MVEE vs DeepHull-convex,204,0.33450645794265
50,5000,uniform_cube,MVEE vs DeepHull-convex,205,0.2993909107418051
50,5000,uniform_cube,MVEE vs DeepHull-convex,206,0.8367234831735348
50,5000,uniform_cube,MVEE vs DeepHull-convex,207,0.691750417963525
50,5000,uniform_cube,MVEE vs DeepHull-convex,208,0.5919569341982944
50,5000,uniform_cube,MVEE vs DeepHull-convex,209,0.39905155919532254
50,5000,uniform_cube,MVEE vs DeepHull-convex,210,0.9938189493465215
50,5000,uniform_cube,MVEE vs DeepHull-convex,211,0.6815237235364222
50,5000,uniform_cube,MVEE vs DeepHull-convex,212,0.8712466616844641
50,5000,uniform_cube,MVEE vs DeepHull-convex,213,1.0762615963899602
50,5000,uniform_cube,MVEE vs DeepHull-convex,214,1.1134112263116578
50,5000,uniform_cube,MVEE vs DeepHull-convex,215,0.978448500184401
50,5000,uniform_cube,MVEE vs DeepHull-convex,216,0.9802510963578499
50,5000,uniform_cube,MVEE vs DeepHull-convex,217,1.163965712650277
50,5000,uniform_cube,MVEE vs DeepHull-convex,218,0.6876947517597185
50,5000,uniform_cube,MVEE vs DeepHull-convex,219,0.7259552772834377
50,5000,uniform_cube,MVEE vs DeepHull-convex,220,1.0914013157278655
50,5000,uniform_cube,MVEE vs DeepHull-convex,221,1.1281597775406191
50,5000,uniform_cube,MVEE vs DeepHull-convex,222,0.6192938819911149
50,5000,uniform_cube,MVEE vs DeepHull-convex,223,1.07956819329128
50,5000,uniform_cube,MVEE vs DeepHull-convex,224,0.6404575273318045
50,5000,uniform_cube,MVEE vs DeepHull-convex,225,1.0139171127880333
50,5000,uniform_cube,MVEE vs DeepHull-convex,226,0.541479696635859
50,5000,uniform_cube,MVEE vs DeepHull-convex,227,0.930951289761853
50,5000,uniform_cube,MVEE vs DeepHull-convex,228,0.7540225576156327
50,5000,uniform_cube,MVEE vs DeepHull-convex,229,0.7495424824853916
50,5000,uniform_cube,MVEE vs DeepHull-convex,230,1.0920032319073179
50,5000,uniform_cube,MVEE vs DeepHull-convex,231,1.1195223231280942
50,5000,uniform_cube,MVEE vs DeepHull-convex,232,0.5850185148876712
50,5000,uniform_cube,MVEE vs DeepHull-convex,233,0.7121221178806223
50,5000,uniform_cube,MVEE vs DeepHull-convex,234,0.41016823745371145
50,5000,uniform_cube,MVEE vs DeepHull-convex,235,1.229446473502783
50,5000,uniform_cube,MVEE vs DeepHull-convex,236,0.7724327260596533
50,5000,uniform_cube,MVEE vs DeepHull-convex,237,0.9772749508629801
50,5000,uniform_cube,MVEE vs DeepHull-convex,238,0.6747267211463908
50,5000,uniform_cube,MVEE vs DeepHull-convex,239,0.7222996085176585
50,5000,uniform_cube,MVEE vs DeepHull-convex,240,0.573538863546657
50,5000,uniform_cube,MVEE vs DeepHull-convex,241,0.5449369889800957
50,5000,uniform_cube,MVEE vs DeepHull-convex,242,0.7651437519501019
50,5000,uniform_cube,MVEE vs DeepHull-convex,243,0.4370043839345845
50,5000,uniform_cube,MVEE vs DeepHull-convex,244,0.5101427093139057
50,5000,uniform_cube,MVEE vs DeepHull-convex,245,0.6585487989595782
50,5000,uniform_cube,MVEE vs DeepHull-convex,246,0.6776116847746452
50,5000,uniform_cube,MVEE vs DeepHull-convex,247,1.0969037110993394
50,5000,uniform_cube,MVEE vs DeepHull-convex,248,0.6634537761993906
50,5000,uniform_cube,MVEE vs DeepHull-convex,249,0.755697683519047
50,5000,uniform_cube,MVEE vs DeepHull-convex,250,1.181866544560843
50,5000,uniform_cube,MVEE vs DeepHull-convex,251,0.3100777656442504
50,5000,uniform_cube,MVEE vs DeepHull-convex,252,0.8332396005328104
50,5000,uniform_cube,MVEE vs DeepHull-convex,253,1.1117137616448516
50,5000,uniform_cube,MVEE vs DeepHull-convex,254,1.2147395754937234
50,5000,uniform_cube,MVEE vs DeepHull-convex,255,0.06960322620795245
50,5000,uniform_cube,DeepHull-original vs DeepHull-convex,0,0.49122339768788437
50,5000,uniform_cube,DeepHull-original vs DeepHull-convex,1,0.4496206742426201
50,5000,uniform_cube,DeepHull-original vs DeepHull-convex,2,0.07285765753303264
50,5000,uniform_cube,DeepHull-original vs DeepHull-convex,3,0.5202254051355819
50,5000,uniform_cube,DeepHull-original vs DeepHull-convex,4,0.025050747372885374
50,5000,uniform_cube,DeepHull-original vs DeepHull-convex,5,0.4608833109191883
50,5000,uniform_cube,DeepHull-original vs DeepHull-convex,6,0.30182429086127316
50,5000,uniform_cube,DeepHull-original vs DeepHull-convex,7,0.006249043994319248
50,5000,uniform_cube,DeepHull-original vs DeepHull-convex,8,1.1907362742008165
50,5000,uniform_cube,DeepHull-original vs DeepHull-convex,9,0.04151671460363815
50,5000,uniform_cube,DeepHull-original vs DeepHull-convex,10,0.6231883954832047
50,5000,uniform_cube,DeepHull-original vs DeepHull-convex,11,0.3291121668807977
50,5000,uniform_cube,DeepHull-original vs DeepHull-convex,12,0.06514923622303859
50,5000,uniform_cube,DeepHull-original vs DeepHull-convex,13,0.6372337943301596
50,5000,uniform_cube,DeepHull-original vs DeepHull-convex,14,0.1730381751005683
50,5000,uniform_cube,DeepHull-original vs DeepHull-convex,15,0.6886597439615889
50,5000,uniform_cube,DeepHull-original vs DeepHull-convex,16,0.2529490868945101
50,5000,uniform_cube,DeepHull-original vs DeepHull-convex,17,0.2652233866785314
50,5000,uniform_cube,DeepHull-original vs DeepHull-convex,18,0.1684229037767191
50,5000,uniform_cube,DeepHull-original vs DeepHull-convex,19,0.3206619775588442
50,5000,uniform_cube,DeepHull-original vs DeepHull-convex,20,0.4600461673349139
50,5000,uniform_cube,DeepHull-original vs DeepHull-convex,21,0.22980285391213995
50,5000,uniform_cube,DeepHull-original vs DeepHull-convex,22,0.3518993899122914
50,5000,uniform_cube,DeepHull-original vs DeepHull-convex,23,0.10439817014486041
50,5000,uniform_cube,DeepHull-original vs DeepHull-convex,24,0.02519480815021291
50,5000,uniform_cube,DeepHull-original vs DeepHull-convex,25,0.006289218857848278
50,5000,uniform_cube,DeepHull-original vs DeepHull-convex,26,0.5657782314877994
50,5000,uniform_cube,DeepHull-original vs DeepHull-convex,27,0.31658696079189186
50,5000,uniform_cube,DeepHull-original vs DeepHull-convex,28,0.34707539087224126
50,5000,uniform_cube,DeepHull-original vs DeepHull-convex,29,0.13232826879400827
50,5000,uniform_cube,DeepHull-original vs DeepHull-convex,30,0.019001803465744427
50,5000,uniform_cube,DeepHull-original vs DeepHull-convex,31,0.18754246444119782
50,5000,uniform_cube,DeepHull-original vs DeepHull-convex,32,0.8183895057959614
50,5000,uniform_cube,DeepHull-original vs DeepHull-convex,33,0.16246485558684398
50,5000,uniform_cube,DeepHull-original vs DeepHull-convex,34,0.2698368875981453
50,5000,uniform_cube,DeepHull-original vs DeepHull-convex,35,0.24281811646517382
50,5000,uniform_cube,DeepHull-original vs DeepHull-convex,36,0.18598654664591718
50,5000,uniform_cube,DeepHull-original vs DeepHull-convex,37,0.4303145392521479
50,5000,uniform_cube,DeepHull-original vs DeepHull-convex,38,0.2952644867472336
50,5000,uniform_cube,DeepHull-original vs DeepHull-convex,39,0.6668889106906009
50,5000,uniform_cube,DeepHull-original vs DeepHull-convex,40,0.2518774925578686
50,5000,uniform_cube,DeepHull-original vs DeepHull-convex,41,0.08839372097136322
50,5000,uniform_cube,DeepHull-original vs DeepHull-convex,42,0.20082782757066453
50,5000,uniform_cube,DeepHull-original vs DeepHull-convex,43,0.03813494564552378
50,5000,uniform_cube,DeepHull-original vs DeepHull-convex,44,0.49998820599308647
50,5000,uniform_cube,DeepHull-original vs DeepHull-convex,45,0.7302693683149701
50,5000,uniform_cube,DeepHull-original vs DeepHull-convex,46,0.11109271538066867
50,5000,uniform_cube,DeepHull-original vs DeepHull-convex,47,0.8694848797986896
50,5000,uniform_cube,DeepHull-original vs DeepHull-convex,48,0.5666966192939129
50,5000,uniform_cube,DeepHull-original vs DeepHull-convex,49,0.4470748223031278
50,5000,uniform_cube,DeepHull-original vs DeepHull-convex,50,0.18899090016720543
50,5000,uniform_cube,DeepHull-original vs DeepHull-convex,51,0.16912081994473482
50,5000,uniform_cube,DeepHull-original vs DeepHull-convex,52,0.6983424004137933
50,5000,uniform_cube,DeepHull-original vs DeepHull-convex,53,0.5006434928460852
50,5000,uniform_cube,DeepHull-original vs DeepHull-convex,54,0.3144653499158516
50,5000,uniform_cube,DeepHull-original vs DeepHull-convex,55,0.3696827116938348
50,5000,uniform_cube,DeepHull-original vs DeepHull-convex,56,0.18320742533517742
50,5000,uniform_cube,DeepHull-original vs DeepHull-convex,57,0.1544440091828576
50,5000,uniform_cube,DeepHull-original vs DeepHull-convex,58,0.35049472511777124
50,5000,uniform_cube,DeepHull-original vs DeepHull-convex,59,0.6778631083722026
50,5000,uniform_cube,DeepHull-original vs DeepHull-convex,60,0.5555195413584211
50,5000,uniform_cube,DeepHull-original vs DeepHull-convex,61,0.23228859789705325
50,5000,uniform_cube,DeepHull-original vs DeepHull-convex,62,0.058194162665126115
50,5000,uniform_cube,DeepHull-original vs DeepHull-convex,63,0.07157576446457203
50,5000,uniform_cube,DeepHull-original vs DeepHull-convex,64,0.3737128211274473
50,5000,uniform_cube,DeepHull-original vs DeepHull-convex,65,0.22623504683241036
50,5000,uniform_cube,DeepHull-original vs DeepHull-convex,66,0.07060629027208365
50,5000,uniform_cube,DeepHull-original vs DeepHull-convex,67,0.19439690369078844
50,5000,uniform_cube,DeepHull-original vs DeepHull-convex,68,0.14999422964391074
50,5000,uniform_cube,DeepHull-original vs DeepHull-convex,69,0.5942307522182937
50,5000,uniform_cube,DeepHull-original vs DeepHull-convex,70,0.15491658096619387
50,5000,uniform_cube,DeepHull-original vs DeepHull-convex,71,0.18740445689224416
50,5000,uniform_cube,DeepHull-original vs DeepHull-convex,72,0.7501054238287642
50,5000,uniform_cube,DeepHull-original vs DeepHull-convex,73,0.3579176015741341
50,5000,uniform_cube,DeepHull-original vs DeepHull-convex,74,0.34640940011053223
50,5000,uniform_cube,DeepHull-original vs DeepHull-convex,75,0.8803570568333454
50,5000,uniform_cube,DeepHull-original vs DeepHull-convex,76,0.6408867980048263
50,5000,uniform_cube,DeepHull-original vs DeepHull-convex,77,0.3872097498171332
50,5000,uniform_cube,DeepHull-original vs DeepHull-convex,78,0.15086687570436452
50,5000,uniform_cube,DeepHull-original vs DeepHull-convex,79,0.02917858518014005
50,5000,uniform_cube,DeepHull-original vs DeepHull-convex,80,0.5210120108139626
50,5000,uniform_cube,DeepHull-original vs DeepHull-convex,81,0.8123040425833731
50,5000,uniform_cube,DeepHull-original vs DeepHull-convex,82,0.1865252549316767
50,5000,uniform_cube,DeepHull-original vs DeepHull-convex,83,0.3850018384351235
50,5000,uniform_cube,DeepHull-original vs DeepHull-convex,84,0.10181373996593623
50,5000,uniform_cube,DeepHull-original vs DeepHull-convex,85,0.12781486720903956
50,5000,uniform_cube,DeepHull-original vs DeepHull-convex,86,0.6675913914988507
50,5000,uniform_cube,DeepHull-original vs DeepHull-convex,87,0.09961395198102463
50,5000,uniform_cube,DeepHull-original vs DeepHull-convex,88,0.22010036156765067
50,5000,uniform_cube,DeepHull-original vs DeepHull-convex,89,0.19888589432476977
50,5000,uniform_cube,DeepHull-original vs DeepHull-convex,90,0.7867790284245986
50,5000,uniform_cube,DeepHull-original vs DeepHull-convex,91,0.07201565697350809
50,5000,uniform_cube,DeepHull-original vs DeepHull-convex,92,0.030326141105489035
50,5000,uniform_cube,DeepHull-original vs DeepHull-convex,93,0.20078220242837896
50,5000,uniform_cube,DeepHull-original vs DeepHull-convex,94,0.435144559699824
50,5000,uniform_cube,DeepHull-original vs DeepHull-convex,95,0.3508952466758448
50,5000,uniform_cube,DeepHull-original vs DeepHull-convex,96,0.02052687617132365
50,5000,uniform_cube,DeepHull-original vs DeepHull-convex,97,0.02676630684111525
50,5000,uniform_cube,DeepHull-original vs DeepHull-convex,98,0.16761487185107327
50,5000,uniform_cube,DeepHull-original vs DeepHull-convex,99,0.5130172829644732
50,5000,uniform_cube,DeepHull-original vs DeepHull-convex,100,0.013281265840032752
50,5000,uniform_cube,DeepHull-original vs DeepHull-convex,101,0.06890276629843495
50,5000,uniform_cube,DeepHull-original vs DeepHull-convex,102,0.3425546917582212
50,5000,uniform_cube,DeepHull-original vs DeepHull-convex,103,0.09501251869797844
50,5000,uniform_cube,DeepHull-original vs DeepHull-convex,104,0.3645972697868941
50,5000,uniform_cube,DeepHull-original vs DeepHull-convex,105,0.22893887489247322
50,5000,uniform_cube,DeepHull-original vs DeepHull-convex,106,0.034945878838708255
50,5000,uniform_cube,DeepHull-original vs DeepHull-convex,107,0.12031814684937747
50,5000,uniform_cube,DeepHull-original vs DeepHull-convex,108,0.22901554158636417
50,5000,uniform_cube,DeepHull-original vs DeepHull-convex,109,0.7655926109407003
50,5000,uniform_cube,DeepHull-original vs DeepHull-convex,110,0.46770760938374156
50,5000,uniform_cube,DeepHull-original vs DeepHull-convex,111,0.4414531089112683
50,5000,uniform_cube,DeepHull-original vs DeepHull-convex,112,0.4637601964985766
50,5000,uniform_cube,DeepHull-original vs DeepHull-convex,113,0.047576022675242746
50,5000,uniform_cube,DeepHull-original vs DeepHull-convex,114,0.18603944039399822
50,5000,uniform_cube,DeepHull-original vs DeepHull-convex,115,0.2038505586469188
50,5000,uniform_cube,DeepHull-original vs DeepHull-convex,116,0.5721168099873747
50,5000,uniform_cube,DeepHull-original vs DeepHull-convex,117,0.030229776151327714
50,5000,uniform_cube,DeepHull-original vs DeepHull-convex,118,0.2702871008253618
50,5000,uniform_cube,DeepHull-original vs DeepHull-convex,119,0.5186508238047294
50,5000,uniform_cube,DeepHull-original vs DeepHull-convex,120,0.49035981975822107
50,5000,uniform_cube,DeepHull-original vs DeepHull-convex,121,0.05108757322152124
50,5000,uniform_cube,DeepHull-original vs DeepHull-convex,122,0.04909994921755123
50,5000,uniform_cube,DeepHull-original vs DeepHull-convex,123,0.8803415789668548
50,5000,uniform_cube,DeepHull-original vs DeepHull-convex,124,0.2224406722986818
50,5000,uniform_cube,DeepHull-original vs DeepHull-convex,125,0.297518323198104
50,5000,uniform_cube,DeepHull-original vs DeepHull-convex,126,0.4005446091767231
50,5000,uniform_cube,DeepHull-original vs DeepHull-convex,127,0.198054400732119
50,5000,uniform_cube,DeepHull-original vs DeepHull-convex,128,1.0060952964444634
50,5000,uniform_cube,DeepHull-original vs DeepHull-convex,129,0.19364898396180474
50,5000,uniform_cube,DeepHull-original vs DeepHull-convex,130,0.11397711398888277
50,5000,uniform_cube,DeepHull-original vs DeepHull-convex,131,0.4036998937960874
50,5000,uniform_cube,DeepHull-original vs DeepHull-convex,132,0.07471156401722578
50,5000,uniform_cube,DeepHull-original vs DeepHull-convex,133,0.15853469392032182
50,5000,uniform_cube,DeepHull-original vs DeepHull-convex,134,0.030825199752095855
50,5000,uniform_cube,DeepHull-original vs DeepHull-convex,135,0.05529304527730594
50,5000,uniform_cube,DeepHull-original vs DeepHull-convex,136,0.48335013980653174
50,5000,uniform_cube,DeepHull-original vs DeepHull-convex,137,0.07322806917740199
50,5000,uniform_cube,DeepHull-original vs DeepHull-convex,138,0.08142099440161998
50,5000,uniform_cube,DeepHull-original vs DeepHull-convex,139,0.13919015333455953
50,5000,uniform_cube,DeepHull-original vs DeepHull-convex,140,0.7437395487673488
50,5000,uniform_cube,DeepHull-original vs DeepHull-convex,141,0.5022308503342423
50,5000,uniform_cube,DeepHull-original vs DeepHull-convex,142,0.17980557954944598
50,5000,uniform_cube,DeepHull-original vs DeepHull-convex,143,0.20613457168837868
50,5000,uniform_cube,DeepHull-original vs DeepHull-convex,144,0.5500734679886283
50,5000,uniform_cube,DeepHull-original vs DeepHull-convex,145,0.058026549060459676
50,5000,uniform_cube,DeepHull-original vs DeepHull-convex,146,0.1682985143159379
50,5000,uniform_cube,DeepHull-original vs DeepHull-convex,147,0.014704491444095247
50,5000,uniform_cube,DeepHull-original vs DeepHull-convex,148,0.08527968596248003
50,5000,uniform_cube,DeepHull-original vs DeepHull-convex,149,0.4763055980040276
50,5000,uniform_cube,DeepHull-original vs DeepHull-convex,150,0.41113854566984087
50,5000,uniform_cube,DeepHull-original vs DeepHull-convex,151,0.28575268435622236
50,5000,uniform_cube,DeepHull-original vs DeepHull-convex,152,0.6681327333116693
50,5000,uniform_cube,DeepHull-original vs DeepHull-convex,153,0.2782636240411993
50,5000,uniform_cube,DeepHull-original vs DeepHull-convex,154,0.4820366750065629
50,5000,uniform_cube,DeepHull-original vs DeepHull-convex,155,0.018929114398505753
50,5000,uniform_cube,DeepHull-original vs DeepHull-convex,156,0.6630070530541451
50,5000,uniform_cube,DeepHull-original vs DeepHull-convex,157,0.6267972887832269
50,5000,uniform_cube,DeepHull-original vs DeepHull-convex,158,0.18427315023860769
50,5000,uniform_cube,DeepHull-original vs DeepHull-convex,159,0.758255144080595
50,5000,uniform_cube,DeepHull-original vs DeepHull-convex,160,0.24378068933043218
50,5000,uniform_cube,DeepHull-original vs DeepHull-convex,161,0.2612527707301606
50,5000,uniform_cube,DeepHull-original vs DeepHull-convex,162,0.08127519192640031
50,5000,uniform_cube,DeepHull-original vs DeepHull-convex,163,0.08379003591059164
50,5000,uniform_cube,DeepHull-original vs DeepHull-convex,164,0.5107939593850226
50,5000,uniform_cube,DeepHull-original vs DeepHull-convex,165,0.36754588811345923
50,5000,uniform_cube,DeepHull-original vs DeepHull-convex,166,0.5493777194669311
50,5000,uniform_cube,DeepHull-original vs DeepHull-convex,167,0.0029300582403508635
50,5000,uniform_cube,DeepHull-original vs DeepHull-convex,168,0.40271278229281604
50,5000,uniform_cube,DeepHull-original vs DeepHull-convex,169,0.26221069243173156
50,5000,uniform_cube,DeepHull-original vs DeepHull-convex,170,0.5156802537904994
50,5000,uniform_cube,DeepHull-original vs DeepHull-convex,171,0.9255745172800738
50,5000,uniform_cube,DeepHull-original vs DeepHull-convex,172,0.007389491205852083
50,5000,uniform_cube,DeepHull-original vs DeepHull-convex,173,0.2876788982463345
50,5000,uniform_cube,DeepHull-original vs DeepHull-convex,174,0.20285307898958638
50,5000,uniform_cube,DeepHull-original vs DeepHull-convex,175,0.02266873583850093
50,5000,uniform_cube,DeepHull-original vs DeepHull-convex,176,0.23851935883331088
50,5000,uniform_cube,DeepHull-original vs DeepHull-convex,177,0.10811566768499525
50,5000,uniform_cube,DeepHull-original vs DeepHull-convex,178,0.02165837888842259
50,5000,uniform_cube,DeepHull-original vs DeepHull-convex,179,0.2900002582163772
50,5000,uniform_cube,DeepHull-original vs DeepHull-convex,180,0.17244462796594118
50,5000,uniform_cube,DeepHull-original vs DeepHull-convex,181,0.42738323221161933
50,5000,uniform_cube,DeepHull-original vs DeepHull-convex,182,0.42487582138183955
50,5000,uniform_cube,DeepHull-original vs DeepHull-convex,183,0.06634405488307471
50,5000,uniform_cube,DeepHull-original vs DeepHull-convex,184,0.23452695821395741
50,5000,uniform_cube,DeepHull-original vs DeepHull-convex,185,0.6674032441611859
50,5000,uniform_cube,DeepHull-original vs DeepHull-convex,186,0.17072858103978894
50,5000,uniform_cube,DeepHull-original vs DeepHull-convex,187,0.09186185059645902
50,5000,uniform_cube,DeepHull-original vs DeepHull-convex,188,0.49111245520030633
50,5000,uniform_cube,DeepHull-original vs DeepHull-convex,189,0.49980694584496166
50,5000,uniform_cube,DeepHull-original vs DeepHull-convex,190,0.3714901886013031
50,5000,uniform_cube,DeepHull-original vs DeepHull-convex,191,0.1399121291472296
50,5000,uniform_cube,DeepHull-original vs DeepHull-convex,192,0.0004019891708191281
50,5000,uniform_cube,DeepHull-original vs DeepHull-convex,193,0.07336561666968855
50,5000,uniform_cube,DeepHull-original vs DeepHull-convex,194,0.07715787144789266
50,5000,uniform_cube,DeepHull-original vs DeepHull-convex,195,0.6716266703352174
50,5000,uniform_cube,DeepHull-original vs DeepHull-convex,196,0.20635073269826099
50,5000,uniform_cube,DeepHull-original vs DeepHull-convex,197,0.4498988228811509
50,5000,uniform_cube,DeepHull-original vs DeepHull-convex,198,0.48788782005234055
50,5000,uniform_cube,DeepHull-original vs DeepHull-convex,199,0.0753867694393755
50,5000,uniform_cube,DeepHull-original vs DeepHull-convex,200,0.025023314562146126
50,5000,uniform_cube,DeepHull-original vs DeepHull-convex,201,0.4101228851839992
50,5000,uniform_cube,DeepHull-original vs DeepHull-convex,202,0.2786559361718446
50,5000,uniform_cube,DeepHull-original vs DeepHull-convex,203,0.3803298052402406
50,5000,uniform_cube,DeepHull-original vs DeepHull-convex,204,0.09183374922804921
50,5000,uniform_cube,DeepHull-original vs DeepHull-convex,205,0.302137187613603
50,5000,uniform_cube,DeepHull-original vs DeepHull-convex,206,0.5065115602928976
50,5000,uniform_cube,DeepHull-original vs DeepHull-convex,207,0.40642920415452743
50,5000,uniform_cube,DeepHull-original vs DeepHull-convex,208,0.5919569341982944
50,5000,uniform_cube,DeepHull-original vs DeepHull-convex,209,0.33473475657157836
50,5000,uniform_cube,DeepHull-original vs DeepHull-convex,210,0.4348694483410407
50,5000,uniform_cube,DeepHull-original vs DeepHull-convex,211,0.5222192596738227
50,5000,uniform_cube,DeepHull-original vs DeepHull-convex,212,0.18177378622539497
50,5000,uniform_cube,DeepHull-original vs DeepHull-convex,213,0.36270760558343795
50,5000,uniform_cube,DeepHull-original vs DeepHull-convex,214,0.5011309585284478
50,5000,uniform_cube,DeepHull-original vs DeepHull-convex,215,0.2922927768700132
50,5000,uniform_cube,DeepHull-original vs DeepHull-convex,216,0.6803606213540019
50,5000,uniform_cube,DeepHull-original vs DeepHull-convex,217,0.4236381171237671
50,5000,uniform_cube,DeepHull-original vs DeepHull-convex,218,0.05483881105694599
50,5000,uniform_cube,DeepHull-original vs DeepHull-convex,219,0.7249134852269575
50,5000,uniform_cube,DeepHull-original vs DeepHull-convex,220,0.5539418897099233
50,5000,uniform_cube,DeepHull-original vs DeepHull-convex,221,0.14257532994471944
50,5000,uniform_cube,DeepHull-original vs DeepHull-convex,222,0.2854154749549853
50,5000,uniform_cube,DeepHull-original vs DeepHull-convex,223,0.26816264259911715
50,5000,uniform_cube,DeepHull-original vs DeepHull-convex,224,0.5843266196571584
50,5000,uniform_cube,DeepHull-original vs DeepHull-convex,225,0.6054747027436103
50,5000,uniform_cube,DeepHull-original vs DeepHull-convex,226,0.39679912061068245
50,5000,uniform_cube,DeepHull-original vs DeepHull-convex,227,0.10738683664187665
50,5000,uniform_cube,DeepHull-original vs DeepHull-convex,228,0.211461253650586
50,5000,uniform_cube,DeepHull-original vs DeepHull-convex,229,0.7495424824853916
50,5000,uniform_cube,DeepHull-original vs DeepHull-convex,230,1.0920032319073179
50,5000,uniform_cube,DeepHull-original vs DeepHull-convex,231,0.5900266098075189
50,5000,uniform_cube,DeepHull-original vs DeepHull-convex,232,0.7212299044191547
50,5000,uniform_cube,DeepHull-original vs DeepHull-convex,233,0.05045822152232993
50,5000,uniform_cube,DeepHull-original vs DeepHull-convex,234,0.2941573218123381
50,5000,uniform_cube,DeepHull-original vs DeepHull-convex,235,0.04826736940611165
50,5000,uniform_cube,DeepHull-original vs DeepHull-convex,236,0.29065965661584214
50,5000,uniform_cube,DeepHull-original vs DeepHull-convex,237,0.010045747134052263
50,5000,uniform_cube,DeepHull-original vs DeepHull-convex,238,0.342146121042043
50,5000,uniform_cube,DeepHull-original vs DeepHull-convex,239,0.3965759190877858
50,5000,uniform_cube,DeepHull-original vs DeepHull-convex,240,0.17386901007028954
50,5000,uniform_cube,DeepHull-original vs DeepHull-convex,241,0.21827338504642357
50,5000,uniform_cube,DeepHull-original vs DeepHull-convex,242,0.3597882782054398
50,5000,uniform_cube,DeepHull-original vs DeepHull-convex,243,0.5881934843620469
50,5000,uniform_cube,DeepHull-original vs DeepHull-convex,244,0.6817316851186837
50,5000,uniform_cube,DeepHull-original vs DeepHull-convex,245,0.3813976374446275
50,5000,uniform_cube,DeepHull-original vs DeepHull-convex,246,0.9075390894506884
50,5000,uniform_cube,DeepHull-original vs DeepHull-convex,247,0.5294069817405376
50,5000,uniform_cube,DeepHull-original vs DeepHull-convex,248,0.023839549756746292
50,5000,uniform_cube,DeepHull-original vs DeepHull-convex,249,0.07144824702840036
50,5000,uniform_cube,DeepHull-original vs DeepHull-convex,250,0.2562785711664052
50,5000,uniform_cube,DeepHull-original vs DeepHull-convex,251,0.785712252816918
50,5000,uniform_cube,DeepHull-original vs DeepHull-convex,252,0.01252368887252664
50,5000,uniform_cube,DeepHull-original vs DeepHull-convex,253,0.5603822837499108
50,5000,uniform_cube,DeepHull-original vs DeepHull-convex,254,0.1210642649522391
50,5000,uniform_cube,DeepHull-original vs DeepHull-convex,255,0.4540286369481805
50,10000,gaussian,Extents vs MVEE,0,0.0
50,10000,gaussian,Extents vs MVEE,1,0.0
50,10000,gaussian,Extents vs MVEE,2,0.1668738290226166
50,10000,gaussian,Extents vs MVEE,3,0.0
50,10000,gaussian,Extents vs MVEE,4,0.03270496449305016
50,10000,gaussian,Extents vs MVEE,5,0.0
50,10000,gaussian,Extents vs MVEE,6,0.0
50,10000,gaussian,Extents vs MVEE,7,0.23854652396097276
50,10000,gaussian,Extents vs MVEE,8,0.2703943942400455
50,10000,gaussian,Extents vs MVEE,9,0.0
50,10000,gaussian,Extents vs MVEE,10,0.09573670135489687
50,10000,gaussian,Extents vs MVEE,11,0.30286172026796354
50,10000,gaussian,Extents vs MVEE,12,0.0
50,10000,gaussian,Extents vs MVEE,13,0.0
50,10000,gaussian,Extents vs MVEE,14,0.2598320414920887
50,10000,gaussian,Extents vs MVEE,15,4.440892098500626e-16
50,10000,gaussian,Extents vs MVEE,16,0.5211003144629647
50,10000,gaussian,Extents vs MVEE,17,0.0
50,10000,gaussian,Extents vs MVEE,18,0.2639210588349097
50,10000,gaussian,Extents vs MVEE,19,0.0
50,10000,gaussian,Extents vs MVEE,20,0.05621927710919028
50,10000,gaussian,Extents vs MVEE,21,0.0
50,10000,gaussian,Extents vs MVEE,22,0.0
50,10000,gaussian,Extents vs MVEE,23,0.13734741311446408
50,10000,gaussian,Extents vs MVEE,24,0.18467156131268592
50,10000,gaussian,Extents vs MVEE,25,0.0
50,10000,gaussian,Extents vs MVEE,26,0.0
50,10000,gaussian,Extents vs MVEE,27,0.3217748951529078
50,10000,gaussian,Extents vs MVEE,28,0.3990445560140534
50,10000,gaussian,Extents vs MVEE,29,0.07895152186154064
50,10000,gaussian,Extents vs MVEE,30,0.0
50,10000,gaussian,Extents vs MVEE,31,0.0
50,10000,gaussian,Extents vs MVEE,32,0.0
50,10000,gaussian,Extents vs MVEE,33,0.0
50,10000,gaussian,Extents vs MVEE,34,0.0
50,10000,gaussian,Extents vs MVEE,35,0.3181418567828307
50,10000,gaussian,Extents vs MVEE,36,0.0
50,10000,gaussian,Extents vs MVEE,37,0.48796100891525684
50,10000,gaussian,Extents vs MVEE,38,0.0
50,10000,gaussian,Extents vs MVEE,39,0.0
50,10000,gaussian,Extents vs MVEE,40,0.25984556494164
50,10000,gaussian,Extents vs MVEE,41,0.0
50,10000,gaussian,Extents vs MVEE,42,0.0
50,10000,gaussian,Extents vs MVEE,43,0.18835491874353982
50,10000,gaussian,Extents vs MVEE,44,0.0
50,10000,gaussian,Extents vs MVEE,45,0.0
50,10000,gaussian,Extents vs MVEE,46,0.0
50,10000,gaussian,Extents vs MVEE,47,0.0
50,10000,gaussian,Extents vs MVEE,48,0.05669410516602369
50,10000,gaussian,Extents vs MVEE,49,0.3425808189173911
50,10000,gaussian,Extents vs MVEE,50,0.0
50,10000,gaussian,Extents vs MVEE,51,0.0
50,10000,gaussian,Extents vs MVEE,52,0.0
50,10000,gaussian,Extents vs MVEE,53,0.0
50,10000,gaussian,Extents vs MVEE,54,0.0
50,10000,gaussian,Extents vs MVEE,55,0.23865347746783705
50,10000,gaussian,Extents vs MVEE,56,0.308483568105383
50,10000,gaussian,Extents vs MVEE,57,0.0
50,10000,gaussian,Extents vs MVEE,58,0.0
50,10000,gaussian,Extents vs MVEE,59,0.0
50,10000,gaussian,Extents vs MVEE,60,0.0
50,10000,gaussian,Extents vs MVEE,61,0.0
50,10000,gaussian,Extents vs MVEE,62,0.0
50,10000,gaussian,Extents vs MVEE,63,0.15595995692432396
50,10000,gaussian,Extents vs MVEE,64,0.0
50,10000,gaussian,Extents vs MVEE,65,0.08449556474135722
50,10000,gaussian,Extents vs MVEE,66,0.0
50,10000,gaussian,Extents vs MVEE,67,0.0
50,10000,gaussian,Extents vs MVEE,68,0.0
50,10000,gaussian,Extents vs MVEE,69,0.0
50,10000,gaussian,Extents vs MVEE,70,0.03919403012132383
50,10000,gaussian,Extents vs MVEE,71,0.6316027814040743
50,10000,gaussian,Extents vs MVEE,72,0.0
50,10000,gaussian,Extents vs MVEE,73,0.0
50,10000,gaussian,Extents vs MVEE,74,0.7173435258679834
50,10000,gaussian,Extents vs MVEE,75,0.20943452754931968
50,10000,gaussian,Extents vs MVEE,76,0.0
50,10000,gaussian,Extents vs MVEE,77,0.0
50,10000,gaussian,Extents vs MVEE,78,0.0
50,10000,gaussian,Extents vs MVEE,79,0.0
50,10000,gaussian,Extents vs MVEE,80,0.5215119850871734
50,10000,gaussian,Extents vs MVEE,81,0.0
50,10000,gaussian,Extents vs MVEE,82,0.3340788972510902
50,10000,gaussian,Extents vs MVEE,83,0.008187239571093574
50,10000,gaussian,Extents vs MVEE,84,0.22221865187937562
50,10000,gaussian,Extents vs MVEE,85,0.0
50,10000,gaussian,Extents vs MVEE,86,0.0
50,10000,gaussian,Extents vs MVEE,87,0.4275946508463351
50,10000,gaussian,Extents vs MVEE,88,0.0
50,10000,gaussian,Extents vs MVEE,89,0.0
50,10000,gaussian,Extents vs MVEE,90,0.0
50,10000,gaussian,Extents vs MVEE,91,0.22238807290781715
50,10000,gaussian,Extents vs MVEE,92,0.0
50,10000,gaussian,Extents vs MVEE,93,0.042460007547620915
50,10000,gaussian,Extents vs MVEE,94,0.0
50,10000,gaussian,Extents vs MVEE,95,0.0
50,10000,gaussian,Extents vs MVEE,96,0.0
50,10000,gaussian,Extents vs MVEE,97,0.0
50,10000,gaussian,Extents vs MVEE,98,0.06142259462044919
50,10000,gaussian,Extents vs MVEE,99,0.41791448127355757
50,10000,gaussian,Extents vs MVEE,100,0.1615137428940887
50,10000,gaussian,Extents vs MVEE,101,0.3413870221749873
50,10000,gaussian,Extents vs MVEE,102,0.22117110655148897
50,10000,gaussian,Extents vs MVEE,103,0.0
50,10000,gaussian,Extents vs MVEE,104,0.0010287783754310276
50,10000,gaussian,Extents vs MVEE,105,0.0
50,10000,gaussian,Extents vs MVEE,106,0.0
50,10000,gaussian,Extents vs MVEE,107,0.2286661369394003
50,10000,gaussian,Extents vs MVEE,108,0.0
50,10000,gaussian,Extents vs MVEE,109,0.0
50,10000,gaussian,Extents vs MVEE,110,0.3650741845415659
50,10000,gaussian,Extents vs MVEE,111,0.0
50,10000,gaussian,Extents vs MVEE,112,0.6305641962620587
50,10000,gaussian,Extents vs MVEE,113,0.3296168256034653
50,10000,gaussian,Extents vs MVEE,114,0.0
50,10000,gaussian,Extents vs MVEE,115,0.0
50,10000,gaussian,Extents vs MVEE,116,0.31587942000602354
50,10000,gaussian,Extents vs MVEE,117,0.0
50,10000,gaussian,Extents vs MVEE,118,0.0
50,10000,gaussian,Extents vs MVEE,119,0.0
50,10000,gaussian,Extents vs MVEE,120,0.5113094933226083
50,10000,gaussian,Extents vs MVEE,121,0.0
50,10000,gaussian,Extents vs MVEE,122,0.0
50,10000,gaussian,Extents vs MVEE,123,0.0
50,10000,gaussian,Extents vs MVEE,124,0.2547683324607313
50,10000,gaussian,Extents vs MVEE,125,0.46271950182053256
50,10000,gaussian,Extents vs MVEE,126,0.0
50,10000,gaussian,Extents vs MVEE,127,0.06266943132281844
50,10000,gaussian,Extents vs MVEE,128,0.0
50,10000,gaussian,Extents vs MVEE,129,0.0
50,10000,gaussian,Extents vs MVEE,130,0.0
50,10000,gaussian,Extents vs MVEE,131,0.1369388053786782
50,10000,gaussian,Extents vs MVEE,132,0.30791251199201186
50,10000,gaussian,Extents vs MVEE,133,0.0
50,10000,gaussian,Extents vs MVEE,134,0.0
50,10000,gaussian,Extents vs MVEE,135,0.6487541912840262
50,10000,gaussian,Extents vs MVEE,136,0.0
50,10000,gaussian,Extents vs MVEE,137,0.0
50,10000,gaussian,Extents vs MVEE,138,0.03783415867674966
50,10000,gaussian,Extents vs MVEE,139,0.17290070082307274
50,10000,gaussian,Extents vs MVEE,140,0.3546664609797596
50,10000,gaussian,Extents vs MVEE,141,0.05718149378080195
50,10000,gaussian,Extents vs MVEE,142,0.289456503765233
50,10000,gaussian,Extents vs MVEE,143,0.0987638187720874
50,10000,gaussian,Extents vs MVEE,144,0.0
50,10000,gaussian,Extents vs MVEE,145,0.05402950471453094
50,10000,gaussian,Extents vs MVEE,146,0.0
50,10000,gaussian,Extents vs MVEE,147,0.20977591403879137
50,10000,gaussian,Extents vs MVEE,148,0.0
50,10000,gaussian,Extents vs MVEE,149,0.13641250300919427
50,10000,gaussian,Extents vs MVEE,150,0.6522360779637033
50,10000,gaussian,Extents vs MVEE,151,0.0
50,10000,gaussian,Extents vs MVEE,152,0.0718214900487073
50,10000,gaussian,Extents vs MVEE,153,0.2518609805486838
50,10000,gaussian,Extents vs MVEE,154,0.046254880754685423
50,10000,gaussian,Extents vs MVEE,155,0.37418807888318506
50,10000,gaussian,Extents vs MVEE,156,0.3608219176961076
50,10000,gaussian,Extents vs MVEE,157,0.0
50,10000,gaussian,Extents vs MVEE,158,0.0
50,10000,gaussian,Extents vs MVEE,159,0.1924254234655134
50,10000,gaussian,Extents vs MVEE,160,0.0
50,10000,gaussian,Extents vs MVEE,161,0.31262167931204354
50,10000,gaussian,Extents vs MVEE,162,0.0
50,10000,gaussian,Extents vs MVEE,163,0.44052464009282843
50,10000,gaussian,Extents vs MVEE,164,0.0
50,10000,gaussian,Extents vs MVEE,165,0.0
50,10000,gaussian,Extents vs MVEE,166,0.04996225617235606
50,10000,gaussian,Extents vs MVEE,167,0.19732418335180668
50,10000,gaussian,Extents vs MVEE,168,0.032550731244689324
50,10000,gaussian,Extents vs MVEE,169,0.20640066727791595
50,10000,gaussian,Extents vs MVEE,170,0.0
50,10000,gaussian,Extents vs MVEE,171,0.0
50,10000,gaussian,Extents vs MVEE,172,0.14356276909724341
50,10000,gaussian,Extents vs MVEE,173,0.0
50,10000,gaussian,Extents vs MVEE,174,0.18894239581171535
50,10000,gaussian,Extents vs MVEE,175,0.0
50,10000,gaussian,Extents vs MVEE,176,0.018757251775938233
50,10000,gaussian,Extents vs MVEE,177,0.0
50,10000,gaussian,Extents vs MVEE,178,0.0
50,10000,gaussian,Extents vs MVEE,179,0.0
50,10000,gaussian,Extents vs MVEE,180,0.21889415512406663
50,10000,gaussian,Extents vs MVEE,181,0.21906943125379108
50,10000,gaussian,Extents vs MVEE,182,0.3928013259457055
50,10000,gaussian,Extents vs MVEE,183,0.19664984862642587
50,10000,gaussian,Extents vs MVEE,184,0.0
50,10000,gaussian,Extents vs MVEE,185,0.13752442075922122
50,10000,gaussian,Extents vs MVEE,186,0.007897365652440591
50,10000,gaussian,Extents vs MVEE,187,0.0
50,10000,gaussian,Extents vs MVEE,188,0.0
50,10000,gaussian,Extents vs MVEE,189,0.0
50,10000,gaussian,Extents vs MVEE,190,0.0
50,10000,gaussian,Extents vs MVEE,191,0.0
50,10000,gaussian,Extents vs MVEE,192,0.49615957003101085
50,10000,gaussian,Extents vs MVEE,193,0.0811171355922542
50,10000,gaussian,Extents vs MVEE,194,0.305625044565049
50,10000,gaussian,Extents vs MVEE,195,0.0
50,10000,gaussian,Extents vs MVEE,196,0.0
50,10000,gaussian,Extents vs MVEE,197,0.0
50,10000,gaussian,Extents vs MVEE,198,0.0
50,10000,gaussian,Extents vs MVEE,199,0.4275508806257866
50,10000,gaussian,Extents vs MVEE,200,0.0
50,10000,gaussian,Extents vs MVEE,201,0.0
50,10000,gaussian,Extents vs MVEE,202,0.0
50,10000,gaussian,Extents vs MVEE,203,0.0
50,10000,gaussian,Extents vs MVEE,204,0.0
50,10000,gaussian,Extents vs MVEE,205,0.0
50,10000,gaussian,Extents vs MVEE,206,0.0
50,10000,gaussian,Extents vs MVEE,207,0.4855305654842521
50,10000,gaussian,Extents vs MVEE,208,0.48151554509735783
50,10000,gaussian,Extents vs MVEE,209,0.07009491573733095
50,10000,gaussian,Extents vs MVEE,210,0.06753925094597468
50,10000,gaussian,Extents vs MVEE,211,0.0
50,10000,gaussian,Extents vs MVEE,212,0.0
50,10000,gaussian,Extents vs MVEE,213,0.0
50,10000,gaussian,Extents vs MVEE,214,0.0
50,10000,gaussian,Extents vs MVEE,215,0.09457183505833244
50,10000,gaussian,Extents vs MVEE,216,0.0
50,10000,gaussian,Extents vs MVEE,217,0.3337105707644854
50,10000,gaussian,Extents vs MVEE,218,0.1054871923608256
50,10000,gaussian,Extents vs MVEE,219,0.3313950877887297
50,10000,gaussian,Extents vs MVEE,220,0.0
50,10000,gaussian,Extents vs MVEE,221,0.0
50,10000,gaussian,Extents vs MVEE,222,0.0
50,10000,gaussian,Extents vs MVEE,223,0.022016542110902204
50,10000,gaussian,Extents vs MVEE,224,0.0
50,10000,gaussian,Extents vs MVEE,225,0.036212161478967886
50,10000,gaussian,Extents vs MVEE,226,0.0
50,10000,gaussian,Extents vs MVEE,227,0.0
50,10000,gaussian,Extents vs MVEE,228,0.35704707534964
50,10000,gaussian,Extents vs MVEE,229,0.0
50,10000,gaussian,Extents vs MVEE,230,0.10364369202540047
50,10000,gaussian,Extents vs MVEE,231,0.1683661823303706
50,10000,gaussian,Extents vs MVEE,232,0.0
50,10000,gaussian,Extents vs MVEE,233,0.26096075548979636
50,10000,gaussian,Extents vs MVEE,234,0.07785110834331377
50,10000,gaussian,Extents vs MVEE,235,0.0
50,10000,gaussian,Extents vs MVEE,236,0.2450806160114647
50,10000,gaussian,Extents vs MVEE,237,0.0320636925577662
50,10000,gaussian,Extents vs MVEE,238,0.8835326512049719
50,10000,gaussian,Extents vs MVEE,239,0.0
50,10000,gaussian,Extents vs MVEE,240,0.0
50,10000,gaussian,Extents vs MVEE,241,0.0
50,10000,gaussian,Extents vs MVEE,242,0.9369760539042482
50,10000,gaussian,Extents vs MVEE,243,0.2153236301038235
50,10000,gaussian,Extents vs MVEE,244,0.0
50,10000,gaussian,Extents vs MVEE,245,0.0
50,10000,gaussian,Extents vs MVEE,246,0.27788909585803445
50,10000,gaussian,Extents vs MVEE,247,0.333585053560296
50,10000,gaussian,Extents vs MVEE,248,0.0
50,10000,gaussian,Extents vs MVEE,249,0.08054637564869349
50,10000,gaussian,Extents vs MVEE,250,0.2248620654775042
50,10000,gaussian,Extents vs MVEE,251,0.0
50,10000,gaussian,Extents vs MVEE,252,0.0
50,10000,gaussian,Extents vs MVEE,253,0.0
50,10000,gaussian,Extents vs MVEE,254,0.0
50,10000,gaussian,Extents vs MVEE,255,0.0
50,10000,gaussian,Extents vs DeepHull-original,0,2.2983680036929672
50,10000,gaussian,Extents vs DeepHull-original,1,0.655681253936435
50,10000,gaussian,Extents vs DeepHull-original,2,1.0354005528477084
50,10000,gaussian,Extents vs DeepHull-original,3,0.9289561762617249
50,10000,gaussian,Extents vs DeepHull-original,4,0.36000227580413524
50,10000,gaussian,Extents vs DeepHull-original,5,1.1885833619456274
50,10000,gaussian,Extents vs DeepHull-original,6,1.1628001875910758
50,10000,gaussian,Extents vs DeepHull-original,7,1.5255070186078945
50,10000,gaussian,Extents vs DeepHull-original,8,0.20724600890267597
50,10000,gaussian,Extents vs DeepHull-original,9,1.0079474565980586
50,10000,gaussian,Extents vs DeepHull-original,10,1.2004644652061558
50,10000,gaussian,Extents vs DeepHull-original,11,1.1965392802478596
50,10000,gaussian,Extents vs DeepHull-original,12,1.0252826508394
50,10000,gaussian,Extents vs DeepHull-original,13,1.0466710465823987
50,10000,gaussian,Extents vs DeepHull-original,14,0.7933741427569849
50,10000,gaussian,Extents vs DeepHull-original,15,1.3012608190680461
50,10000,gaussian,Extents vs DeepHull-original,16,0.8936560158986793
50,10000,gaussian,Extents vs DeepHull-original,17,1.2674802533032963
50,10000,gaussian,Extents vs DeepHull-original,18,0.4574894290437359
50,10000,gaussian,Extents vs DeepHull-original,19,0.0
50,10000,gaussian,Extents vs DeepHull-original,20,0.4004433683878508
50,10000,gaussian,Extents vs DeepHull-original,21,0.7210248951953087
50,10000,gaussian,Extents vs DeepHull-original,22,0.7302970491360636
50,10000,gaussian,Extents vs DeepHull-original,23,0.6868679337111643
50,10000,gaussian,Extents vs DeepHull-original,24,0.10585550901217866
50,10000,gaussian,Extents vs DeepHull-original,25,0.2225713933588529
50,10000,gaussian,Extents vs DeepHull-original,26,1.3996995377227157
50,10000,gaussian,Extents vs DeepHull-original,27,0.864365711605847
50,10000,gaussian,Extents vs DeepHull-original,28,1.6875397974851356
50,10000,gaussian,Extents vs DeepHull-original,29,1.4454442461606818
50,10000,gaussian,Extents vs DeepHull-original,30,1.1599500620995093
50,10000,gaussian,Extents vs DeepHull-original,31,1.4753220446289572
50,10000,gaussian,Extents vs DeepHull-original,32,1.1044241073482042
50,10000,gaussian,Extents vs DeepHull-original,33,1.8249009824688598
50,10000,gaussian,Extents vs DeepHull-original,34,1.2067094718591358
50,10000,gaussian,Extents vs DeepHull-original,35,0.648298499817979
50,10000,gaussian,Extents vs DeepHull-original,36,0.0
50,10000,gaussian,Extents vs DeepHull-original,37,0.9236802948964817
50,10000,gaussian,Extents vs DeepHull-original,38,1.3569516583485122
50,10000,gaussian,Extents vs DeepHull-original,39,1.754502538847657
50,10000,gaussian,Extents vs DeepHull-original,40,0.9485660837512568
50,10000,gaussian,Extents vs DeepHull-original,41,0.8641488839611102
50,10000,gaussian,Extents vs DeepHull-original,42,1.1431432084968722
50,10000,gaussian,Extents vs DeepHull-original,43,0.6316771909430907
50,10000,gaussian,Extents vs DeepHull-original,44,1.503006559149453
50,10000,gaussian,Extents vs DeepHull-original,45,1.3459991994744247
50,10000,gaussian,Extents vs DeepHull-original,46,1.193754223187346
50,10000,gaussian,Extents vs DeepHull-original,47,0.637619157916371
50,10000,gaussian,Extents vs DeepHull-original,48,1.0282021716195224
50,10000,gaussian,Extents vs DeepHull-original,49,0.9199641705059114
50,10000,gaussian,Extents vs DeepHull-original,50,1.4421449788601501
50,10000,gaussian,Extents vs DeepHull-original,51,0.49092584207485457
50,10000,gaussian,Extents vs DeepHull-original,52,1.505660060545112
50,10000,gaussian,Extents vs DeepHull-original,53,1.630217859382488
50,10000,gaussian,Extents vs DeepHull-original,54,1.0519840209785944
50,10000,gaussian,Extents vs DeepHull-original,55,1.2948293759856098
50,10000,gaussian,Extents vs DeepHull-original,56,1.1614804228777442
50,10000,gaussian,Extents vs DeepHull-original,57,1.2526151948272939
50,10000,gaussian,Extents vs DeepHull-original,58,0.9959798386730694
50,10000,gaussian,Extents vs DeepHull-original,59,1.8124338193985787
50,10000,gaussian,Extents vs DeepHull-original,60,1.4046363871082408
50,10000,gaussian,Extents vs DeepHull-original,61,1.5634094072105538
50,10000,gaussian,Extents vs DeepHull-original,62,2.049455256987303
50,10000,gaussian,Extents vs DeepHull-original,63,1.082112918372116
50,10000,gaussian,Extents vs DeepHull-original,64,1.202692985159578
50,10000,gaussian,Extents vs DeepHull-original,65,1.008707955011207
50,10000,gaussian,Extents vs DeepHull-original,66,0.8615158347734768
50,10000,gaussian,Extents vs DeepHull-original,67,1.6173701382504695
50,10000,gaussian,Extents vs DeepHull-original,68,1.217200959996999
50,10000,gaussian,Extents vs DeepHull-original,69,0.6797383565401525
50,10000,gaussian,Extents vs DeepHull-original,70,0.6909422435297177
50,10000,gaussian,Extents vs DeepHull-original,71,1.0637495242435413
50,10000,gaussian,Extents vs DeepHull-original,72,1.7051248896820779
50,10000,gaussian,Extents vs DeepHull-original,73,1.1097117714013212
50,10000,gaussian,Extents vs DeepHull-original,74,1.0093713618287274
50,10000,gaussian,Extents vs DeepHull-original,75,0.827028581562431
50,10000,gaussian,Extents vs DeepHull-original,76,0.8094715092495939
50,10000,gaussian,Extents vs DeepHull-original,77,1.6174744841036661
50,10000,gaussian,Extents vs DeepHull-original,78,0.0
50,10000,gaussian,Extents vs DeepHull-original,79,1.2912637977524117
50,10000,gaussian,Extents vs DeepHull-original,80,0.7233444494292478
50,10000,gaussian,Extents vs DeepHull-original,81,1.1663629728177087
50,10000,gaussian,Extents vs DeepHull-original,82,0.3460847960248483
50,10000,gaussian,Extents vs DeepHull-original,83,1.2539187690516447
50,10000,gaussian,Extents vs DeepHull-original,84,0.9296035114162966
50,10000,gaussian,Extents vs DeepHull-original,85,1.16226006636635
50,10000,gaussian,Extents vs DeepHull-original,86,1.2704000598745693
50,10000,gaussian,Extents vs DeepHull-original,87,1.00069778683185
50,10000,gaussian,Extents vs DeepHull-original,88,1.581324082712969
50,10000,gaussian,Extents vs DeepHull-original,89,1.1504732011387542
50,10000,gaussian,Extents vs DeepHull-original,90,0.9949276783820462
50,10000,gaussian,Extents vs DeepHull-original,91,0.9288824145503489
50,10000,gaussian,Extents vs DeepHull-original,92,1.2704367353535273
50,10000,gaussian,Extents vs DeepHull-original,93,1.2537975292180035
50,10000,gaussian,Extents vs DeepHull-original,94,1.0433446224423246
50,10000,gaussian,Extents vs DeepHull-original,95,2.011526231621491
50,10000,gaussian,Extents vs DeepHull-original,96,1.314349635144356
50,10000,gaussian,Extents vs DeepHull-original,97,1.16851031266559
50,10000,gaussian,Extents vs DeepHull-original,98,1.7385012263309036
50,10000,gaussian,Extents vs DeepHull-original,99,0.3181002011230354
50,10000,gaussian,Extents vs DeepHull-original,100,1.045419677588486
50,10000,gaussian,Extents vs DeepHull-original,101,0.6964702581409306
50,10000,gaussian,Extents vs DeepHull-original,102,0.48917181872804494
50,10000,gaussian,Extents vs DeepHull-original,103,0.9651608423129843
50,10000,gaussian,Extents vs DeepHull-original,104,1.1948628621178417
50,10000,gaussian,Extents vs DeepHull-original,105,1.1200119606556924
50,10000,gaussian,Extents vs DeepHull-original,106,1.5028112346537799
50,10000,gaussian,Extents vs DeepHull-original,107,1.3114012027668394
50,10000,gaussian,Extents vs DeepHull-original,108,0.8089265069494691
50,10000,gaussian,Extents vs DeepHull-original,109,1.408130991579695
50,10000,gaussian,Extents vs DeepHull-original,110,0.8727834139762793
50,10000,gaussian,Extents vs DeepHull-original,111,1.1980408496543726
50,10000,gaussian,Extents vs DeepHull-original,112,0.6775927630498788
50,10000,gaussian,Extents vs DeepHull-original,113,0.8333545620721585
50,10000,gaussian,Extents vs DeepHull-original,114,1.4441873254146183
50,10000,gaussian,Extents vs DeepHull-original,115,0.9737137475383149
50,10000,gaussian,Extents vs DeepHull-original,116,1.0762198603748971
50,10000,gaussian,Extents vs DeepHull-original,117,1.6406821533245195
50,10000,gaussian,Extents vs DeepHull-original,118,1.5749913437110419
50,10000,gaussian,Extents vs DeepHull-original,119,1.1476051716962135
50,10000,gaussian,Extents vs DeepHull-original,120,0.8429172356809287
50,10000,gaussian,Extents vs DeepHull-original,121,1.380779651735109
50,10000,gaussian,Extents vs DeepHull-original,122,1.321575202859339
50,10000,gaussian,Extents vs DeepHull-original,123,1.3808155433632652
50,10000,gaussian,Extents vs DeepHull-original,124,0.5223732720717411
50,10000,gaussian,Extents vs DeepHull-original,125,1.2136853436799933
50,10000,gaussian,Extents vs DeepHull-original,126,1.3092516682779285
50,10000,gaussian,Extents vs DeepHull-original,127,1.0662248144213062
50,10000,gaussian,Extents vs DeepHull-original,128,1.5680439356415672
50,10000,gaussian,Extents vs DeepHull-original,129,1.3955455234200786
50,10000,gaussian,Extents vs DeepHull-original,130,1.1560389213303934
50,10000,gaussian,Extents vs DeepHull-original,131,0.5254082279665071
50,10000,gaussian,Extents vs DeepHull-original,132,0.6406310460953806
50,10000,gaussian,Extents vs DeepHull-original,133,1.126181338848836
50,10000,gaussian,Extents vs DeepHull-original,134,1.5211424500583564
50,10000,gaussian,Extents vs DeepHull-original,135,1.45701939717985
50,10000,gaussian,Extents vs DeepHull-original,136,2.055949534074565
50,10000,gaussian,Extents vs DeepHull-original,137,0.9832876529440482
50,10000,gaussian,Extents vs DeepHull-original,138,1.5278672931918276
50,10000,gaussian,Extents vs DeepHull-original,139,0.9478834053320149
50,10000,gaussian,Extents vs DeepHull-original,140,0.8184246402287041
50,10000,gaussian,Extents vs DeepHull-original,141,0.3458802416890241
50,10000,gaussian,Extents vs DeepHull-original,142,0.3619129599439812
50,10000,gaussian,Extents vs DeepHull-original,143,0.68810507975155
50,10000,gaussian,Extents vs DeepHull-original,144,2.1067595111327675
50,10000,gaussian,Extents vs DeepHull-original,145,1.2402475725361182
50,10000,gaussian,Extents vs DeepHull-original,146,1.6233047798930684
50,10000,gaussian,Extents vs DeepHull-original,147,0.6793789519910225
50,10000,gaussian,Extents vs DeepHull-original,148,1.6966065745279737
50,10000,gaussian,Extents vs DeepHull-original,149,0.16706787603753348
50,10000,gaussian,Extents vs DeepHull-original,150,1.2121154185750145
50,10000,gaussian,Extents vs DeepHull-original,151,1.0648292874896161
50,10000,gaussian,Extents vs DeepHull-original,152,0.9931694367759965
50,10000,gaussian,Extents vs DeepHull-original,153,1.3158567163400448
50,10000,gaussian,Extents vs DeepHull-original,154,1.1261144813993496
50,10000,gaussian,Extents vs DeepHull-original,155,0.19523335364069494
50,10000,gaussian,Extents vs DeepHull-original,156,0.7610955357392442
50,10000,gaussian,Extents vs DeepHull-original,157,1.1320336515230383
50,10000,gaussian,Extents vs DeepHull-original,158,1.229857415500271
50,10000,gaussian,Extents vs DeepHull-original,159,0.8920511974584246
50,10000,gaussian,Extents vs DeepHull-original,160,1.390593858276834
50,10000,gaussian,Extents vs DeepHull-original,161,0.7856275594749706
50,10000,gaussian,Extents vs DeepHull-original,162,1.474544264904852
50,10000,gaussian,Extents vs DeepHull-original,163,0.21175593561530048
50,10000,gaussian,Extents vs DeepHull-original,164,0.9682826544548648
50,10000,gaussian,Extents vs DeepHull-original,165,0.7615867950362278
50,10000,gaussian,Extents vs DeepHull-original,166,1.3278155084124945
50,10000,gaussian,Extents vs DeepHull-original,167,0.5244351449543703
50,10000,gaussian,Extents vs DeepHull-original,168,0.9016787373860562
50,10000,gaussian,Extents vs DeepHull-original,169,1.7496717882727713
50,10000,gaussian,Extents vs DeepHull-original,170,1.5115291505075072
50,10000,gaussian,Extents vs DeepHull-original,171,0.9077696047851838
50,10000,gaussian,Extents vs DeepHull-original,172,1.8136078457872191
50,10000,gaussian,Extents vs DeepHull-original,173,1.1123462790850571
50,10000,gaussian,Extents vs DeepHull-original,174,1.1750298163503439
50,10000,gaussian,Extents vs DeepHull-original,175,0.779004667103669
50,10000,gaussian,Extents vs DeepHull-original,176,0.8804115285291327
50,10000,gaussian,Extents vs DeepHull-original,177,0.962661009678041
50,10000,gaussian,Extents vs DeepHull-original,178,0.8965694505759303
50,10000,gaussian,Extents vs DeepHull-original,179,1.6628498357192738
50,10000,gaussian,Extents vs DeepHull-original,180,1.087786574451858
50,10000,gaussian,Extents vs DeepHull-original,181,0.8997480449868851
50,10000,gaussian,Extents vs DeepHull-original,182,1.0769382666345058
50,10000,gaussian,Extents vs DeepHull-original,183,0.7864254794715859
50,10000,gaussian,Extents vs DeepHull-original,184,1.508298451370421
50,10000,gaussian,Extents vs DeepHull-original,185,1.461384678606341
50,10000,gaussian,Extents vs DeepHull-original,186,0.0998730723246326
50,10000,gaussian,Extents vs DeepHull-original,187,1.3157148646581214
50,10000,gaussian,Extents vs DeepHull-original,188,1.9203161515612526
50,10000,gaussian,Extents vs DeepHull-original,189,1.4861858962868213
50,10000,gaussian,Extents vs DeepHull-original,190,1.2659791648501626
50,10000,gaussian,Extents vs DeepHull-original,191,1.0217226093156404
50,10000,gaussian,Extents vs DeepHull-original,192,0.35889085950009436
50,10000,gaussian,Extents vs DeepHull-original,193,1.005908460043441
50,10000,gaussian,Extents vs DeepHull-original,194,0.5420881919978129
50,10000,gaussian,Extents vs DeepHull-original,195,1.440288428612684
50,10000,gaussian,Extents vs DeepHull-original,196,1.3254024345532929
50,10000,gaussian,Extents vs DeepHull-original,197,0.8098669065400428
50,10000,gaussian,Extents vs DeepHull-original,198,1.2214062088969095
50,10000,gaussian,Extents vs DeepHull-original,199,0.7924083171367229
50,10000,gaussian,Extents vs DeepHull-original,200,1.8762979191717453
50,10000,gaussian,Extents vs DeepHull-original,201,1.8569960110021424
50,10000,gaussian,Extents vs DeepHull-original,202,1.4485294726036617
50,10000,gaussian,Extents vs DeepHull-original,203,0.44735586162977015
50,10000,gaussian,Extents vs DeepHull-original,204,1.7453326415000472
50,10000,gaussian,Extents vs DeepHull-original,205,0.6948464585859595
50,10000,gaussian,Extents vs DeepHull-original,206,0.8385447325326776
50,10000,gaussian,Extents vs DeepHull-original,207,1.0480412253829807
50,10000,gaussian,Extents vs DeepHull-original,208,1.2849748542415327
50,10000,gaussian,Extents vs DeepHull-original,209,1.0142143985444443
50,10000,gaussian,Extents vs DeepHull-original,210,1.477731602842499
50,10000,gaussian,Extents vs DeepHull-original,211,1.1153786905615304
50,10000,gaussian,Extents vs DeepHull-original,212,0.6846328085688906
50,10000,gaussian,Extents vs DeepHull-original,213,1.4376176561461984
50,10000,gaussian,Extents vs DeepHull-original,214,1.8978409685610085
50,10000,gaussian,Extents vs DeepHull-original,215,1.0831543439224178
50,10000,gaussian,Extents vs DeepHull-original,216,1.274908443116965
50,10000,gaussian,Extents vs DeepHull-original,217,0.7960902065242281
50,10000,gaussian,Extents vs DeepHull-original,218,1.1231583178862226
50,10000,gaussian,Extents vs DeepHull-original,219,0.9792402752207687
50,10000,gaussian,Extents vs DeepHull-original,220,1.7169781929068657
50,10000,gaussian,Extents vs DeepHull-original,221,1.258322372796562
50,10000,gaussian,Extents vs DeepHull-original,222,1.499774398667671
50,10000,gaussian,Extents vs DeepHull-original,223,0.8305551059772487
50,10000,gaussian,Extents vs DeepHull-original,224,1.725551257096703
50,10000,gaussian,Extents vs DeepHull-original,225,0.9118605667787445
50,10000,gaussian,Extents vs DeepHull-original,226,1.6782447757674932
50,10000,gaussian,Extents vs DeepHull-original,227,2.1878126062726544
50,10000,gaussian,Extents vs DeepHull-original,228,1.0245501818071605
50,10000,gaussian,Extents vs DeepHull-original,229,1.900945583460177
50,10000,gaussian,Extents vs DeepHull-original,230,1.3888849013500428
50,10000,gaussian,Extents vs DeepHull-original,231,1.7282231307590614
50,10000,gaussian,Extents vs DeepHull-original,232,1.1025137727387861
50,10000,gaussian,Extents vs DeepHull-original,233,0.7307451820659789
50,10000,gaussian,Extents vs DeepHull-original,234,0.8285993250895087
50,10000,gaussian,Extents vs DeepHull-original,235,1.1936636566916112
50,10000,gaussian,Extents vs DeepHull-original,236,0.7803828938435153
50,10000,gaussian,Extents vs DeepHull-original,237,1.6241734120206384
50,10000,gaussian,Extents vs DeepHull-original,238,0.6849556576341282
50,10000,gaussian,Extents vs DeepHull-original,239,1.5402775642023534
50,10000,gaussian,Extents vs DeepHull-original,240,0.07467450584930546
50,10000,gaussian,Extents vs DeepHull-original,241,1.4593962550337518
50,10000,gaussian,Extents vs DeepHull-original,242,1.7911146551324224
50,10000,gaussian,Extents vs DeepHull-original,243,0.7902394895231155
50,10000,gaussian,Extents vs DeepHull-original,244,1.1208221669907767
50,10000,gaussian,Extents vs DeepHull-original,245,1.1566718629016843
50,10000,gaussian,Extents vs DeepHull-original,246,0.9471385845326321
50,10000,gaussian,Extents vs DeepHull-original,247,0.5700062359639089
50,10000,gaussian,Extents vs DeepHull-original,248,1.1237819455828646
50,10000,gaussian,Extents vs DeepHull-original,249,1.3739364813309716
50,10000,gaussian,Extents vs DeepHull-original,250,0.7574530997818152
50,10000,gaussian,Extents vs DeepHull-original,251,1.544044975026141
50,10000,gaussian,Extents vs DeepHull-original,252,1.526778165261507
50,10000,gaussian,Extents vs DeepHull-original,253,1.6075031014746848
50,10000,gaussian,Extents vs DeepHull-original,254,1.1859205107501458
50,10000,gaussian,Extents vs DeepHull-original,255,1.2371814651308946
50,10000,gaussian,Extents vs DeepHull-convex,0,0.6151799078922022
50,10000,gaussian,Extents vs DeepHull-convex,1,1.657672522138186
50,10000,gaussian,Extents vs DeepHull-convex,2,0.35131116421768693
50,10000,gaussian,Extents vs DeepHull-convex,3,0.4100499746839188
50,10000,gaussian,Extents vs DeepHull-convex,4,1.695464587691042
50,10000,gaussian,Extents vs DeepHull-convex,5,0.32647198095694296
50,10000,gaussian,Extents vs DeepHull-convex,6,0.9628808007829381
50,10000,gaussian,Extents vs DeepHull-convex,7,1.0612408591027915
50,10000,gaussian,Extents vs DeepHull-convex,8,0.6075147989142438
50,10000,gaussian,Extents vs DeepHull-convex,9,0.7442359033696582
50,10000,gaussian,Extents vs DeepHull-convex,10,1.2663527218368948
50,10000,gaussian,Extents vs DeepHull-convex,11,1.0022647960860642
50,10000,gaussian,Extents vs DeepHull-convex,12,1.2884192495762985
50,10000,gaussian,Extents vs DeepHull-convex,13,0.6937183833031604
50,10000,gaussian,Extents vs DeepHull-convex,14,1.5692901432711852
50,10000,gaussian,Extents vs DeepHull-convex,15,1.0536282708596694
50,10000,gaussian,Extents vs DeepHull-convex,16,0.5166464026129982
50,10000,gaussian,Extents vs DeepHull-convex,17,1.6512054768842042
50,10000,gaussian,Extents vs DeepHull-convex,18,0.3301696431484533
50,10000,gaussian,Extents vs DeepHull-convex,19,0.7229545632143892
50,10000,gaussian,Extents vs DeepHull-convex,20,0.14890169554369237
50,10000,gaussian,Extents vs DeepHull-convex,21,0.6627912643687377
50,10000,gaussian,Extents vs DeepHull-convex,22,0.7828496589178753
50,10000,gaussian,Extents vs DeepHull-convex,23,0.0
50,10000,gaussian,Extents vs DeepHull-convex,24,0.9016746274278689
50,10000,gaussian,Extents vs DeepHull-convex,25,0.5041983375561387
50,10000,gaussian,Extents vs DeepHull-convex,26,1.5056376371473656
50,10000,gaussian,Extents vs DeepHull-convex,27,0.30193542864521605
50,10000,gaussian,Extents vs DeepHull-convex,28,1.0198901144267931
50,10000,gaussian,Extents vs DeepHull-convex,29,1.4198552599067642
50,10000,gaussian,Extents vs DeepHull-convex,30,1.0221847936798047
50,10000,gaussian,Extents vs DeepHull-convex,31,0.7952281969057582
50,10000,gaussian,Extents vs DeepHull-convex,32,0.9528951163330794
50,10000,gaussian,Extents vs DeepHull-convex,33,1.52626266109675
50,10000,gaussian,Extents vs DeepHull-convex,34,1.782120938484883
50,10000,gaussian,Extents vs DeepHull-convex,35,1.3396339715262346
50,10000,gaussian,Extents vs DeepHull-convex,36,0.7595184177841121
50,10000,gaussian,Extents vs DeepHull-convex,37,0.541370877490059
50,10000,gaussian,Extents vs DeepHull-convex,38,0.4052203064440616
50,10000,gaussian,Extents vs DeepHull-convex,39,1.6540172258321726
50,10000,gaussian,Extents vs DeepHull-convex,40,0.25984556494164
50,10000,gaussian,Extents vs DeepHull-convex,41,0.7348926563756861
50,10000,gaussian,Extents vs DeepHull-convex,42,0.7270783360102384
50,10000,gaussian,Extents vs DeepHull-convex,43,0.30232329207987574
50,10000,gaussian,Extents vs DeepHull-convex,44,0.7533660530414354
50,10000,gaussian,Extents vs DeepHull-convex,45,0.42516796076034646
50,10000,gaussian,Extents vs DeepHull-convex,46,1.3603700939664354
50,10000,gaussian,Extents vs DeepHull-convex,47,0.623935277995159
50,10000,gaussian,Extents vs DeepHull-convex,48,0.9831196398084279
50,10000,gaussian,Extents vs DeepHull-convex,49,0.04114075438554554
50,10000,gaussian,Extents vs DeepHull-convex,50,0.7559269966628577
50,10000,gaussian,Extents vs DeepHull-convex,51,1.7580698938601247
50,10000,gaussian,Extents vs DeepHull-convex,52,1.5649157198967578
50,10000,gaussian,Extents vs DeepHull-convex,53,0.9561453509527063
50,10000,gaussian,Extents vs DeepHull-convex,54,0.9562369667306072
50,10000,gaussian,Extents vs DeepHull-convex,55,1.5458675196570097
50,10000,gaussian,Extents vs DeepHull-convex,56,0.7671542317051898
50,10000,gaussian,Extents vs DeepHull-convex,57,0.914643976853339
50,10000,gaussian,Extents vs DeepHull-convex,58,1.0736518401381276
50,10000,gaussian,Extents vs DeepHull-convex,59,0.6399010309116853
50,10000,gaussian,Extents vs DeepHull-convex,60,1.0388623101221568
50,10000,gaussian,Extents vs DeepHull-convex,61,1.14410685090733
50,10000,gaussian,Extents vs DeepHull-convex,62,1.6348754608504743
50,10000,gaussian,Extents vs DeepHull-convex,63,0.8765151483043765
50,10000,gaussian,Extents vs DeepHull-convex,64,0.4282112382545702
50,10000,gaussian,Extents vs DeepHull-convex,65,0.30026126252962726
50,10000,gaussian,Extents vs DeepHull-convex,66,0.10866488633947924
50,10000,gaussian,Extents vs DeepHull-convex,67,1.6877768825898862
50,10000,gaussian,Extents vs DeepHull-convex,68,1.0475687583107485
50,10000,gaussian,Extents vs DeepHull-convex,69,2.1273162219073596
50,10000,gaussian,Extents vs DeepHull-convex,70,0.3810179417625723
50,10000,gaussian,Extents vs DeepHull-convex,71,0.4078079814805018
50,10000,gaussian,Extents vs DeepHull-convex,72,1.607980690132689
50,10000,gaussian,Extents vs DeepHull-convex,73,1.391111000509812
50,10000,gaussian,Extents vs DeepHull-convex,74,0.45048862197233075
50,10000,gaussian,Extents vs DeepHull-convex,75,0.49348870277055923
50,10000,gaussian,Extents vs DeepHull-convex,76,0.7716710952420827
50,10000,gaussian,Extents vs DeepHull-convex,77,1.8262943492605095
50,10000,gaussian,Extents vs DeepHull-convex,78,0.29649105638390294
50,10000,gaussian,Extents vs DeepHull-convex,79,0.7270907008613605
50,10000,gaussian,Extents vs DeepHull-convex,80,0.6627703596721568
50,10000,gaussian,Extents vs DeepHull-convex,81,1.4980010892908395
50,10000,gaussian,Extents vs DeepHull-convex,82,0.624247806894318
50,10000,gaussian,Extents vs DeepHull-convex,83,0.9988884027208731
50,10000,gaussian,Extents vs DeepHull-convex,84,0.4933019085192272
50,10000,gaussian,Extents vs DeepHull-convex,85,1.336118046833428
50,10000,gaussian,Extents vs DeepHull-convex,86,1.1957268377644352
50,10000,gaussian,Extents vs DeepHull-convex,87,1.0177186819010366
50,10000,gaussian,Extents vs DeepHull-convex,88,1.794232275072389
50,10000,gaussian,Extents vs DeepHull-convex,89,0.9329238290438102
50,10000,gaussian,Extents vs DeepHull-convex,90,0.9394966778008755
50,10000,gaussian,Extents vs DeepHull-convex,91,0.36802103704548195
50,10000,gaussian,Extents vs DeepHull-convex,92,1.4264483160138437
50,10000,gaussian,Extents vs DeepHull-convex,93,1.6486407456429624
50,10000,gaussian,Extents vs DeepHull-convex,94,1.3040428488924116
50,10000,gaussian,Extents vs DeepHull-convex,95,1.080643909446267
50,10000,gaussian,Extents vs DeepHull-convex,96,0.575126783244496
50,10000,gaussian,Extents vs DeepHull-convex,97,0.8368211480413934
50,10000,gaussian,Extents vs DeepHull-convex,98,1.869636636270714
50,10000,gaussian,Extents vs DeepHull-convex,99,0.35610278996033906
50,10000,gaussian,Extents vs DeepHull-convex,100,0.40635476265586856
50,10000,gaussian,Extents vs DeepHull-convex,101,0.33302455454525326
50,10000,gaussian,Extents vs DeepHull-convex,102,0.9363999869495028
50,10000,gaussian,Extents vs DeepHull-convex,103,1.034588856440933
50,10000,gaussian,Extents vs DeepHull-convex,104,1.327091394522588
50,10000,gaussian,Extents vs DeepHull-convex,105,0.22947651513597433
50,10000,gaussian,Extents vs DeepHull-convex,106,0.9075108581075237
50,10000,gaussian,Extents vs DeepHull-convex,107,0.9093854336306488
50,10000,gaussian,Extents vs DeepHull-convex,108,0.43192797047678066
50,10000,gaussian,Extents vs DeepHull-convex,109,0.8062213271038958
50,10000,gaussian,Extents vs DeepHull-convex,110,1.3957595906432858
50,10000,gaussian,Extents vs DeepHull-convex,111,1.3908684224781496
50,10000,gaussian,Extents vs DeepHull-convex,112,0.6934394301741782
50,10000,gaussian,Extents vs DeepHull-convex,113,0.5880414074855951
50,10000,gaussian,Extents vs DeepHull-convex,114,1.604016739379785
50,10000,gaussian,Extents vs DeepHull-convex,115,0.2155176949451727
50,10000,gaussian,Extents vs DeepHull-convex,116,0.7278150772675203
50,10000,gaussian,Extents vs DeepHull-convex,117,1.0388407855890323
50,10000,gaussian,Extents vs DeepHull-convex,118,1.0094706899480244
50,10000,gaussian,Extents vs DeepHull-convex,119,0.8453367703497752
50,10000,gaussian,Extents vs DeepHull-convex,120,0.100912145682992
50,10000,gaussian,Extents vs DeepHull-convex,121,1.2335615464824428
50,10000,gaussian,Extents vs DeepHull-convex,122,1.3787515980102074
50,10000,gaussian,Extents vs DeepHull-convex,123,1.2265704645432474
50,10000,gaussian,Extents vs DeepHull-convex,124,0.47398682334431363
50,10000,gaussian,Extents vs DeepHull-convex,125,1.1709884512311377
50,10000,gaussian,Extents vs DeepHull-convex,126,0.24022555630952835
50,10000,gaussian,Extents vs DeepHull-convex,127,1.3521870629502608
50,10000,gaussian,Extents vs DeepHull-convex,128,0.0
50,10000,gaussian,Extents vs DeepHull-convex,129,1.3209123351567658
50,10000,gaussian,Extents vs DeepHull-convex,130,1.417676447484451
50,10000,gaussian,Extents vs DeepHull-convex,131,1.3638010940752499
50,10000,gaussian,Extents vs DeepHull-convex,132,0.5557343011163947
50,10000,gaussian,Extents vs DeepHull-convex,133,0.9819265478828121
50,10000,gaussian,Extents vs DeepHull-convex,134,1.3257269138347523
50,10000,gaussian,Extents vs DeepHull-convex,135,0.8180299883862814
50,10000,gaussian,Extents vs DeepHull-convex,136,2.152760503810601
50,10000,gaussian,Extents vs DeepHull-convex,137,0.4823878852432504
50,10000,gaussian,Extents vs DeepHull-convex,138,1.134376401160515
50,10000,gaussian,Extents vs DeepHull-convex,139,1.7906373114958964
50,10000,gaussian,Extents vs DeepHull-convex,140,0.699731523067918
50,10000,gaussian,Extents vs DeepHull-convex,141,0.9072268549732765
50,10000,gaussian,Extents vs DeepHull-convex,142,0.2852803110116191
50,10000,gaussian,Extents vs DeepHull-convex,143,0.6660438415197059
50,10000,gaussian,Extents vs DeepHull-convex,144,1.963205588006412
50,10000,gaussian,Extents vs DeepHull-convex,145,0.17568880640525864
50,10000,gaussian,Extents vs DeepHull-convex,146,2.398932459289963
50,10000,gaussian,Extents vs DeepHull-convex,147,1.3938235293059835
50,10000,gaussian,Extents vs DeepHull-convex,148,1.68293812775833
50,10000,gaussian,Extents vs DeepHull-convex,149,1.5353114535174848
50,10000,gaussian,Extents vs DeepHull-convex,150,0.9548158393512689
50,10000,gaussian,Extents vs DeepHull-convex,151,1.5848643615636426
50,10000,gaussian,Extents vs DeepHull-convex,152,0.5090868300859015
50,10000,gaussian,Extents vs DeepHull-convex,153,1.6908313067813183
50,10000,gaussian,Extents vs DeepHull-convex,154,0.906816170566088
50,10000,gaussian,Extents vs DeepHull-convex,155,0.7736036600511986
50,10000,gaussian,Extents vs DeepHull-convex,156,0.14749819243750428
50,10000,gaussian,Extents vs DeepHull-convex,157,1.160742260163048
50,10000,gaussian,Extents vs DeepHull-convex,158,0.31426012818517357
50,10000,gaussian,Extents vs DeepHull-convex,159,1.2706417103572984
50,10000,gaussian,Extents vs DeepHull-convex,160,1.169301096191486
50,10000,gaussian,Extents vs DeepHull-convex,161,0.48367889342859094
50,10000,gaussian,Extents vs DeepHull-convex,162,0.6256228344114887
50,10000,gaussian,Extents vs DeepHull-convex,163,0.8589276260887218
50,10000,gaussian,Extents vs DeepHull-convex,164,0.9345510935589325
50,10000,gaussian,Extents vs DeepHull-convex,165,0.7848662496454151
50,10000,gaussian,Extents vs DeepHull-convex,166,1.495502658132965
50,10000,gaussian,Extents vs DeepHull-convex,167,0.7633508916346814
50,10000,gaussian,Extents vs DeepHull-convex,168,0.7083513426639745
50,10000,gaussian,Extents vs DeepHull-convex,169,1.161700349860992
50,10000,gaussian,Extents vs DeepHull-convex,170,0.22466167419710636
50,10000,gaussian,Extents vs DeepHull-convex,171,0.6461114760102891
50,10000,gaussian,Extents vs DeepHull-convex,172,1.755252775382328
50,10000,gaussian,Extents vs DeepHull-convex,173,0.9828174801056069
50,10000,gaussian,Extents vs DeepHull-convex,174,0.7002879513659561
50,10000,gaussian,Extents vs DeepHull-convex,175,0.8958427964635387
50,10000,gaussian,Extents vs DeepHull-convex,176,0.9090086635593486
50,10000,gaussian,Extents vs DeepHull-convex,177,0.9925869389558453
50,10000,gaussian,Extents vs DeepHull-convex,178,1.2155002336124516
50,10000,gaussian,Extents vs DeepHull-convex,179,1.4034147327368778
50,10000,gaussian,Extents vs DeepHull-convex,180,1.754891725433025
50,10000,gaussian,Extents vs DeepHull-convex,181,0.9077504372722318
50,10000,gaussian,Extents vs DeepHull-convex,182,1.5940686088309532
50,10000,gaussian,Extents vs DeepHull-convex,183,0.9378468806251696
50,10000,gaussian,Extents vs DeepHull-convex,184,1.6171086947741256
50,10000,gaussian,Extents vs DeepHull-convex,185,0.2237732038061795
50,10000,gaussian,Extents vs DeepHull-convex,186,0.850069717991573
50,10000,gaussian,Extents vs DeepHull-convex,187,2.1035162488432846
50,10000,gaussian,Extents vs DeepHull-convex,188,0.9746334470525944
50,10000,gaussian,Extents vs DeepHull-convex,189,1.4291222497422378
50,10000,gaussian,Extents vs DeepHull-convex,190,0.8402462824081924
50,10000,gaussian,Extents vs DeepHull-convex,191,0.2598226544299598
50,10000,gaussian,Extents vs DeepHull-convex,192,1.0368687637762113
50,10000,gaussian,Extents vs DeepHull-convex,193,0.3053976001402625
50,10000,gaussian,Extents vs DeepHull-convex,194,0.08734071976573476
50,10000,gaussian,Extents vs DeepHull-convex,195,1.2978080542712
50,10000,gaussian,Extents vs DeepHull-convex,196,1.6727193155093496
50,10000,gaussian,Extents vs DeepHull-convex,197,0.0
50,10000,gaussian,Extents vs DeepHull-convex,198,0.3721224050517873
50,10000,gaussian,Extents vs DeepHull-convex,199,0.9162049411050677
50,10000,gaussian,Extents vs DeepHull-convex,200,1.3783800882697435
50,10000,gaussian,Extents vs DeepHull-convex,201,2.3098543770342017
50,10000,gaussian,Extents vs DeepHull-convex,202,1.1797626022358119
50,10000,gaussian,Extents vs DeepHull-convex,203,1.0886897447683066
50,10000,gaussian,Extents vs DeepHull-convex,204,1.7141641618363568
50,10000,gaussian,Extents vs DeepHull-convex,205,1.0138568066530973
50,10000,gaussian,Extents vs DeepHull-convex,206,8.881784197001252e-16
50,10000,gaussian,Extents vs DeepHull-convex,207,1.186524307792526
50,10000,gaussian,Extents vs DeepHull-convex,208,0.8539179625222673
50,10000,gaussian,Extents vs DeepHull-convex,209,0.32960766149565535
50,10000,gaussian,Extents vs DeepHull-convex,210,1.269201130621691
50,10000,gaussian,Extents vs DeepHull-convex,211,1.1628314806701507
50,10000,gaussian,Extents vs DeepHull-convex,212,0.09219132059161694
50,10000,gaussian,Extents vs DeepHull-convex,213,1.455363492147641
50,10000,gaussian,Extents vs DeepHull-convex,214,0.0
50,10000,gaussian,Extents vs DeepHull-convex,215,0.40755898553815406
50,10000,gaussian,Extents vs DeepHull-convex,216,0.8994246490062732
50,10000,gaussian,Extents vs DeepHull-convex,217,1.2569664894618733
50,10000,gaussian,Extents vs DeepHull-convex,218,0.3602497272844034
50,10000,gaussian,Extents vs DeepHull-convex,219,0.6760021514196057
50,10000,gaussian,Extents vs DeepHull-convex,220,1.9520467900499043
50,10000,gaussian,Extents vs DeepHull-convex,221,1.986058345688558
50,10000,gaussian,Extents vs DeepHull-convex,222,0.3578451490441794
50,10000,gaussian,Extents vs DeepHull-convex,223,0.3881629969158822
50,10000,gaussian,Extents vs DeepHull-convex,224,1.5634829638872505
50,10000,gaussian,Extents vs DeepHull-convex,225,0.22669960186602012
50,10000,gaussian,Extents vs DeepHull-convex,226,1.8182237219579476
50,10000,gaussian,Extents vs DeepHull-convex,227,1.2677408204014846
50,10000,gaussian,Extents vs DeepHull-convex,228,0.550784338185722
50,10000,gaussian,Extents vs DeepHull-convex,229,1.7403511291210472
50,10000,gaussian,Extents vs DeepHull-convex,230,0.21637406043326868
50,10000,gaussian,Extents vs DeepHull-convex,231,0.9275272086124677
50,10000,gaussian,Extents vs DeepHull-convex,232,1.987645416580688
50,10000,gaussian,Extents vs DeepHull-convex,233,0.8284611753064766
50,10000,gaussian,Extents vs DeepHull-convex,234,0.18130109758610935
50,10000,gaussian,Extents vs DeepHull-convex,235,1.3331218841769799
50,10000,gaussian,Extents vs DeepHull-convex,236,1.1193719750609215
50,10000,gaussian,Extents vs DeepHull-convex,237,0.6187170928227299
50,10000,gaussian,Extents vs DeepHull-convex,238,1.2599898528585527
50,10000,gaussian,Extents vs DeepHull-convex,239,1.1931584688740267
50,10000,gaussian,Extents vs DeepHull-convex,240,0.32584188878473164
50,10000,gaussian,Extents vs DeepHull-convex,241,1.9819110105471012
50,10000,gaussian,Extents vs DeepHull-convex,242,1.7953152232604968
50,10000,gaussian,Extents vs DeepHull-convex,243,0.0
50,10000,gaussian,Extents vs DeepHull-convex,244,1.3346061581358393
50,10000,gaussian,Extents vs DeepHull-convex,245,1.5006448737013192
50,10000,gaussian,Extents vs DeepHull-convex,246,1.0614589018130867
50,10000,gaussian,Extents vs DeepHull-convex,247,0.8357907008088767
50,10000,gaussian,Extents vs DeepHull-convex,248,1.1023371781147218
50,10000,gaussian,Extents vs DeepHull-convex,249,0.8997440282151337
50,10000,gaussian,Extents vs DeepHull-convex,250,0.490054477381501
50,10000,gaussian,Extents vs DeepHull-convex,251,1.2590188659763129
50,10000,gaussian,Extents vs DeepHull-convex,252,1.3649666058254715
50,10000,gaussian,Extents vs DeepHull-convex,253,1.804387038936672
50,10000,gaussian,Extents vs DeepHull-convex,254,1.8653374237860323
50,10000,gaussian,Extents vs DeepHull-convex,255,1.8941605653076379
50,10000,gaussian,MVEE vs DeepHull-original,0,2.2983680036929672
50,10000,gaussian,MVEE vs DeepHull-original,1,0.655681253936435
50,10000,gaussian,MVEE vs DeepHull-original,2,1.202274381870325
50,10000,gaussian,MVEE vs DeepHull-original,3,0.9289561762617249
50,10000,gaussian,MVEE vs DeepHull-original,4,0.3927072402971854
50,10000,gaussian,MVEE vs DeepHull-original,5,1.1885833619456274
50,10000,gaussian,MVEE vs DeepHull-original,6,1.1628001875910758
50,10000,gaussian,MVEE vs DeepHull-original,7,1.7640535425688673
50,10000,gaussian,MVEE vs DeepHull-original,8,0.4776404031427215
50,10000,gaussian,MVEE vs DeepHull-original,9,1.0079474565980586
50,10000,gaussian,MVEE vs DeepHull-original,10,1.2962011665610527
50,10000,gaussian,MVEE vs DeepHull-original,11,1.4994010005158231
50,10000,gaussian,MVEE vs DeepHull-original,12,1.0252826508394
50,10000,gaussian,MVEE vs DeepHull-original,13,1.0466710465823987
50,10000,gaussian,MVEE vs DeepHull-original,14,1.0532061842490736
50,10000,gaussian,MVEE vs DeepHull-original,15,1.3012608190680457
50,10000,gaussian,MVEE vs DeepHull-original,16,1.414756330361644
50,10000,gaussian,MVEE vs DeepHull-original,17,1.2674802533032963
50,10000,gaussian,MVEE vs DeepHull-original,18,0.7214104878786456
50,10000,gaussian,MVEE vs DeepHull-original,19,0.0
50,10000,gaussian,MVEE vs DeepHull-original,20,0.45666264549704105
50,10000,gaussian,MVEE vs DeepHull-original,21,0.7210248951953087
50,10000,gaussian,MVEE vs DeepHull-original,22,0.7302970491360636
50,10000,gaussian,MVEE vs DeepHull-original,23,0.8242153468256284
50,10000,gaussian,MVEE vs DeepHull-original,24,0.2905270703248646
50,10000,gaussian,MVEE vs DeepHull-original,25,0.2225713933588529
50,10000,gaussian,MVEE vs DeepHull-original,26,1.3996995377227157
50,10000,gaussian,MVEE vs DeepHull-original,27,1.1861406067587548
50,10000,gaussian,MVEE vs DeepHull-original,28,2.0865843534991892
50,10000,gaussian,MVEE vs DeepHull-original,29,1.5243957680222224
50,10000,gaussian,MVEE vs DeepHull-original,30,1.1599500620995093
50,10000,gaussian,MVEE vs DeepHull-original,31,1.4753220446289572
50,10000,gaussian,MVEE vs DeepHull-original,32,1.1044241073482042
50,10000,gaussian,MVEE vs DeepHull-original,33,1.8249009824688598
50,10000,gaussian,MVEE vs DeepHull-original,34,1.2067094718591358
50,10000,gaussian,MVEE vs DeepHull-original,35,0.9664403566008097
50,10000,gaussian,MVEE vs DeepHull-original,36,0.0
50,10000,gaussian,MVEE vs DeepHull-original,37,1.4116413038117386
50,10000,gaussian,MVEE vs DeepHull-original,38,1.3569516583485122
50,10000,gaussian,MVEE vs DeepHull-original,39,1.754502538847657
50,10000,gaussian,MVEE vs DeepHull-original,40,1.2084116486928969
50,10000,gaussian,MVEE vs DeepHull-original,41,0.8641488839611102
50,10000,gaussian,MVEE vs DeepHull-original,42,1.1431432084968722
50,10000,gaussian,MVEE vs DeepHull-original,43,0.8200321096866305
50,10000,gaussian,MVEE vs DeepHull-original,44,1.503006559149453
50,10000,gaussian,MVEE vs DeepHull-original,45,1.3459991994744247
50,10000,gaussian,MVEE vs DeepHull-original,46,1.193754223187346
50,10000,gaussian,MVEE vs DeepHull-original,47,0.637619157916371
50,10000,gaussian,MVEE vs DeepHull-original,48,1.0848962767855461
50,10000,gaussian,MVEE vs DeepHull-original,49,1.2625449894233025
50,10000,gaussian,MVEE vs DeepHull-original,50,1.4421449788601501
50,10000,gaussian,MVEE vs DeepHull-original,51,0.49092584207485457
50,10000,gaussian,MVEE vs DeepHull-original,52,1.505660060545112
50,10000,gaussian,MVEE vs DeepHull-original,53,1.630217859382488
50,10000,gaussian,MVEE vs DeepHull-original,54,1.0519840209785944
50,10000,gaussian,MVEE vs DeepHull-original,55,1.5334828534534468
50,10000,gaussian,MVEE vs DeepHull-original,56,1.4699639909831272
50,10000,gaussian,MVEE vs DeepHull-original,57,1.2526151948272939
50,10000,gaussian,MVEE vs DeepHull-original,58,0.9959798386730694
50,10000,gaussian,MVEE vs DeepHull-original,59,1.8124338193985787
50,10000,gaussian,MVEE vs DeepHull-original,60,1.4046363871082408
50,10000,gaussian,MVEE vs DeepHull-original,61,1.5634094072105538
50,10000,gaussian,MVEE vs DeepHull-original,62,2.049455256987303
50,10000,gaussian,MVEE vs DeepHull-original,63,1.23807287529644
50,10000,gaussian,MVEE vs DeepHull-original,64,1.202692985159578
50,10000,gaussian,MVEE vs DeepHull-original,65,1.0932035197525642
50,10000,gaussian,MVEE vs DeepHull-original,66,0.8615158347734768
50,10000,gaussian,MVEE vs DeepHull-original,67,1.6173701382504695
50,10000,gaussian,MVEE vs DeepHull-original,68,1.217200959996999
50,10000,gaussian,MVEE vs DeepHull-original,69,0.6797383565401525
50,10000,gaussian,MVEE vs DeepHull-original,70,0.7301362736510415
50,10000,gaussian,MVEE vs DeepHull-original,71,1.6953523056476156
50,10000,gaussian,MVEE vs DeepHull-original,72,1.7051248896820779
50,10000,gaussian,MVEE vs DeepHull-original,73,1.1097117714013212
50,10000,gaussian,MVEE vs DeepHull-original,74,1.7267148876967109
50,10000,gaussian,MVEE vs DeepHull-original,75,1.0364631091117507
50,10000,gaussian,MVEE vs DeepHull-original,76,0.8094715092495939
50,10000,gaussian,MVEE vs DeepHull-original,77,1.6174744841036661
50,10000,gaussian,MVEE vs DeepHull-original,78,0.0
50,10000,gaussian,MVEE vs DeepHull-original,79,1.2912637977524117
50,10000,gaussian,MVEE vs DeepHull-original,80,1.2448564345164213
50,10000,gaussian,MVEE vs DeepHull-original,81,1.1663629728177087
50,10000,gaussian,MVEE vs DeepHull-original,82,0.6801636932759385
50,10000,gaussian,MVEE vs DeepHull-original,83,1.2621060086227383
50,10000,gaussian,MVEE vs DeepHull-original,84,1.1518221632956722
50,10000,gaussian,MVEE vs DeepHull-original,85,1.16226006636635
50,10000,gaussian,MVEE vs DeepHull-original,86,1.2704000598745693
50,10000,gaussian,MVEE vs DeepHull-original,87,1.4282924376781851
50,10000,gaussian,MVEE vs DeepHull-original,88,1.581324082712969
50,10000,gaussian,MVEE vs DeepHull-original,89,1.1504732011387542
50,10000,gaussian,MVEE vs DeepHull-original,90,0.9949276783820462
50,10000,gaussian,MVEE vs DeepHull-original,91,1.151270487458166
50,10000,gaussian,MVEE vs DeepHull-original,92,1.2704367353535273
50,10000,gaussian,MVEE vs DeepHull-original,93,1.2962575367656244
50,10000,gaussian,MVEE vs DeepHull-original,94,1.0433446224423246
50,10000,gaussian,MVEE vs DeepHull-original,95,2.011526231621491
50,10000,gaussian,MVEE vs DeepHull-original,96,1.314349635144356
50,10000,gaussian,MVEE vs DeepHull-original,97,1.16851031266559
50,10000,gaussian,MVEE vs DeepHull-original,98,1.7999238209513528
50,10000,gaussian,MVEE vs DeepHull-original,99,0.736014682396593
50,10000,gaussian,MVEE vs DeepHull-original,100,1.2069334204825748
50,10000,gaussian,MVEE vs DeepHull-original,101,1.0378572803159178
50,10000,gaussian,MVEE vs DeepHull-original,102,0.7103429252795339
50,10000,gaussian,MVEE vs DeepHull-original,103,0.9651608423129843
50,10000,gaussian,MVEE vs DeepHull-original,104,1.1958916404932727
50,10000,gaussian,MVEE vs DeepHull-original,105,1.1200119606556924
50,10000,gaussian,MVEE vs DeepHull-original,106,1.5028112346537799
50,10000,gaussian,MVEE vs DeepHull-original,107,1.5400673397062397
50,10000,gaussian,MVEE vs DeepHull-original,108,0.8089265069494691
50,10000,gaussian,MVEE vs DeepHull-original,109,1.408130991579695
50,10000,gaussian,MVEE vs DeepHull-original,110,1.2378575985178453
50,10000,gaussian,MVEE vs DeepHull-original,111,1.1980408496543726
50,10000,gaussian,MVEE vs DeepHull-original,112,1.3081569593119375
50,10000,gaussian,MVEE vs DeepHull-original,113,1.1629713876756238
50,10000,gaussian,MVEE vs DeepHull-original,114,1.4441873254146183
50,10000,gaussian,MVEE vs DeepHull-original,115,0.9737137475383149
50,10000,gaussian,MVEE vs DeepHull-original,116,1.3920992803809207
50,10000,gaussian,MVEE vs DeepHull-original,117,1.6406821533245195
50,10000,gaussian,MVEE vs DeepHull-original,118,1.5749913437110419
50,10000,gaussian,MVEE vs DeepHull-original,119,1.1476051716962135
50,10000,gaussian,MVEE vs DeepHull-original,120,1.354226729003537
50,10000,gaussian,MVEE vs DeepHull-original,121,1.380779651735109
50,10000,gaussian,MVEE vs DeepHull-original,122,1.321575202859339
50,10000,gaussian,MVEE vs DeepHull-original,123,1.3808155433632652
50,10000,gaussian,MVEE vs DeepHull-original,124,0.7771416045324724
50,10000,gaussian,MVEE vs DeepHull-original,125,1.6764048455005258
50,10000,gaussian,MVEE vs DeepHull-original,126,1.3092516682779285
50,10000,gaussian,MVEE vs DeepHull-original,127,1.1288942457441247
50,10000,gaussian,MVEE vs DeepHull-original,128,1.5680439356415672
50,10000,gaussian,MVEE vs DeepHull-original,129,1.3955455234200786
50,10000,gaussian,MVEE vs DeepHull-original,130,1.1560389213303934
50,10000,gaussian,MVEE vs DeepHull-original,131,0.6623470333451853
50,10000,gaussian,MVEE vs DeepHull-original,132,0.9485435580873924
50,10000,gaussian,MVEE vs DeepHull-original,133,1.126181338848836
50,10000,gaussian,MVEE vs DeepHull-original,134,1.5211424500583564
50,10000,gaussian,MVEE vs DeepHull-original,135,2.105773588463876
50,10000,gaussian,MVEE vs DeepHull-original,136,2.055949534074565
50,10000,gaussian,MVEE vs DeepHull-original,137,0.9832876529440482
50,10000,gaussian,MVEE vs DeepHull-original,138,1.5657014518685772
50,10000,gaussian,MVEE vs DeepHull-original,139,1.1207841061550876
50,10000,gaussian,MVEE vs DeepHull-original,140,1.1730911012084637
50,10000,gaussian,MVEE vs DeepHull-original,141,0.40306173546982604
50,10000,gaussian,MVEE vs DeepHull-original,142,0.6513694637092142
50,10000,gaussian,MVEE vs DeepHull-original,143,0.7868688985236374
50,10000,gaussian,MVEE vs DeepHull-original,144,2.1067595111327675
50,10000,gaussian,MVEE vs DeepHull-original,145,1.294277077250649
50,10000,gaussian,MVEE vs DeepHull-original,146,1.6233047798930684
50,10000,gaussian,MVEE vs DeepHull-original,147,0.8891548660298139
50,10000,gaussian,MVEE vs DeepHull-original,148,1.6966065745279737
50,10000,gaussian,MVEE vs DeepHull-original,149,0.30348037904672776
50,10000,gaussian,MVEE vs DeepHull-original,150,1.8643514965387178
50,10000,gaussian,MVEE vs DeepHull-original,151,1.0648292874896161
50,10000,gaussian,MVEE vs DeepHull-original,152,1.0649909268247038
50,10000,gaussian,MVEE vs DeepHull-original,153,1.063995735791361
50,10000,gaussian,MVEE vs DeepHull-original,154,1.172369362154035
50,10000,gaussian,MVEE vs DeepHull-original,155,0.56942143252388
50,10000,gaussian,MVEE vs DeepHull-original,156,1.1219174534353518
50,10000,gaussian,MVEE vs DeepHull-original,157,1.1320336515230383
50,10000,gaussian,MVEE vs DeepHull-original,158,1.229857415500271
50,10000,gaussian,MVEE vs DeepHull-original,159,1.084476620923938
50,10000,gaussian,MVEE vs DeepHull-original,160,1.390593858276834
50,10000,gaussian,MVEE vs DeepHull-original,161,1.0982492387870142
50,10000,gaussian,MVEE vs DeepHull-original,162,1.474544264904852
50,10000,gaussian,MVEE vs DeepHull-original,163,0.6522805757081289
50,10000,gaussian,MVEE vs DeepHull-original,164,0.9682826544548648
50,10000,gaussian,MVEE vs DeepHull-original,165,0.7615867950362278
50,10000,gaussian,MVEE vs DeepHull-original,166,1.3777777645848506
50,10000,gaussian,MVEE vs DeepHull-original,167,0.721759328306177
50,10000,gaussian,MVEE vs DeepHull-original,168,0.9342294686307455
50,10000,gaussian,MVEE vs DeepHull-original,169,1.9560724555506872
50,10000,gaussian,MVEE vs DeepHull-original,170,1.5115291505075072
50,10000,gaussian,MVEE vs DeepHull-original,171,0.9077696047851838
50,10000,gaussian,MVEE vs DeepHull-original,172,1.9571706148844625
50,10000,gaussian,MVEE vs DeepHull-original,173,1.1123462790850571
50,10000,gaussian,MVEE vs DeepHull-original,174,1.3639722121620592
50,10000,gaussian,MVEE vs DeepHull-original,175,0.779004667103669
50,10000,gaussian,MVEE vs DeepHull-original,176,0.899168780305071
50,10000,gaussian,MVEE vs DeepHull-original,177,0.962661009678041
50,10000,gaussian,MVEE vs DeepHull-original,178,0.8965694505759303
50,10000,gaussian,MVEE vs DeepHull-original,179,1.6628498357192738
50,10000,gaussian,MVEE vs DeepHull-original,180,1.3066807295759246
50,10000,gaussian,MVEE vs DeepHull-original,181,1.1188174762406762
50,10000,gaussian,MVEE vs DeepHull-original,182,0.6841369406888003
50,10000,gaussian,MVEE vs DeepHull-original,183,0.9830753280980118
50,10000,gaussian,MVEE vs DeepHull-original,184,1.508298451370421
50,10000,gaussian,MVEE vs DeepHull-original,185,1.5989090993655621
50,10000,gaussian,MVEE vs DeepHull-original,186,0.1077704379770732
50,10000,gaussian,MVEE vs DeepHull-original,187,1.3157148646581214
50,10000,gaussian,MVEE vs DeepHull-original,188,1.9203161515612526
50,10000,gaussian,MVEE vs DeepHull-original,189,1.4861858962868213
50,10000,gaussian,MVEE vs DeepHull-original,190,1.2659791648501626
50,10000,gaussian,MVEE vs DeepHull-original,191,1.0217226093156404
50,10000,gaussian,MVEE vs DeepHull-original,192,0.8550504295311052
50,10000,gaussian,MVEE vs DeepHull-original,193,1.0870255956356951
50,10000,gaussian,MVEE vs DeepHull-original,194,0.8477132365628619
50,10000,gaussian,MVEE vs DeepHull-original,195,1.440288428612684
50,10000,gaussian,MVEE vs DeepHull-original,196,1.3254024345532929
50,10000,gaussian,MVEE vs DeepHull-original,197,0.8098669065400428
50,10000,gaussian,MVEE vs DeepHull-original,198,1.2214062088969095
50,10000,gaussian,MVEE vs DeepHull-original,199,1.2199591977625095
50,10000,gaussian,MVEE vs DeepHull-original,200,1.8762979191717453
50,10000,gaussian,MVEE vs DeepHull-original,201,1.8569960110021424
50,10000,gaussian,MVEE vs DeepHull-original,202,1.4485294726036617
50,10000,gaussian,MVEE vs DeepHull-original,203,0.44735586162977015
50,10000,gaussian,MVEE vs DeepHull-original,204,1.7453326415000472
50,10000,gaussian,MVEE vs DeepHull-original,205,0.6948464585859595
50,10000,gaussian,MVEE vs DeepHull-original,206,0.8385447325326776
50,10000,gaussian,MVEE vs DeepHull-original,207,1.5335717908672328
50,10000,gaussian,MVEE vs DeepHull-original,208,1.7664903993388905
50,10000,gaussian,MVEE vs DeepHull-original,209,0.9441194828071133
50,10000,gaussian,MVEE vs DeepHull-original,210,1.5452708537884736
50,10000,gaussian,MVEE vs DeepHull-original,211,1.1153786905615304
50,10000,gaussian,MVEE vs DeepHull-original,212,0.6846328085688906
50,10000,gaussian,MVEE vs DeepHull-original,213,1.4376176561461984
50,10000,gaussian,MVEE vs DeepHull-original,214,1.8978409685610085
50,10000,gaussian,MVEE vs DeepHull-original,215,1.1777261789807503
50,10000,gaussian,MVEE vs DeepHull-original,216,1.274908443116965
50,10000,gaussian,MVEE vs DeepHull-original,217,1.1298007772887135
50,10000,gaussian,MVEE vs DeepHull-original,218,1.2286455102470482
50,10000,gaussian,MVEE vs DeepHull-original,219,1.3106353630094985
50,10000,gaussian,MVEE vs DeepHull-original,220,1.7169781929068657
50,10000,gaussian,MVEE vs DeepHull-original,221,1.258322372796562
50,10000,gaussian,MVEE vs DeepHull-original,222,1.499774398667671
50,10000,gaussian,MVEE vs DeepHull-original,223,0.8525716480881509
50,10000,gaussian,MVEE vs DeepHull-original,224,1.725551257096703
50,10000,gaussian,MVEE vs DeepHull-original,225,0.9480727282577124
50,10000,gaussian,MVEE vs DeepHull-original,226,1.6782447757674932
50,10000,gaussian,MVEE vs DeepHull-original,227,2.1878126062726544
50,10000,gaussian,MVEE vs DeepHull-original,228,1.3815972571568005
50,10000,gaussian,MVEE vs DeepHull-original,229,1.900945583460177
50,10000,gaussian,MVEE vs DeepHull-original,230,1.4925285933754433
50,10000,gaussian,MVEE vs DeepHull-original,231,1.896589313089432
50,10000,gaussian,MVEE vs DeepHull-original,232,1.1025137727387861
50,10000,gaussian,MVEE vs DeepHull-original,233,0.9917059375557753
50,10000,gaussian,MVEE vs DeepHull-original,234,0.9064504334328225
50,10000,gaussian,MVEE vs DeepHull-original,235,1.1936636566916112
50,10000,gaussian,MVEE vs DeepHull-original,236,1.02546350985498
50,10000,gaussian,MVEE vs DeepHull-original,237,1.6562371045784046
50,10000,gaussian,MVEE vs DeepHull-original,238,1.5684883088391002
50,10000,gaussian,MVEE vs DeepHull-original,239,1.5402775642023534
50,10000,gaussian,MVEE vs DeepHull-original,240,0.07467450584930546
50,10000,gaussian,MVEE vs DeepHull-original,241,1.4593962550337518
50,10000,gaussian,MVEE vs DeepHull-original,242,0.8541386012281742
50,10000,gaussian,MVEE vs DeepHull-original,243,1.005563119626939
50,10000,gaussian,MVEE vs DeepHull-original,244,1.1208221669907767
50,10000,gaussian,MVEE vs DeepHull-original,245,1.1566718629016843
50,10000,gaussian,MVEE vs DeepHull-original,246,1.2250276803906666
50,10000,gaussian,MVEE vs DeepHull-original,247,0.9035912895242049
50,10000,gaussian,MVEE vs DeepHull-original,248,1.1237819455828646
50,10000,gaussian,MVEE vs DeepHull-original,249,1.454482856979665
50,10000,gaussian,MVEE vs DeepHull-original,250,0.9823151652593194
50,10000,gaussian,MVEE vs DeepHull-original,251,1.544044975026141
50,10000,gaussian,MVEE vs DeepHull-original,252,1.526778165261507
50,10000,gaussian,MVEE vs DeepHull-original,253,1.6075031014746848
50,10000,gaussian,MVEE vs DeepHull-original,254,1.1859205107501458
50,10000,gaussian,MVEE vs DeepHull-original,255,1.2371814651308946
50,10000,gaussian,MVEE vs DeepHull-convex,0,0.6151799078922022
50,10000,gaussian,MVEE vs DeepHull-convex,1,1.657672522138186
50,10000,gaussian,MVEE vs DeepHull-convex,2,0.5181849932403035
50,10000,gaussian,MVEE vs DeepHull-convex,3,0.4100499746839188
50,10000,gaussian,MVEE vs DeepHull-convex,4,1.728169552184092
50,10000,gaussian,MVEE vs DeepHull-convex,5,0.32647198095694296
50,10000,gaussian,MVEE vs DeepHull-convex,6,0.9628808007829381
50,10000,gaussian,MVEE vs DeepHull-convex,7,1.2997873830637643
50,10000,gaussian,MVEE vs DeepHull-convex,8,0.8779091931542893
50,10000,gaussian,MVEE vs DeepHull-convex,9,0.7442359033696582
50,10000,gaussian,MVEE vs DeepHull-convex,10,1.3620894231917917
50,10000,gaussian,MVEE vs DeepHull-convex,11,1.3051265163540278
50,10000,gaussian,MVEE vs DeepHull-convex,12,1.2884192495762985
50,10000,gaussian,MVEE vs DeepHull-convex,13,0.6937183833031604
50,10000,gaussian,MVEE vs DeepHull-convex,14,1.829122184763274
50,10000,gaussian,MVEE vs DeepHull-convex,15,1.053628270859669
50,10000,gaussian,MVEE vs DeepHull-convex,16,1.0377467170759629
50,10000,gaussian,MVEE vs DeepHull-convex,17,1.6512054768842042
50,10000,gaussian,MVEE vs DeepHull-convex,18,0.594090701983363
50,10000,gaussian,MVEE vs DeepHull-convex,19,0.7229545632143892
50,10000,gaussian,MVEE vs DeepHull-convex,20,0.20512097265288265
50,10000,gaussian,MVEE vs DeepHull-convex,21,0.6627912643687377
50,10000,gaussian,MVEE vs DeepHull-convex,22,0.7828496589178753
50,10000,gaussian,MVEE vs DeepHull-convex,23,0.13734741311446408
50,10000,gaussian,MVEE vs DeepHull-convex,24,1.0863461887405548
50,10000,gaussian,MVEE vs DeepHull-convex,25,0.5041983375561387
50,10000,gaussian,MVEE vs DeepHull-convex,26,1.5056376371473656
50,10000,gaussian,MVEE vs DeepHull-convex,27,0.6237103237981239
50,10000,gaussian,MVEE vs DeepHull-convex,28,1.4189346704408465
50,10000,gaussian,MVEE vs DeepHull-convex,29,1.4988067817683048
50,10000,gaussian,MVEE vs DeepHull-convex,30,1.0221847936798047
50,10000,gaussian,MVEE vs DeepHull-convex,31,0.7952281969057582
50,10000,gaussian,MVEE vs DeepHull-convex,32,0.9528951163330794
50,10000,gaussian,MVEE vs DeepHull-convex,33,1.52626266109675
50,10000,gaussian,MVEE vs DeepHull-convex,34,1.782120938484883
50,10000,gaussian,MVEE vs DeepHull-convex,35,1.6577758283090653
50,10000,gaussian,MVEE vs DeepHull-convex,36,0.7595184177841121
50,10000,gaussian,MVEE vs DeepHull-convex,37,1.0293318864053158
50,10000,gaussian,MVEE vs DeepHull-convex,38,0.4052203064440616
50,10000,gaussian,MVEE vs DeepHull-convex,39,1.6540172258321726
50,10000,gaussian,MVEE vs DeepHull-convex,40,0.0
50,10000,gaussian,MVEE vs DeepHull-convex,41,0.7348926563756861
50,10000,gaussian,MVEE vs DeepHull-convex,42,0.7270783360102384
50,10000,gaussian,MVEE vs DeepHull-convex,43,0.49067821082341556
50,10000,gaussian,MVEE vs DeepHull-convex,44,0.7533660530414354
50,10000,gaussian,MVEE vs DeepHull-convex,45,0.42516796076034646
50,10000,gaussian,MVEE vs DeepHull-convex,46,1.3603700939664354
50,10000,gaussian,MVEE vs DeepHull-convex,47,0.623935277995159
50,10000,gaussian,MVEE vs DeepHull-convex,48,1.0398137449744516
50,10000,gaussian,MVEE vs DeepHull-convex,49,0.3014400645318456
50,10000,gaussian,MVEE vs DeepHull-convex,50,0.7559269966628577
50,10000,gaussian,MVEE vs DeepHull-convex,51,1.7580698938601247
50,10000,gaussian,MVEE vs DeepHull-convex,52,1.5649157198967578
50,10000,gaussian,MVEE vs DeepHull-convex,53,0.9561453509527063
50,10000,gaussian,MVEE vs DeepHull-convex,54,0.9562369667306072
50,10000,gaussian,MVEE vs DeepHull-convex,55,1.7845209971248468
50,10000,gaussian,MVEE vs DeepHull-convex,56,1.0756377998105728
50,10000,gaussian,MVEE vs DeepHull-convex,57,0.914643976853339
50,10000,gaussian,MVEE vs DeepHull-convex,58,1.0736518401381276
50,10000,gaussian,MVEE vs DeepHull-convex,59,0.6399010309116853
50,10000,gaussian,MVEE vs DeepHull-convex,60,1.0388623101221568
50,10000,gaussian,MVEE vs DeepHull-convex,61,1.14410685090733
50,10000,gaussian,MVEE vs DeepHull-convex,62,1.6348754608504743
50,10000,gaussian,MVEE vs DeepHull-convex,63,1.0324751052287005
50,10000,gaussian,MVEE vs DeepHull-convex,64,0.4282112382545702
50,10000,gaussian,MVEE vs DeepHull-convex,65,0.3847568272709845
50,10000,gaussian,MVEE vs DeepHull-convex,66,0.10866488633947924
50,10000,gaussian,MVEE vs DeepHull-convex,67,1.6877768825898862
50,10000,gaussian,MVEE vs DeepHull-convex,68,1.0475687583107485
50,10000,gaussian,MVEE vs DeepHull-convex,69,2.1273162219073596
50,10000,gaussian,MVEE vs DeepHull-convex,70,0.42021197188389614
50,10000,gaussian,MVEE vs DeepHull-convex,71,1.0394107628845761
50,10000,gaussian,MVEE vs DeepHull-convex,72,1.607980690132689
50,10000,gaussian,MVEE vs DeepHull-convex,73,1.391111000509812
50,10000,gaussian,MVEE vs DeepHull-convex,74,1.1678321478403142
50,10000,gaussian,MVEE vs DeepHull-convex,75,0.7029232303198789
50,10000,gaussian,MVEE vs DeepHull-convex,76,0.7716710952420827
50,10000,gaussian,MVEE vs DeepHull-convex,77,1.8262943492605095
50,10000,gaussian,MVEE vs DeepHull-convex,78,0.29649105638390294
50,10000,gaussian,MVEE vs DeepHull-convex,79,0.7270907008613605
50,10000,gaussian,MVEE vs DeepHull-convex,80,1.1842823447593303
50,10000,gaussian,MVEE vs DeepHull-convex,81,1.4980010892908395
50,10000,gaussian,MVEE vs DeepHull-convex,82,0.9583267041454082
50,10000,gaussian,MVEE vs DeepHull-convex,83,1.0070756422919667
50,10000,gaussian,MVEE vs DeepHull-convex,84,0.7155205603986028
50,10000,gaussian,MVEE vs DeepHull-convex,85,1.336118046833428
50,10000,gaussian,MVEE vs DeepHull-convex,86,1.1957268377644352
50,10000,gaussian,MVEE vs DeepHull-convex,87,1.4453133327473717
50,10000,gaussian,MVEE vs DeepHull-convex,88,1.794232275072389
50,10000,gaussian,MVEE vs DeepHull-convex,89,0.9329238290438102
50,10000,gaussian,MVEE vs DeepHull-convex,90,0.9394966778008755
50,10000,gaussian,MVEE vs DeepHull-convex,91,0.5904091099532991
50,10000,gaussian,MVEE vs DeepHull-convex,92,1.4264483160138437
50,10000,gaussian,MVEE vs DeepHull-convex,93,1.6911007531905833
50,10000,gaussian,MVEE vs DeepHull-convex,94,1.3040428488924116
50,10000,gaussian,MVEE vs DeepHull-convex,95,1.080643909446267
50,10000,gaussian,MVEE vs DeepHull-convex,96,0.575126783244496
50,10000,gaussian,MVEE vs DeepHull-convex,97,0.8368211480413934
50,10000,gaussian,MVEE vs DeepHull-convex,98,1.9310592308911632
50,10000,gaussian,MVEE vs DeepHull-convex,99,0.7740172712338966
50,10000,gaussian,MVEE vs DeepHull-convex,100,0.5678685055499573
50,10000,gaussian,MVEE vs DeepHull-convex,101,0.6744115767202405
50,10000,gaussian,MVEE vs DeepHull-convex,102,1.1575710935009917
50,10000,gaussian,MVEE vs DeepHull-convex,103,1.034588856440933
50,10000,gaussian,MVEE vs DeepHull-convex,104,1.328120172898019
50,10000,gaussian,MVEE vs DeepHull-convex,105,0.22947651513597433
50,10000,gaussian,MVEE vs DeepHull-convex,106,0.9075108581075237
50,10000,gaussian,MVEE vs DeepHull-convex,107,1.1380515705700491
50,10000,gaussian,MVEE vs DeepHull-convex,108,0.43192797047678066
50,10000,gaussian,MVEE vs DeepHull-convex,109,0.8062213271038958
50,10000,gaussian,MVEE vs DeepHull-convex,110,1.7608337751848517
50,10000,gaussian,MVEE vs DeepHull-convex,111,1.3908684224781496
50,10000,gaussian,MVEE vs DeepHull-convex,112,1.324003626436237
50,10000,gaussian,MVEE vs DeepHull-convex,113,0.9176582330890604
50,10000,gaussian,MVEE vs DeepHull-convex,114,1.604016739379785
50,10000,gaussian,MVEE vs DeepHull-convex,115,0.2155176949451727
50,10000,gaussian,MVEE vs DeepHull-convex,116,1.0436944972735438
50,10000,gaussian,MVEE vs DeepHull-convex,117,1.0388407855890323
50,10000,gaussian,MVEE vs DeepHull-convex,118,1.0094706899480244
50,10000,gaussian,MVEE vs DeepHull-convex,119,0.8453367703497752
50,10000,gaussian,MVEE vs DeepHull-convex,120,0.6122216390056003
50,10000,gaussian,MVEE vs DeepHull-convex,121,1.2335615464824428
50,10000,gaussian,MVEE vs DeepHull-convex,122,1.3787515980102074
50,10000,gaussian,MVEE vs DeepHull-convex,123,1.2265704645432474
50,10000,gaussian,MVEE vs DeepHull-convex,124,0.7287551558050449
50,10000,gaussian,MVEE vs DeepHull-convex,125,1.6337079530516703
50,10000,gaussian,MVEE vs DeepHull-convex,126,0.24022555630952835
50,10000,gaussian,MVEE vs DeepHull-convex,127,1.4148564942730792
50,10000,gaussian,MVEE vs DeepHull-convex,128,0.0
50,10000,gaussian,MVEE vs DeepHull-convex,129,1.3209123351567658
50,10000,gaussian,MVEE vs DeepHull-convex,130,1.417676447484451
50,10000,gaussian,MVEE vs DeepHull-convex,131,1.500739899453928
50,10000,gaussian,MVEE vs DeepHull-convex,132,0.8636468131084065
50,10000,gaussian,MVEE vs DeepHull-convex,133,0.9819265478828121
50,10000,gaussian,MVEE vs DeepHull-convex,134,1.3257269138347523
50,10000,gaussian,MVEE vs DeepHull-convex,135,1.4667841796703076
50,10000,gaussian,MVEE vs DeepHull-convex,136,2.152760503810601
50,10000,gaussian,MVEE vs DeepHull-convex,137,0.4823878852432504
50,10000,gaussian,MVEE vs DeepHull-convex,138,1.1722105598372647
50,10000,gaussian,MVEE vs DeepHull-convex,139,1.9635380123189692
50,10000,gaussian,MVEE vs DeepHull-convex,140,1.0543979840476776
50,10000,gaussian,MVEE vs DeepHull-convex,141,0.9644083487540784
50,10000,gaussian,MVEE vs DeepHull-convex,142,0.5747368147768521
50,10000,gaussian,MVEE vs DeepHull-convex,143,0.7648076602917933
50,10000,gaussian,MVEE vs DeepHull-convex,144,1.963205588006412
50,10000,gaussian,MVEE vs DeepHull-convex,145,0.22971831111978958
50,10000,gaussian,MVEE vs DeepHull-convex,146,2.398932459289963
50,10000,gaussian,MVEE vs DeepHull-convex,147,1.6035994433447749
50,10000,gaussian,MVEE vs DeepHull-convex,148,1.68293812775833
50,10000,gaussian,MVEE vs DeepHull-convex,149,1.671723956526679
50,10000,gaussian,MVEE vs DeepHull-convex,150,1.6070519173149722
50,10000,gaussian,MVEE vs DeepHull-convex,151,1.5848643615636426
50,10000,gaussian,MVEE vs DeepHull-convex,152,0.5809083201346088
50,10000,gaussian,MVEE vs DeepHull-convex,153,1.4389703262326345
50,10000,gaussian,MVEE vs DeepHull-convex,154,0.9530710513207734
50,10000,gaussian,MVEE vs DeepHull-convex,155,1.1477917389343837
50,10000,gaussian,MVEE vs DeepHull-convex,156,0.21332372525860333
50,10000,gaussian,MVEE vs DeepHull-convex,157,1.160742260163048
50,10000,gaussian,MVEE vs DeepHull-convex,158,0.31426012818517357
50,10000,gaussian,MVEE vs DeepHull-convex,159,1.4630671338228118
50,10000,gaussian,MVEE vs DeepHull-convex,160,1.169301096191486
50,10000,gaussian,MVEE vs DeepHull-convex,161,0.7963005727406345
50,10000,gaussian,MVEE vs DeepHull-convex,162,0.6256228344114887
50,10000,gaussian,MVEE vs DeepHull-convex,163,1.2994522661815502
50,10000,gaussian,MVEE vs DeepHull-convex,164,0.9345510935589325
50,10000,gaussian,MVEE vs DeepHull-convex,165,0.7848662496454151
50,10000,gaussian,MVEE vs DeepHull-convex,166,1.545464914305321
50,10000,gaussian,MVEE vs DeepHull-convex,167,0.9606750749864881
50,10000,gaussian,MVEE vs DeepHull-convex,168,0.7409020739086638
50,10000,gaussian,MVEE vs DeepHull-convex,169,1.3681010171389079
50,10000,gaussian,MVEE vs DeepHull-convex,170,0.22466167419710636
50,10000,gaussian,MVEE vs DeepHull-convex,171,0.6461114760102891
50,10000,gaussian,MVEE vs DeepHull-convex,172,1.8988155444795713
50,10000,gaussian,MVEE vs DeepHull-convex,173,0.9828174801056069
50,10000,gaussian,MVEE vs DeepHull-convex,174,0.8892303471776715
50,10000,gaussian,MVEE vs DeepHull-convex,175,0.8958427964635387
50,10000,gaussian,MVEE vs DeepHull-convex,176,0.9277659153352869
50,10000,gaussian,MVEE vs DeepHull-convex,177,0.9925869389558453
50,10000,gaussian,MVEE vs DeepHull-convex,178,1.2155002336124516
50,10000,gaussian,MVEE vs DeepHull-convex,179,1.4034147327368778
50,10000,gaussian,MVEE vs DeepHull-convex,180,1.9737858805570916
50,10000,gaussian,MVEE vs DeepHull-convex,181,1.126819868526023
50,10000,gaussian,MVEE vs DeepHull-convex,182,1.2012672828852478
50,10000,gaussian,MVEE vs DeepHull-convex,183,1.1344967292515955
50,10000,gaussian,MVEE vs DeepHull-convex,184,1.6171086947741256
50,10000,gaussian,MVEE vs DeepHull-convex,185,0.3612976245654007
50,10000,gaussian,MVEE vs DeepHull-convex,186,0.8579670836440136
50,10000,gaussian,MVEE vs DeepHull-convex,187,2.1035162488432846
50,10000,gaussian,MVEE vs DeepHull-convex,188,0.9746334470525944
50,10000,gaussian,MVEE vs DeepHull-convex,189,1.4291222497422378
50,10000,gaussian,MVEE vs DeepHull-convex,190,0.8402462824081924
50,10000,gaussian,MVEE vs DeepHull-convex,191,0.2598226544299598
50,10000,gaussian,MVEE vs DeepHull-convex,192,1.5330283338072221
50,10000,gaussian,MVEE vs DeepHull-convex,193,0.3865147357325167
50,10000,gaussian,MVEE vs DeepHull-convex,194,0.3929657643307838
50,10000,gaussian,MVEE vs DeepHull-convex,195,1.2978080542712
50,10000,gaussian,MVEE vs DeepHull-convex,196,1.6727193155093496
50,10000,gaussian,MVEE vs DeepHull-convex,197,0.0
50,10000,gaussian,MVEE vs DeepHull-convex,198,0.3721224050517873
50,10000,gaussian,MVEE vs DeepHull-convex,199,1.3437558217308543
50,10000,gaussian,MVEE vs DeepHull-convex,200,1.3783800882697435
50,10000,gaussian,MVEE vs DeepHull-convex,201,2.3098543770342017
50,10000,gaussian,MVEE vs DeepHull-convex,202,1.1797626022358119
50,10000,gaussian,MVEE vs DeepHull-convex,203,1.0886897447683066
50,10000,gaussian,MVEE vs DeepHull-convex,204,1.7141641618363568
50,10000,gaussian,MVEE vs DeepHull-convex,205,1.0138568066530973
50,10000,gaussian,MVEE vs DeepHull-convex,206,8.881784197001252e-16
50,10000,gaussian,MVEE vs DeepHull-convex,207,1.6720548732767782
50,10000,gaussian,MVEE vs DeepHull-convex,208,1.335433507619625
50,10000,gaussian,MVEE vs DeepHull-convex,209,0.2595127457583244
50,10000,gaussian,MVEE vs DeepHull-convex,210,1.3367403815676657
50,10000,gaussian,MVEE vs DeepHull-convex,211,1.1628314806701507
50,10000,gaussian,MVEE vs DeepHull-convex,212,0.09219132059161694
50,10000,gaussian,MVEE vs DeepHull-convex,213,1.455363492147641
50,10000,gaussian,MVEE vs DeepHull-convex,214,0.0
50,10000,gaussian,MVEE vs DeepHull-convex,215,0.5021308205964865
50,10000,gaussian,MVEE vs DeepHull-convex,216,0.8994246490062732
50,10000,gaussian,MVEE vs DeepHull-convex,217,1.5906770602263587
50,10000,gaussian,MVEE vs DeepHull-convex,218,0.465736919645229
50,10000,gaussian,MVEE vs DeepHull-convex,219,1.0073972392083355
50,10000,gaussian,MVEE vs DeepHull-convex,220,1.9520467900499043
50,10000,gaussian,MVEE vs DeepHull-convex,221,1.986058345688558
50,10000,gaussian,MVEE vs DeepHull-convex,222,0.3578451490441794
50,10000,gaussian,MVEE vs DeepHull-convex,223,0.4101795390267844
50,10000,gaussian,MVEE vs DeepHull-convex,224,1.5634829638872505
50,10000,gaussian,MVEE vs DeepHull-convex,225,0.262911763344988
50,10000,gaussian,MVEE vs DeepHull-convex,226,1.8182237219579476
50,10000,gaussian,MVEE vs DeepHull-convex,227,1.2677408204014846
50,10000,gaussian,MVEE vs DeepHull-convex,228,0.907831413535362
50,10000,gaussian,MVEE vs DeepHull-convex,229,1.7403511291210472
50,10000,gaussian,MVEE vs DeepHull-convex,230,0.32001775245866915
50,10000,gaussian,MVEE vs DeepHull-convex,231,1.0958933909428383
50,10000,gaussian,MVEE vs DeepHull-convex,232,1.987645416580688
50,10000,gaussian,MVEE vs DeepHull-convex,233,1.089421930796273
50,10000,gaussian,MVEE vs DeepHull-convex,234,0.2591522059294231
50,10000,gaussian,MVEE vs DeepHull-convex,235,1.3331218841769799
50,10000,gaussian,MVEE vs DeepHull-convex,236,1.3644525910723861
50,10000,gaussian,MVEE vs DeepHull-convex,237,0.6507807853804961
50,10000,gaussian,MVEE vs DeepHull-convex,238,2.1435225040635246
50,10000,gaussian,MVEE vs DeepHull-convex,239,1.1931584688740267
50,10000,gaussian,MVEE vs DeepHull-convex,240,0.32584188878473164
50,10000,gaussian,MVEE vs DeepHull-convex,241,1.9819110105471012
50,10000,gaussian,MVEE vs DeepHull-convex,242,0.8583391693562485
50,10000,gaussian,MVEE vs DeepHull-convex,243,0.2153236301038235
50,10000,gaussian,MVEE vs DeepHull-convex,244,1.3346061581358393
50,10000,gaussian,MVEE vs DeepHull-convex,245,1.5006448737013192
50,10000,gaussian,MVEE vs DeepHull-convex,246,1.3393479976711211
50,10000,gaussian,MVEE vs DeepHull-convex,247,1.1693757543691727
50,10000,gaussian,MVEE vs DeepHull-convex,248,1.1023371781147218
50,10000,gaussian,MVEE vs DeepHull-convex,249,0.9802904038638272
50,10000,gaussian,MVEE vs DeepHull-convex,250,0.7149165428590052
50,10000,gaussian,MVEE vs DeepHull-convex,251,1.2590188659763129
50,10000,gaussian,MVEE vs DeepHull-convex,252,1.3649666058254715
50,10000,gaussian,MVEE vs DeepHull-convex,253,1.804387038936672
50,10000,gaussian,MVEE vs DeepHull-convex,254,1.8653374237860323
50,10000,gaussian,MVEE vs DeepHull-convex,255,1.8941605653076379
50,10000,gaussian,DeepHull-original vs DeepHull-convex,0,1.683188095800765
50,10000,gaussian,DeepHull-original vs DeepHull-convex,1,1.001991268201751
50,10000,gaussian,DeepHull-original vs DeepHull-convex,2,0.6840893886300214
50,10000,gaussian,DeepHull-original vs DeepHull-convex,3,0.5189062015778061
50,10000,gaussian,DeepHull-original vs DeepHull-convex,4,1.3354623118869067
50,10000,gaussian,DeepHull-original vs DeepHull-convex,5,0.8621113809886845
50,10000,gaussian,DeepHull-original vs DeepHull-convex,6,0.1999193868081377
50,10000,gaussian,DeepHull-original vs DeepHull-convex,7,0.46426615950510297
50,10000,gaussian,DeepHull-original vs DeepHull-convex,8,0.4002687900115678
50,10000,gaussian,DeepHull-original vs DeepHull-convex,9,0.26371155322840045
50,10000,gaussian,DeepHull-original vs DeepHull-convex,10,0.06588825663073905
50,10000,gaussian,DeepHull-original vs DeepHull-convex,11,0.19427448416179538
50,10000,gaussian,DeepHull-original vs DeepHull-convex,12,0.26313659873689854
50,10000,gaussian,DeepHull-original vs DeepHull-convex,13,0.35295266327923835
50,10000,gaussian,DeepHull-original vs DeepHull-convex,14,0.7759160005142003
50,10000,gaussian,DeepHull-original vs DeepHull-convex,15,0.24763254820837677
50,10000,gaussian,DeepHull-original vs DeepHull-convex,16,0.37700961328568106
50,10000,gaussian,DeepHull-original vs DeepHull-convex,17,0.3837252235809079
50,10000,gaussian,DeepHull-original vs DeepHull-convex,18,0.1273197858952826
50,10000,gaussian,DeepHull-original vs DeepHull-convex,19,0.7229545632143892
50,10000,gaussian,DeepHull-original vs DeepHull-convex,20,0.2515416728441584
50,10000,gaussian,DeepHull-original vs DeepHull-convex,21,0.05823363082657096
50,10000,gaussian,DeepHull-original vs DeepHull-convex,22,0.05255260978181164
50,10000,gaussian,DeepHull-original vs DeepHull-convex,23,0.6868679337111643
50,10000,gaussian,DeepHull-original vs DeepHull-convex,24,0.7958191184156902
50,10000,gaussian,DeepHull-original vs DeepHull-convex,25,0.28162694419728584
50,10000,gaussian,DeepHull-original vs DeepHull-convex,26,0.10593809942464993
50,10000,gaussian,DeepHull-original vs DeepHull-convex,27,0.5624302829606309
50,10000,gaussian,DeepHull-original vs DeepHull-convex,28,0.6676496830583425
50,10000,gaussian,DeepHull-original vs DeepHull-convex,29,0.02558898625391759
50,10000,gaussian,DeepHull-original vs DeepHull-convex,30,0.1377652684197046
50,10000,gaussian,DeepHull-original vs DeepHull-convex,31,0.680093847723199
50,10000,gaussian,DeepHull-original vs DeepHull-convex,32,0.15152899101512474
50,10000,gaussian,DeepHull-original vs DeepHull-convex,33,0.29863832137210977
50,10000,gaussian,DeepHull-original vs DeepHull-convex,34,0.5754114666257472
50,10000,gaussian,DeepHull-original vs DeepHull-convex,35,0.6913354717082556
50,10000,gaussian,DeepHull-original vs DeepHull-convex,36,0.7595184177841121
50,10000,gaussian,DeepHull-original vs DeepHull-convex,37,0.38230941740642277
50,10000,gaussian,DeepHull-original vs DeepHull-convex,38,0.9517313519044506
50,10000,gaussian,DeepHull-original vs DeepHull-convex,39,0.10048531301548436
50,10000,gaussian,DeepHull-original vs DeepHull-convex,40,1.2084116486928969
50,10000,gaussian,DeepHull-original vs DeepHull-convex,41,0.1292562275854241
50,10000,gaussian,DeepHull-original vs DeepHull-convex,42,0.4160648724866338
50,10000,gaussian,DeepHull-original vs DeepHull-convex,43,0.329353898863215
50,10000,gaussian,DeepHull-original vs DeepHull-convex,44,0.7496405061080176
50,10000,gaussian,DeepHull-original vs DeepHull-convex,45,0.9208312387140782
50,10000,gaussian,DeepHull-original vs DeepHull-convex,46,0.16661587077908946
50,10000,gaussian,DeepHull-original vs DeepHull-convex,47,0.013683879921212005
50,10000,gaussian,DeepHull-original vs DeepHull-convex,48,0.04508253181109456
50,10000,gaussian,DeepHull-original vs DeepHull-convex,49,0.9611049248914569
50,10000,gaussian,DeepHull-original vs DeepHull-convex,50,0.6862179821972925
50,10000,gaussian,DeepHull-original vs DeepHull-convex,51,1.2671440517852701
50,10000,gaussian,DeepHull-original vs DeepHull-convex,52,0.059255659351645784
50,10000,gaussian,DeepHull-original vs DeepHull-convex,53,0.6740725084297818
50,10000,gaussian,DeepHull-original vs DeepHull-convex,54,0.09574705424798724
50,10000,gaussian,DeepHull-original vs DeepHull-convex,55,0.2510381436714
50,10000,gaussian,DeepHull-original vs DeepHull-convex,56,0.3943261911725544
50,10000,gaussian,DeepHull-original vs DeepHull-convex,57,0.3379712179739549
50,10000,gaussian,DeepHull-original vs DeepHull-convex,58,0.07767200146505826
50,10000,gaussian,DeepHull-original vs DeepHull-convex,59,1.1725327884868935
50,10000,gaussian,DeepHull-original vs DeepHull-convex,60,0.365774076986084
50,10000,gaussian,DeepHull-original vs DeepHull-convex,61,0.4193025563032238
50,10000,gaussian,DeepHull-original vs DeepHull-convex,62,0.4145797961368287
50,10000,gaussian,DeepHull-original vs DeepHull-convex,63,0.2055977700677396
50,10000,gaussian,DeepHull-original vs DeepHull-convex,64,0.7744817469050078
50,10000,gaussian,DeepHull-original vs DeepHull-convex,65,0.7084466924815798
50,10000,gaussian,DeepHull-original vs DeepHull-convex,66,0.7528509484339976
50,10000,gaussian,DeepHull-original vs DeepHull-convex,67,0.07040674433941674
50,10000,gaussian,DeepHull-original vs DeepHull-convex,68,0.1696322016862506
50,10000,gaussian,DeepHull-original vs DeepHull-convex,69,1.4475778653672071
50,10000,gaussian,DeepHull-original vs DeepHull-convex,70,0.30992430176714536
50,10000,gaussian,DeepHull-original vs DeepHull-convex,71,0.6559415427630395
50,10000,gaussian,DeepHull-original vs DeepHull-convex,72,0.09714419954938891
50,10000,gaussian,DeepHull-original vs DeepHull-convex,73,0.2813992291084908
50,10000,gaussian,DeepHull-original vs DeepHull-convex,74,0.5588827398563967
50,10000,gaussian,DeepHull-original vs DeepHull-convex,75,0.33353987879187175
50,10000,gaussian,DeepHull-original vs DeepHull-convex,76,0.03780041400751122
50,10000,gaussian,DeepHull-original vs DeepHull-convex,77,0.20881986515684337
50,10000,gaussian,DeepHull-original vs DeepHull-convex,78,0.29649105638390294
50,10000,gaussian,DeepHull-original vs DeepHull-convex,79,0.5641730968910512
50,10000,gaussian,DeepHull-original vs DeepHull-convex,80,0.060574089757091
50,10000,gaussian,DeepHull-original vs DeepHull-convex,81,0.3316381164731308
50,10000,gaussian,DeepHull-original vs DeepHull-convex,82,0.2781630108694697
50,10000,gaussian,DeepHull-original vs DeepHull-convex,83,0.2550303663307716
50,10000,gaussian,DeepHull-original vs DeepHull-convex,84,0.43630160289706943
50,10000,gaussian,DeepHull-original vs DeepHull-convex,85,0.1738579804670779
50,10000,gaussian,DeepHull-original vs DeepHull-convex,86,0.07467322211013405
50,10000,gaussian,DeepHull-original vs DeepHull-convex,87,0.01702089506918658
50,10000,gaussian,DeepHull-original vs DeepHull-convex,88,0.21290819235941982
50,10000,gaussian,DeepHull-original vs DeepHull-convex,89,0.21754937209494396
50,10000,gaussian,DeepHull-original vs DeepHull-convex,90,0.055431000581170675
50,10000,gaussian,DeepHull-original vs DeepHull-convex,91,0.560861377504867
50,10000,gaussian,DeepHull-original vs DeepHull-convex,92,0.1560115806603164
50,10000,gaussian,DeepHull-original vs DeepHull-convex,93,0.3948432164249589
50,10000,gaussian,DeepHull-original vs DeepHull-convex,94,0.260698226450087
50,10000,gaussian,DeepHull-original vs DeepHull-convex,95,0.9308823221752236
50,10000,gaussian,DeepHull-original vs DeepHull-convex,96,0.73922285189986
50,10000,gaussian,DeepHull-original vs DeepHull-convex,97,0.3316891646241966
50,10000,gaussian,DeepHull-original vs DeepHull-convex,98,0.13113540993981032
50,10000,gaussian,DeepHull-original vs DeepHull-convex,99,0.038002588837303675
50,10000,gaussian,DeepHull-original vs DeepHull-convex,100,0.6390649149326175
50,10000,gaussian,DeepHull-original vs DeepHull-convex,101,0.3634457035956773
50,10000,gaussian,DeepHull-original vs DeepHull-convex,102,0.44722816822145783
50,10000,gaussian,DeepHull-original vs DeepHull-convex,103,0.06942801412794863
50,10000,gaussian,DeepHull-original vs DeepHull-convex,104,0.1322285324047463
50,10000,gaussian,DeepHull-original vs DeepHull-convex,105,0.8905354455197181
50,10000,gaussian,DeepHull-original vs DeepHull-convex,106,0.5953003765462561
50,10000,gaussian,DeepHull-original vs DeepHull-convex,107,0.4020157691361905
50,10000,gaussian,DeepHull-original vs DeepHull-convex,108,0.37699853647268844
50,10000,gaussian,DeepHull-original vs DeepHull-convex,109,0.6019096644757991
50,10000,gaussian,DeepHull-original vs DeepHull-convex,110,0.5229761766670065
50,10000,gaussian,DeepHull-original vs DeepHull-convex,111,0.19282757282377694
50,10000,gaussian,DeepHull-original vs DeepHull-convex,112,0.015846667124299385
50,10000,gaussian,DeepHull-original vs DeepHull-convex,113,0.24531315458656344
50,10000,gaussian,DeepHull-original vs DeepHull-convex,114,0.1598294139651668
50,10000,gaussian,DeepHull-original vs DeepHull-convex,115,0.7581960525931422
50,10000,gaussian,DeepHull-original vs DeepHull-convex,116,0.3484047831073769
50,10000,gaussian,DeepHull-original vs DeepHull-convex,117,0.6018413677354872
50,10000,gaussian,DeepHull-original vs DeepHull-convex,118,0.5655206537630175
50,10000,gaussian,DeepHull-original vs DeepHull-convex,119,0.3022684013464383
50,10000,gaussian,DeepHull-original vs DeepHull-convex,120,0.7420050899979367
50,10000,gaussian,DeepHull-original vs DeepHull-convex,121,0.1472181052526662
50,10000,gaussian,DeepHull-original vs DeepHull-convex,122,0.057176395150868364
50,10000,gaussian,DeepHull-original vs DeepHull-convex,123,0.1542450788200177
50,10000,gaussian,DeepHull-original vs DeepHull-convex,124,0.04838644872742748
50,10000,gaussian,DeepHull-original vs DeepHull-convex,125,0.04269689244885555
50,10000,gaussian,DeepHull-original vs DeepHull-convex,126,1.0690261119684001
50,10000,gaussian,DeepHull-original vs DeepHull-convex,127,0.2859622485289546
50,10000,gaussian,DeepHull-original vs DeepHull-convex,128,1.5680439356415672
50,10000,gaussian,DeepHull-original vs DeepHull-convex,129,0.07463318826331289
50,10000,gaussian,DeepHull-original vs DeepHull-convex,130,0.26163752615405755
50,10000,gaussian,DeepHull-original vs DeepHull-convex,131,0.8383928661087428
50,10000,gaussian,DeepHull-original vs DeepHull-convex,132,0.08489674497898592
50,10000,gaussian,DeepHull-original vs DeepHull-convex,133,0.1442547909660239
50,10000,gaussian,DeepHull-original vs DeepHull-convex,134,0.19541553622360408
50,10000,gaussian,DeepHull-original vs DeepHull-convex,135,0.6389894087935686
50,10000,gaussian,DeepHull-original vs DeepHull-convex,136,0.0968109697360362
50,10000,gaussian,DeepHull-original vs DeepHull-convex,137,0.5008997677007978
50,10000,gaussian,DeepHull-original vs DeepHull-convex,138,0.3934908920313125
50,10000,gaussian,DeepHull-original vs DeepHull-convex,139,0.8427539061638816
50,10000,gaussian,DeepHull-original vs DeepHull-convex,140,0.11869311716078612
50,10000,gaussian,DeepHull-original vs DeepHull-convex,141,0.5613466132842524
50,10000,gaussian,DeepHull-original vs DeepHull-convex,142,0.0766326489323621
50,10000,gaussian,DeepHull-original vs DeepHull-convex,143,0.022061238231844138
50,10000,gaussian,DeepHull-original vs DeepHull-convex,144,0.14355392312635518
50,10000,gaussian,DeepHull-original vs DeepHull-convex,145,1.0645587661308595
50,10000,gaussian,DeepHull-original vs DeepHull-convex,146,0.7756276793968944
50,10000,gaussian,DeepHull-original vs DeepHull-convex,147,0.714444577314961
50,10000,gaussian,DeepHull-original vs DeepHull-convex,148,0.013668446769643738
50,10000,gaussian,DeepHull-original vs DeepHull-convex,149,1.3682435774799513
50,10000,gaussian,DeepHull-original vs DeepHull-convex,150,0.25729957922374547
50,10000,gaussian,DeepHull-original vs DeepHull-convex,151,0.5200350740740265
50,10000,gaussian,DeepHull-original vs DeepHull-convex,152,0.48408260669009495
50,10000,gaussian,DeepHull-original vs DeepHull-convex,153,0.37497459044127357
50,10000,gaussian,DeepHull-original vs DeepHull-convex,154,0.21929831083326157
50,10000,gaussian,DeepHull-original vs DeepHull-convex,155,0.5783703064105037
50,10000,gaussian,DeepHull-original vs DeepHull-convex,156,0.9085937281767484
50,10000,gaussian,DeepHull-original vs DeepHull-convex,157,0.02870860864000968
50,10000,gaussian,DeepHull-original vs DeepHull-convex,158,0.9155972873150975
50,10000,gaussian,DeepHull-original vs DeepHull-convex,159,0.3785905128988738
50,10000,gaussian,DeepHull-original vs DeepHull-convex,160,0.22129276208534798
50,10000,gaussian,DeepHull-original vs DeepHull-convex,161,0.3019486660463797
50,10000,gaussian,DeepHull-original vs DeepHull-convex,162,0.8489214304933632
50,10000,gaussian,DeepHull-original vs DeepHull-convex,163,0.6471716904734213
50,10000,gaussian,DeepHull-original vs DeepHull-convex,164,0.03373156089593232
50,10000,gaussian,DeepHull-original vs DeepHull-convex,165,0.023279454609187233
50,10000,gaussian,DeepHull-original vs DeepHull-convex,166,0.16768714972047039
50,10000,gaussian,DeepHull-original vs DeepHull-convex,167,0.23891574668031113
50,10000,gaussian,DeepHull-original vs DeepHull-convex,168,0.1933273947220817
50,10000,gaussian,DeepHull-original vs DeepHull-convex,169,0.5879714384117795
50,10000,gaussian,DeepHull-original vs DeepHull-convex,170,1.2868674763104009
50,10000,gaussian,DeepHull-original vs DeepHull-convex,171,0.2616581287748947
50,10000,gaussian,DeepHull-original vs DeepHull-convex,172,0.058355070404891185
50,10000,gaussian,DeepHull-original vs DeepHull-convex,173,0.12952879897945024
50,10000,gaussian,DeepHull-original vs DeepHull-convex,174,0.47474186498438775
50,10000,gaussian,DeepHull-original vs DeepHull-convex,175,0.1168381293598697
50,10000,gaussian,DeepHull-original vs DeepHull-convex,176,0.02859713503021588
50,10000,gaussian,DeepHull-original vs DeepHull-convex,177,0.029925929277804242
50,10000,gaussian,DeepHull-original vs DeepHull-convex,178,0.31893078303652134
50,10000,gaussian,DeepHull-original vs DeepHull-convex,179,0.259435102982396
50,10000,gaussian,DeepHull-original vs DeepHull-convex,180,0.667105150981167
50,10000,gaussian,DeepHull-original vs DeepHull-convex,181,0.008002392285346716
50,10000,gaussian,DeepHull-original vs DeepHull-convex,182,0.5171303421964475
50,10000,gaussian,DeepHull-original vs DeepHull-convex,183,0.1514214011535837
50,10000,gaussian,DeepHull-original vs DeepHull-convex,184,0.1088102434037046
50,10000,gaussian,DeepHull-original vs DeepHull-convex,185,1.2376114748001614
50,10000,gaussian,DeepHull-original vs DeepHull-convex,186,0.7501966456669404
50,10000,gaussian,DeepHull-original vs DeepHull-convex,187,0.7878013841851633
50,10000,gaussian,DeepHull-original vs DeepHull-convex,188,0.9456827045086582
50,10000,gaussian,DeepHull-original vs DeepHull-convex,189,0.05706364654458351
50,10000,gaussian,DeepHull-original vs DeepHull-convex,190,0.42573288244197016
50,10000,gaussian,DeepHull-original vs DeepHull-convex,191,0.7618999548856806
50,10000,gaussian,DeepHull-original vs DeepHull-convex,192,0.6779779042761169
50,10000,gaussian,DeepHull-original vs DeepHull-convex,193,0.7005108599031784
50,10000,gaussian,DeepHull-original vs DeepHull-convex,194,0.4547474722320781
50,10000,gaussian,DeepHull-original vs DeepHull-convex,195,0.14248037434148397
50,10000,gaussian,DeepHull-original vs DeepHull-convex,196,0.34731688095605673
50,10000,gaussian,DeepHull-original vs DeepHull-convex,197,0.8098669065400428
50,10000,gaussian,DeepHull-original vs DeepHull-convex,198,0.8492838038451223
50,10000,gaussian,DeepHull-original vs DeepHull-convex,199,0.12379662396834479
50,10000,gaussian,DeepHull-original vs DeepHull-convex,200,0.4979178309020018
50,10000,gaussian,DeepHull-original vs DeepHull-convex,201,0.45285836603205953
50,10000,gaussian,DeepHull-original vs DeepHull-convex,202,0.26876687036784985
50,10000,gaussian,DeepHull-original vs DeepHull-convex,203,0.6413338831385365
50,10000,gaussian,DeepHull-original vs DeepHull-convex,204,0.031168479663690407
50,10000,gaussian,DeepHull-original vs DeepHull-convex,205,0.3190103480671378
50,10000,gaussian,DeepHull-original vs DeepHull-convex,206,0.8385447325326767
50,10000,gaussian,DeepHull-original vs DeepHull-convex,207,0.13848308240954532
50,10000,gaussian,DeepHull-original vs DeepHull-convex,208,0.4310568917192654
50,10000,gaussian,DeepHull-original vs DeepHull-convex,209,0.6846067370487889
50,10000,gaussian,DeepHull-original vs DeepHull-convex,210,0.2085304722208079
50,10000,gaussian,DeepHull-original vs DeepHull-convex,211,0.04745279010862036
50,10000,gaussian,DeepHull-original vs DeepHull-convex,212,0.5924414879772737
50,10000,gaussian,DeepHull-original vs DeepHull-convex,213,0.01774583600144264
50,10000,gaussian,DeepHull-original vs DeepHull-convex,214,1.8978409685610085
50,10000,gaussian,DeepHull-original vs DeepHull-convex,215,0.6755953583842638
50,10000,gaussian,DeepHull-original vs DeepHull-convex,216,0.3754837941106919
50,10000,gaussian,DeepHull-original vs DeepHull-convex,217,0.46087628293764515
50,10000,gaussian,DeepHull-original vs DeepHull-convex,218,0.7629085906018191
50,10000,gaussian,DeepHull-original vs DeepHull-convex,219,0.303238123801163
50,10000,gaussian,DeepHull-original vs DeepHull-convex,220,0.23506859714303863
50,10000,gaussian,DeepHull-original vs DeepHull-convex,221,0.7277359728919962
50,10000,gaussian,DeepHull-original vs DeepHull-convex,222,1.1419292496234916
50,10000,gaussian,DeepHull-original vs DeepHull-convex,223,0.4423921090613665
50,10000,gaussian,DeepHull-original vs DeepHull-convex,224,0.1620682932094526
50,10000,gaussian,DeepHull-original vs DeepHull-convex,225,0.6851609649127244
50,10000,gaussian,DeepHull-original vs DeepHull-convex,226,0.13997894619045437
50,10000,gaussian,DeepHull-original vs DeepHull-convex,227,0.92007178587117
50,10000,gaussian,DeepHull-original vs DeepHull-convex,228,0.4737658436214385
50,10000,gaussian,DeepHull-original vs DeepHull-convex,229,0.16059445433912978
50,10000,gaussian,DeepHull-original vs DeepHull-convex,230,1.1725108409167742
50,10000,gaussian,DeepHull-original vs DeepHull-convex,231,0.8006959221465937
50,10000,gaussian,DeepHull-original vs DeepHull-convex,232,0.8851316438419019
50,10000,gaussian,DeepHull-original vs DeepHull-convex,233,0.09771599324049762
50,10000,gaussian,DeepHull-original vs DeepHull-convex,234,0.6472982275033994
50,10000,gaussian,DeepHull-original vs DeepHull-convex,235,0.13945822748536862
50,10000,gaussian,DeepHull-original vs DeepHull-convex,236,0.3389890812174061
50,10000,gaussian,DeepHull-original vs DeepHull-convex,237,1.0054563191979082
50,10000,gaussian,DeepHull-original vs DeepHull-convex,238,0.5750341952244244
50,10000,gaussian,DeepHull-original vs DeepHull-convex,239,0.34711909532832674
50,10000,gaussian,DeepHull-original vs DeepHull-convex,240,0.2511673829354262
50,10000,gaussian,DeepHull-original vs DeepHull-convex,241,0.5225147555133494
50,10000,gaussian,DeepHull-original vs DeepHull-convex,242,0.0042005681280743445
50,10000,gaussian,DeepHull-original vs DeepHull-convex,243,0.7902394895231155
50,10000,gaussian,DeepHull-original vs DeepHull-convex,244,0.21378399114506252
50,10000,gaussian,DeepHull-original vs DeepHull-convex,245,0.3439730107996348
50,10000,gaussian,DeepHull-original vs DeepHull-convex,246,0.11432031728045455
50,10000,gaussian,DeepHull-original vs DeepHull-convex,247,0.26578446484496787
50,10000,gaussian,DeepHull-original vs DeepHull-convex,248,0.021444767468142834
50,10000,gaussian,DeepHull-original vs DeepHull-convex,249,0.4741924531158379
50,10000,gaussian,DeepHull-original vs DeepHull-convex,250,0.2673986224003142
50,10000,gaussian,DeepHull-original vs DeepHull-convex,251,0.28502610904982806
50,10000,gaussian,DeepHull-original vs DeepHull-convex,252,0.16181155943603542
50,10000,gaussian,DeepHull-original vs DeepHull-convex,253,0.1968839374619873
50,10000,gaussian,DeepHull-original vs DeepHull-convex,254,0.6794169130358866
50,10000,gaussian,DeepHull-original vs DeepHull-convex,255,0.6569791001767432
